tree
version=v4
num_class=1
num_tree_per_iteration=1
label_index=0
max_feature_idx=9
objective=regression
feature_names=return_1 return_5 return_20 ma5_ratio ma20_ratio ma60_ratio rsi volume_change volume_ratio volatility_20
feature_infos=[-0.099999999999999978:0.12416998671978741] [-0.26258992805755399:0.43653250773993801] [-0.37689969604863227:1.4634920634920636] [-0.15776499589153659:0.17655210643015518] [-0.30069930069930062:0.54835797314072909] [-0.72703242403177315:0.97383813676486231] [10:94.905213270142227] [-0.87919060324729748:7.3214645559131188] [0.14705528602201096:4.7419478062897307] [0.0095996483200634:0.065261456693697262]
tree_sizes=2776 2889 2911 2908 2909 2876 2907 2889 2882 2899 2918 2911 2916 2886 2917 2884 2897 2905 2919 2900 2886 2903 2885 2897 2918 2900 2911 2900 2905 2911 2903 2910 2921 2907 2912 2926 2932 2917 2918 2894 2919 2908 2910 2900 2915 2935 2920 2904 2900 2931 2926 2929 2907 2914 2942 2928 2923 2941 2931 2931 2936 2923 2912 2937 2914 2902 2950 2967 2956 2930 2926 2931 2944 2927 2932 2914 2950 2946 2944 2929 2959 2972 2938 2960 2936 2956 2922 2969 2921 2954 2959 2973 2978 2940 2913 2952 2955 2956 2947 2950 2968 2962 2929 2948 2946 2940 2964 2945 2922 2940 2954 2942 2947 2951 2947 2977 2944 2942 2914 2970 2938 2963 2946 2925 2977 2916 2938 2969 2978 2942 2954 2937 2943 2953 2985 2942 2952 2980 2975 2959 2953 2955 2967 2955 2982 2965 2946 2976 2964 2958 2970 2930 2953 2974 2965 2953 2969 2944 2932 2925 2932 2990 2955 2981 2965 2954 2932 2912 2969 2957 2966 2947 2934 2961 2962 2966 2948 2941 2945 2947 2947 2941 2987 2987 2934 2975 2938 2971 2977 2938 2938 2953 2937 2977 2945 2938 2978 2957 2941 2944 2973 2962 2933 2966 2960 2955 2967 2940 2961 2987 2966 2965 2975 2970 2963 2968 2977 2953 2971 2947 2964 2982 2939 2948 2953 2949 2964 2964 2952 2964 2937 2975 2979 2962 2955 2967 2988 2979 2968 2975 2963 2944 2938 2976 2951 2970 2947 2955 2944 2985 2970 2939 2978 2951 2955 2983 2966 2959 2970 2950 2987 2990 2947 2992 2984 2931 2937 2964 2951 2983 2939 2945 3001 2960 2970 2935 2987 2967 2956 2969 2945 2978 2959 2954 2953 2956 2967 2950 2950 2969 2956 2952 2988 2936 2935 2973 2984 2981 2952 2987

Tree=0
num_leaves=31
num_cat=0
split_feature=2 5 2 4 8 2 0 6 8 5 5 4 0 0 8 6 5 7 7 7 1 1 2 1 6 5 5 8 7 5
split_gain=1.48111 1.84072 1.09161 0.901938 0.883697 0.690235 0.649651 0.578425 0.437018 0.362671 0.312796 0.665431 0.276404 0.335974 0.232157 0.1865 0.179413 0.157596 0.131595 0.119115 0.118928 0.151225 0.171748 0.154382 0.15045 0.130297 0.109454 0.108458 0.106409 0.105886
threshold=0.46320706300911046 0.16663751850763478 -0.075497864029012804 0.11300410990416355 0.88743202564852008 0.36684808217887105 0.047633954082490167 20.37234042553192 1.2357776046149529 0.24415585682128618 0.23161180170850673 0.092005343396325948 1.0000000180025095e-35 -0.0034306225726727364 0.53265722279329131 61.317311665059925 0.08915297296197934 0.18504765824069017 -0.23442920492003069 0.94470053983661284 0.061065762889426563 0.01077453292218389 0.1538003117264142 -0.035239729506993771 58.258875149581179 0.048823848653154263 -0.022021851189710891 1.0110052652434829 -0.087503728428835678 0.35767842657335708
decision_type=2 2 2 2 2 2 2 2 2 2 2 2 2 2 2 2 2 2 2 2 2 2 2 2 2 2 2 2 2 2
left_child=1 2 7 6 9 10 14 -1 -2 -3 11 -6 13 18 16 -12 -4 -14 -9 -8 21 23 26 -16 27 -26 -23 -22 -13 -17
right_child=8 4 3 -5 5 -7 19 12 -10 -11 15 28 17 -15 20 29 -18 -19 -20 -21 24 22 -24 -25 25 -27 -28 -29 -30 -31
leaf_value=0.084872350406831817 0.085506392874650311 0.075238062516177692 0.077228920786203248 0.083158611180259592 0.07562440170217187 0.081450810890111427 0.082546948478197782 0.07769446608123505 0.079942631977609105 0.072170569297157913 0.077920419661835008 0.081368794362245811 0.077669311808234762 0.083902158891514894 0.077228145037698925 0.075407700067432012 0.075104415574329758 0.080556914469765761 0.080252696597461287 0.07946743276365914 0.078673904639559478 0.078210342263310736 0.078872555283446735 0.078317486604219236 0.076039465732441469 0.078569624621679032 0.076618992796742044 0.081525977027734356 0.078790537357801657 0.073132398556334646
leaf_weight=20 27 97 106 28 75 28 26 22 24 54 22 25 75 21 180 79 54 22 102 20 28 46 44 335 26 62 252 21 34 24
leaf_count=20 27 97 106 28 75 28 26 22 24 54 22 25 75 21 180 79 54 22 102 20 28 46 44 335 26 62 252 21 34 24
internal_value=0.077842 0.0777085 0.0782111 0.077836 0.0759988 0.0769763 0.0777118 0.0799691 0.0828882 0.0741411 0.0764925 0.0774995 0.0795638 0.0803931 0.0775725 0.0754131 0.0765119 0.0783242 0.0797988 0.081208 0.0777432 0.077612 0.077123 0.0779367 0.0785639 0.0778221 0.0768646 0.0798962 0.079883 0.0748775
internal_weight=1979 1928 1490 1228 438 287 1200 262 51 151 259 134 242 145 1154 125 160 97 124 46 994 857 342 515 137 88 298 49 59 103
internal_count=1979 1928 1490 1228 438 287 1200 262 51 151 259 134 242 145 1154 125 160 97 124 46 994 857 342 515 137 88 298 49 59 103
is_linear=0
shrinkage=1


Tree=1
num_leaves=31
num_cat=0
split_feature=5 6 9 9 6 5 3 0 8 8 9 5 8 5 9 6 6 9 5 0 9 6 9 0 6 5 1 0 0 1
split_gain=1.18654 1.64908 1.01982 0.825648 0.79655 0.780291 0.702674 0.549055 0.406116 0.313121 0.247252 0.222489 0.221792 0.195355 0.211833 0.189334 0.359943 0.73096 0.215811 0.363982 0.435837 0.176719 0.674004 0.209154 0.171969 0.153004 0.152467 0.145943 0.247328 0.135674
threshold=1.0000000180025095e-35 87.760212447422859 0.022390275179258172 0.028759439491269873 41.97126087836471 0.16663751850763478 0.043746164607761602 -0.0036504130029309518 0.89044968851846251 0.43209997507328746 0.034704131770372675 0.46917083580633973 1.44834585874216 -0.090392777402251587 0.04852483614004393 75.231814106579222 81.903380017103316 0.041053905502406618 0.21672624709526847 -0.0045396169140220479 0.028998311757234354 60.906697489244202 0.031669268583651412 -0.0036504130029309518 30.061068163366169 0.071752309426285313 0.0041401479641416392 0.042667883727028795 0.031941961650673763 -0.034192930319856089
decision_type=2 2 2 2 2 2 2 2 2 2 2 2 2 2 2 2 2 2 2 2 2 2 2 2 2 2 2 2 2 2
left_child=2 5 -1 4 7 6 9 24 10 25 -7 -12 13 -5 -15 18 17 -17 19 -10 -21 27 -23 -24 -4 -2 -20 28 29 -11
right_child=1 -3 3 12 -6 8 -8 -9 15 21 11 -13 -14 14 -16 16 -18 -19 26 20 -22 22 23 -25 -26 -27 -28 -29 -30 -31
leaf_value=-0.00076568578735371174 -0.00055704024720138736 0.0063004020421067253 0.0059205669044916113 0.0024687519916691456 0.0011118034437637438 -0.0012357148471095695 0.0028597724179514864 0.0087718817549334322 -0.0023583230146820224 -0.001303140074467592 -0.004387172246015216 -0.00099389430050822805 0.0033609219954814761 0.00069312003848225642 -0.00203628000210632 -0.0012045275752206107 -0.0026770249536881845 0.0054358549386262891 -6.9339704578337454e-05 -0.0018004816907923669 0.0040901331549796924 -0.0002087529072273293 0.0061090368669829325 0.001993038209527731 0.002404499530206404 -0.0034339483069233232 -0.0027860960163240268 0.00193668965165588 -0.0034705382958054539 -0.00015528327260651661
leaf_weight=158 28 32 21 39 55 58 67 33 41 120 83 22 30 114 33 37 27 25 23 20 26 219 20 25 31 41 97 22 25 407
leaf_count=158 28 32 21 39 55 58 67 33 41 120 83 22 30 114 33 37 27 25 23 20 26 219 20 25 31 41 97 22 25 407
internal_value=-5.00618e-12 -0.000435114 0.00124016 0.00213039 0.00392495 -0.000585523 -0.000104957 0.00574522 -0.00160529 -0.000323961 -0.00280781 -0.0036762 0.000967257 0.000581182 8.03976e-05 -0.000943089 0.000214036 0.00147305 -0.0014406 -0.000302959 0.001529 -0.000164014 0.00047837 0.00382237 0.00382445 -0.00226651 -0.00226538 -0.000459466 -0.000554965 -0.000416655
internal_weight=1979 1465 514 356 140 1433 974 85 459 907 163 105 216 186 147 296 89 62 207 87 46 838 264 45 52 69 120 574 552 527
internal_count=1979 1465 514 356 140 1433 974 85 459 907 163 105 216 186 147 296 89 62 207 87 46 838 264 45 52 69 120 574 552 527
is_linear=0
shrinkage=0.03


Tree=2
num_leaves=31
num_cat=0
split_feature=2 2 8 6 0 2 8 8 0 0 1 1 8 6 0 7 0 0 3 4 6 1 1 1 7 0 8 4 4 7
split_gain=1.36631 1.48041 0.553632 0.547433 0.413052 0.595686 0.410182 0.374679 0.268885 0.319479 0.205734 0.283674 0.25906 0.187052 0.180403 0.154648 0.140311 0.206797 0.140603 0.132282 0.130899 0.126796 0.117034 0.116001 0.110573 0.104817 0.103038 0.0977451 0.0949671 0.0940536
threshold=0.46320706300911046 -0.075497864029012804 1.4123790956357365 20.37234042553192 0.033002788460638761 0.1554153126733773 1.2357776046149529 0.34170668587241615 1.0000000180025095e-35 -0.0034306225726727364 0.0077312963593871862 -0.05724980224346448 0.79062730035033979 77.42332111240276 -0.030409753539381076 0.18504765824069017 0.044779523204114387 0.017938318324631778 0.026833708765756196 0.027500952192358156 73.732142857142875 -0.05166557391270981 0.0067340830763650281 -0.041963829421199798 0.32251001884485758 -0.0029695636262626608 1.1508644476781105 -0.03714778048204475 -0.11077906633424033 1.0000000180025095e-35
decision_type=2 2 2 2 2 2 2 2 2 2 2 2 2 2 2 2 2 2 2 2 2 2 2 2 2 2 2 2 2 2
left_child=1 3 7 -1 13 -6 -2 -3 9 22 11 27 29 19 -14 -10 17 18 -16 24 -7 -13 28 -23 -4 -21 -18 -9 -5 -12
right_child=6 2 4 8 5 20 -8 10 15 -11 12 21 14 -15 16 -17 26 -19 -20 25 -22 23 -24 -25 -26 -27 -28 -29 -30 -31
leaf_value=0.0067304539672331876 0.0073832191071576542 -0.0038577193330804052 0.0024825546544161624 0.0007562037411012819 0.005246414323359763 -0.0015489242864506585 0.0019929918879643084 -0.00015371188436719504 -0.0002890068525754798 0.0058074724408132689 -0.0013418030150012996 0.0018552335075047962 -0.0029469794490544769 0.0024060657100751994 -0.00045819219810811716 0.0025671941537240687 -0.0002017572257318534 -0.0015766162673726948 0.0012185133580150532 -0.0022376223941267068 0.0016943314642412586 -0.0015465279844855623 -0.00012467009177350479 0.00010495871307082577 -0.00016446164592967501 -0.00018545611528679727 0.0026081930441053014 -0.002074307967139798 0.0028074272831499175 -0.0025723598133802852
leaf_weight=20 27 33 20 28 39 21 24 33 76 21 204 34 26 25 201 22 24 123 58 42 24 42 23 432 49 48 23 86 74 77
leaf_count=20 27 33 20 28 39 21 24 33 76 21 204 34 26 25 201 22 24 123 58 42 24 42 23 432 49 48 23 86 74 77
internal_value=1.87881e-12 -0.000128205 -0.000459324 0.00195885 0.000789585 0.0025327 0.00484664 -0.000699085 0.00156773 0.00238365 -0.000622611 -0.000223281 -0.000962801 -6.18434e-06 -0.000520488 0.000352181 -0.000373427 -0.000563735 -8.27137e-05 -0.000385469 0.000180812 8.55629e-05 0.00180845 -4.13756e-05 0.000602789 -0.00114313 0.00117332 -0.00154171 0.00224435 -0.001679
internal_weight=1979 1928 1664 264 268 84 51 1396 244 146 1363 627 736 184 455 98 429 382 259 159 45 508 125 474 69 90 47 119 102 281
internal_count=1979 1928 1664 264 268 84 51 1396 244 146 1363 627 736 184 455 98 429 382 259 159 45 508 125 474 69 90 47 119 102 281
is_linear=0
shrinkage=0.03


Tree=3
num_leaves=31
num_cat=0
split_feature=2 5 2 3 9 9 6 5 9 6 0 2 5 3 9 5 9 0 2 6 5 9 3 9 0 1 1 1 9 9
split_gain=1.29325 1.96537 1.00466 1.01492 0.779293 1.14138 0.541118 0.530146 0.525572 0.477576 0.372209 0.358919 0.389809 0.318378 0.294498 0.284363 0.25877 0.22999 0.223501 0.218702 0.205073 0.21152 0.198059 0.191883 0.167313 0.156504 0.175307 0.129097 0.127712 0.117139
threshold=0.39941752928167856 0.21964683723221681 -0.075497864029012804 0.052714158919926486 0.03145531123427376 0.021817530039953025 85.20768890852851 -0.0017014098400014996 0.04344103780815909 65.597427652733131 -0.0034306225726727364 0.26005864042055776 0.15795606684376332 0.068931683553526871 0.041053905502406618 -0.090392777402251587 0.046951899307722554 0.039946808510638372 0.18280841056504529 54.452853662329595 0.077497756255573771 0.033050594405784582 -0.0025969196774014431 0.030202882576064547 1.0000000180025095e-35 0.061065762889426563 0.0077312963593871862 -0.035239729506993771 0.03425257119690258 0.031669268583651412
decision_type=2 2 2 2 2 2 2 2 2 2 2 2 2 2 2 2 2 2 2 2 2 2 2 2 2 2 2 2 2 2
left_child=1 2 4 11 5 -1 13 10 14 19 -7 12 17 -2 23 -6 -17 18 24 -10 -5 -22 28 -3 25 26 27 -4 -14 -19
right_child=6 8 3 20 15 7 -8 -9 9 -11 -12 -13 22 -15 -16 16 -18 29 -20 -21 21 -23 -24 -25 -26 -27 -28 -29 -30 -31
leaf_value=-0.00035299304850923364 0.0041897063615033399 -0.00089401342032942917 -0.00044648396562192109 0.0057796258825276578 0.0021405478912804809 0.004900050959144921 0.0081404403978958713 0.0011322958607758794 -0.0051441652011126274 -0.0073562913505094384 0.0093373179953131404 0.0034946142617528412 -0.0011094418819993733 -0.00063537031598389141 0.0015989141166210174 0.00044928973640448276 -0.0030529387814984205 0.00060932570240563807 0.0016359933867998837 -0.001036693396350269 0.00083258862346958585 0.0046619790898902074 -0.00095383812067985796 -0.003330743289975957 -0.00076615848422455918 0.0016797580531008702 -0.00097942753589956707 0.00070256446750275345 -0.0039863852829467965 0.0036384949916973709
leaf_weight=48 32 52 152 21 42 46 20 21 20 35 27 22 21 20 21 49 31 27 54 28 34 21 131 66 464 46 158 209 41 20
leaf_count=48 32 52 152 21 42 46 20 21 20 35 27 22 21 20 21 49 31 27 54 28 34 21 131 66 464 46 158 209 41 20
internal_value=2.7592e-12 -0.000149015 0.000200563 -0.000115181 0.00190008 0.00341088 0.00394683 0.00533285 -0.00280235 -0.00469134 0.00654123 -0.000305765 -0.000368961 0.00233391 -0.00167439 0.000141616 -0.000907824 -0.000156144 -0.000245304 -0.00274814 0.00325765 0.00229472 -0.00161499 -0.00225693 -0.000344031 2.63669e-06 -0.00014601 0.000218755 -0.00301194 0.00189833
internal_weight=1979 1907 1685 1421 264 142 72 94 222 83 73 1345 1323 52 139 122 80 1130 1083 48 76 55 193 118 1029 565 519 361 62 47
internal_count=1979 1907 1685 1421 264 142 72 94 222 83 73 1345 1323 52 139 122 80 1130 1083 48 76 55 193 118 1029 565 519 361 62 47
is_linear=0
shrinkage=0.03


Tree=4
num_leaves=31
num_cat=0
split_feature=2 5 2 3 8 2 6 8 5 5 0 2 0 0 2 8 0 6 8 5 2 0 5 7 7 8 5 2 2 5
split_gain=1.2286 1.52853 0.859771 0.830702 0.760581 0.595369 0.495644 0.376997 0.332448 0.271643 0.374249 0.273373 0.239601 0.285654 0.239162 0.252929 0.222627 0.175172 0.157112 0.258443 0.135217 0.134196 0.13258 0.123598 0.122948 0.0958826 0.0948765 0.142946 0.094058 0.212956
threshold=0.46320706300911046 0.16663751850763478 -0.075497864029012804 0.052714158919926486 0.88743202564852008 0.36684808217887105 20.37234042553192 1.2357776046149529 0.24415585682128618 0.23161180170850673 -0.0092413593653862241 0.18576446773041203 1.0000000180025095e-35 -0.0034306225726727364 0.18280841056504529 0.64778573886135737 0.039946808510638372 61.317311665059925 0.5800432010685278 0.08915297296197934 -0.099244311106079439 1.0000000180025095e-35 0.077497756255573771 -0.30330274636429888 -0.23442920492003069 0.67043111211777728 0.35767842657335708 0.23087374581939804 0.029326316727891547 0.078545041502471893
decision_type=2 2 2 2 2 2 2 2 2 2 2 2 2 2 2 2 2 2 2 2 2 2 2 2 2 2 2 2 2 2
left_child=1 2 6 14 8 9 -1 -2 -3 10 -6 -12 13 24 16 -16 18 -11 19 -4 -14 23 -5 -20 -8 -10 27 -19 29 -23
right_child=7 4 3 22 5 -7 12 -9 25 17 11 -13 20 -15 15 -17 -18 26 21 -21 -22 28 -24 -25 -26 -27 -28 -29 -30 -31
leaf_value=0.0064354432651307428 0.0070277196893261534 -0.0023527608459008877 -0.00042657294623657234 0.0056062371203941955 -0.0024058201932348308 0.0033829354811626086 -0.0002884835898029533 0.0018601334095001221 -0.0069378922479227181 0.0002020338126881556 -0.00043385666307448496 0.0030443367918699302 -0.00049315514867423005 0.0055291553400456904 -0.00048336338971487495 0.0030263330612797291 0.0017515784280097231 -0.0035706823018967714 0.0011833698322698183 -0.0028507231709331139 0.0018253462718954931 -0.00064199571491890394 0.0024762888809922953 -7.8753298036737254e-05 0.002184273949550355 -0.0043201099793591042 -0.004398912084725452 -0.0010165862493762157 -0.00025555470445522523 -0.0035807415560287024
leaf_weight=20 27 97 135 21 48 28 22 24 20 22 53 33 61 21 33 42 47 38 84 56 36 107 29 414 102 34 24 41 232 28
leaf_count=20 27 97 135 21 48 28 22 24 20 22 53 33 61 21 33 42 47 38 84 56 36 107 29 414 102 34 24 41 232 28
internal_value=2.08407e-12 -0.000121572 0.00033641 3.54308e-06 -0.00167955 -0.000772765 0.00189657 0.00459591 -0.00340304 -0.00122203 -0.000283662 0.000900799 0.00152145 0.00229353 -0.000157209 0.00148207 -0.000268674 -0.00222796 -0.000358591 -0.00113732 0.00036732 -0.00018664 0.00379087 0.000134135 0.00174556 -0.00528966 -0.00274699 -0.00224514 -0.000621916 -0.00125151
internal_weight=1979 1928 1490 1228 438 287 262 51 151 259 134 86 242 145 1178 75 1103 125 1056 191 97 865 50 498 124 54 103 79 367 135
internal_count=1979 1928 1490 1228 438 287 262 51 151 259 134 86 242 145 1178 75 1103 125 1056 191 97 865 50 498 124 54 103 79 367 135
is_linear=0
shrinkage=0.03


Tree=5
num_leaves=31
num_cat=0
split_feature=5 6 9 9 6 5 4 9 0 9 3 4 8 9 9 8 8 5 9 9 8 9 6 0 5 5 8 5 4 7
split_gain=0.983834 1.42042 0.915849 0.721735 0.677314 0.675706 1.08446 0.545215 0.490481 0.397682 0.387639 0.293809 0.637917 0.346207 0.430175 0.438332 0.18853 0.164893 0.18852 0.154844 0.203908 0.18445 0.143912 0.142799 0.130981 0.141143 0.485139 0.129364 0.108242 0.11962
threshold=1.0000000180025095e-35 87.760212447422859 0.022390275179258172 0.028759439491269873 41.97126087836471 0.21964683723221681 0.11300410990416355 0.035613520529957518 -0.0036504130029309518 0.040462546360846639 0.046975020041680089 0.15484795994745651 1.6234995665323932 0.05642859914360368 0.037838152202313187 0.90294832502276401 1.44834585874216 -0.08347207411958639 0.04852483614004393 0.021352957021287425 1.4557578916441498 0.025062074103278358 30.061068163366169 0.039946808510638372 0.16663751850763478 0.12973940340054205 0.67512991006227818 0.1011204211053507 0.03032492431953349 -0.31845096430127651
decision_type=2 2 2 2 2 2 2 2 2 2 2 2 2 2 2 2 2 2 2 2 2 2 2 2 2 2 2 2 2 2
left_child=2 5 -1 4 8 6 7 10 22 -8 19 13 23 14 -7 -16 17 -5 28 -2 -21 -22 -4 -13 25 27 -27 -9 29 -19
right_child=1 -3 3 16 -6 11 9 24 -10 -11 -12 12 -14 -15 15 -17 -18 18 -20 20 21 -23 -24 -25 -26 26 -28 -29 -30 -31
leaf_value=-0.00077158411013920447 -0.00082172941820061454 0.0058549339664750732 0.0054313333266015566 0.0021341324146752329 0.0010566710093143311 -0.0017439940342834841 0.001833466934816291 -0.0012883640286989165 0.0081899132141420097 0.0069531215528364889 0.0023924734269462106 -0.00017452430710281162 -0.0050945745767759423 0.0010099648497998714 -0.0074527737888274714 -0.0025608417884830166 0.0030923076939652671 0.0031451365461107341 -0.0019543577696789394 -0.00012772069627186281 0.00019293974163820562 0.0041322085876017807 0.0022148575228188305 0.0026297451741993426 -0.0030029939387791922 -0.0023183263762621207 0.0036378287533298135 -0.0034978711859069088 -0.0012462848974180154 0.00050133028581960878
leaf_weight=158 284 32 21 44 55 90 36 86 33 22 53 44 21 21 32 34 30 20 33 500 23 20 31 26 56 32 20 33 22 67
leaf_count=158 284 32 21 44 55 90 36 86 33 22 53 44 21 21 32 34 30 20 33 500 23 20 31 26 56 32 20 33 22 67
internal_value=-3.04274e-12 -0.000396207 0.00112927 0.0019729 0.00365073 -0.0005358 -0.000223349 -0.000432859 0.00532924 0.0037754 -9.47143e-05 -0.00189403 -0.000508701 -0.00260626 -0.00309306 -0.00493269 0.000885421 0.000529471 3.2252e-05 -0.000254111 4.27651e-05 0.00202516 0.00351382 0.000867062 -0.00174373 -0.00133134 -2.74975e-05 -0.00190108 0.000633703 0.0011091
internal_weight=1979 1465 514 356 140 1433 1165 1107 85 58 880 268 91 177 156 66 216 186 142 827 543 43 52 70 227 171 52 119 109 87
internal_count=1979 1465 514 356 140 1433 1165 1107 85 58 880 268 91 177 156 66 216 186 142 827 543 43 52 70 227 171 52 119 109 87
is_linear=0
shrinkage=0.03


Tree=6
num_leaves=31
num_cat=0
split_feature=2 5 2 4 9 9 9 0 5 6 9 4 1 5 5 6 5 4 9 9 6 9 1 1 1 1 2 5 5 2
split_gain=1.13315 1.38255 0.767351 0.727066 0.697231 0.654684 1.03013 0.495686 0.489137 0.484315 0.467835 0.370885 0.456124 0.34657 0.237946 0.22788 0.226752 0.607712 0.225512 0.196045 0.162451 0.154626 0.148815 0.138205 0.142367 0.18222 0.148444 0.108813 0.108086 0.109767
threshold=0.46320706300911046 0.16663751850763478 -0.075497864029012804 0.11300410990416355 0.045202141561819807 0.03145531123427376 0.021647122449957559 0.059892770834106941 -0.0017014098400014996 77.42332111240276 0.037171394571774936 -0.059946264521100349 -0.061554350305395737 0.64120099783527407 -0.11193975241119357 70.93807555355464 0.22837135710603776 0.092005343396325948 0.030202882576064547 0.050083738565685078 71.394050991501416 0.047489943291374452 0.01879922798290146 0.061065762889426563 0.0077312963593871862 -0.034192930319856089 0.18280841056504529 -0.068255932218158663 0.049944855632939829 0.0025135271954721543
decision_type=2 2 2 2 2 2 2 2 2 2 2 2 2 2 2 2 2 2 2 2 2 2 2 2 2 2 2 2 2 2
left_child=1 2 5 7 9 6 -1 23 11 16 -11 12 -8 -2 -7 19 17 -3 -18 -6 -19 -16 -21 24 25 28 27 -26 29 -4
right_child=13 4 3 -5 15 14 8 -9 -10 10 -12 -13 -14 -15 21 -17 18 20 -20 22 -22 -23 -24 -25 26 -27 -28 -29 -30 -31
leaf_value=-0.00058016158659787221 0.0065677642822265627 -0.0020712123495060949 -0.00055882194788025045 0.0047831606512357076 -0.0042267107131316308 0.0022432351877713307 0.0071803783399518577 0.0039116807882156636 0.0011962763871997595 -0.00052040433824162311 0.0045142358161795598 0.0094980839905994281 0.0014932584068314595 0.0015744174187156288 0.00037471965467557311 -0.0060410644773107305 -0.00047514658361192671 0.0039449276986785907 -0.0035554979325008941 0.00047376267146319149 0.00041025219719158484 -0.0022251596567886213 -0.0029683252646086305 0.00065073529640212653 0.0010765871592878324 0.00036332229128131619 0.0011178928150662353 -0.0010521297681041473 -0.0013317391877121314 0.0017255023587495089
leaf_weight=45 29 100 78 28 47 35 30 27 24 46 26 21 22 22 50 26 31 22 69 20 25 35 26 150 23 385 35 358 119 25
leaf_count=45 29 100 78 28 47 35 30 27 24 46 26 21 22 22 50 26 31 22 69 20 25 35 26 150 23 385 35 358 119 25
internal_value=-1.62347e-12 -0.000116754 0.000318809 4.34123e-06 -0.00159847 0.00179273 0.00317131 -0.000107165 0.00491168 -0.00086741 0.00129766 0.00613319 0.00477429 0.00441377 0.000161405 -0.00355819 -0.00149852 -0.00074882 -0.00260059 -0.00286405 0.00206478 -0.000695819 -0.00147177 -0.00019967 -0.000324363 -3.13813e-05 -0.000751862 -0.000923625 -0.00071589 -4.3743e-06
internal_weight=1979 1928 1490 1228 438 262 142 1200 97 319 72 73 52 51 120 119 247 147 100 93 47 85 46 1173 1023 607 416 381 222 103
internal_count=1979 1928 1490 1228 438 262 142 1200 97 319 72 73 52 51 120 119 247 147 100 93 47 85 46 1173 1023 607 416 381 222 103
is_linear=0
shrinkage=0.03


Tree=7
num_leaves=31
num_cat=0
split_feature=2 5 2 3 8 9 9 9 2 8 8 3 5 5 1 5 2 2 8 9 8 5 9 7 9 8 6 9 9 2
split_gain=1.06618 1.30084 0.722 0.722097 0.663796 0.615992 0.969245 0.526212 0.524546 0.481098 0.346327 0.282221 0.264512 0.231016 0.292101 0.223883 0.221361 0.215516 0.224813 0.27491 0.171093 0.293038 0.252779 0.189497 0.170173 0.198505 0.165438 0.207819 0.145488 0.14187
threshold=0.46320706300911046 0.16663751850763478 -0.075497864029012804 0.052714158919926486 0.88743202564852008 0.03145531123427376 0.021647122449957559 0.034704131770372675 0.36684808217887105 0.67043111211777728 1.2357776046149529 -0.0081293489312638783 0.24415585682128618 0.23161180170850673 0.11896587088546641 -0.11193975241119357 0.20634325926891253 0.18280841056504529 0.64778573886135737 0.027175250218554152 0.61810926855491666 0.08915297296197934 0.021171684276227776 -0.17873457479687074 0.032259504054516309 0.87017082753187924 61.660401002506269 0.030202882576064547 0.047489943291374452 0.062241368592847353
decision_type=2 2 2 2 2 2 2 2 2 2 2 2 2 2 2 2 2 2 2 2 2 2 2 2 2 2 2 2 2 2
left_child=1 2 5 17 7 6 -1 -3 13 -8 -2 -11 -9 14 16 -7 -6 20 -19 -20 21 -4 -22 24 -24 -26 -15 -28 -17 -23
right_child=10 4 3 -5 8 15 9 12 -10 11 -12 -13 -14 26 -16 28 -18 18 19 -21 22 29 23 -25 25 -27 27 -29 -30 -31
leaf_value=-0.00056275673276589557 0.0066121496529214906 -0.0009491453721396175 -0.00029130924622143578 0.0035352909854322202 -0.0016185638447196275 0.0021759381377570598 0.0012729755935903925 -0.003229429393282367 0.0031973198516893064 0.0048584102814750035 0.0016592181986197828 0.0090632069036364546 -0.0064964281645064296 0.00013005534270778298 0.0030843232087790964 0.00036347806993871924 0.0014168355556742832 -0.00044251188805157485 0.0005521975175096568 0.0054119601873680945 -0.00074875705634617248 -0.0042142816593072245 0.000561820417001775 -1.6638228981716965e-05 0.0010751034632059079 0.0049883206437807527 -2.3309750461273572e-05 -0.0033247640320601367 -0.0021584048755466934 -0.0014944420907025534
leaf_weight=45 27 59 184 50 85 35 26 54 28 51 24 20 38 25 20 50 29 33 22 20 298 28 109 391 28 20 22 78 35 45
leaf_count=45 27 59 184 50 85 35 26 54 28 51 24 20 38 25 20 50 29 33 22 20 298 28 109 391 28 20 22 78 35 45
internal_value=-3.2176e-12 -0.000113252 0.000309245 4.211e-06 -0.00155051 0.00173895 0.00307617 -0.00316062 -0.000703384 0.00476433 0.00428136 0.00604286 -0.00457884 -0.00112508 -0.000259726 0.000156563 -0.000846401 -0.000145665 0.00141046 0.00286637 -0.000251476 -0.00092938 -4.55407e-05 0.000336865 0.00121725 0.00270561 -0.00205274 -0.00259844 -0.000674944 -0.00253767
internal_weight=1979 1928 1490 1228 438 262 142 151 287 97 51 71 92 259 134 120 114 1178 75 42 1103 257 846 548 157 48 125 100 85 73
internal_count=1979 1928 1490 1228 438 262 142 151 287 97 51 71 92 259 134 120 114 1178 75 42 1103 257 846 548 157 48 125 100 85 73
is_linear=0
shrinkage=0.03


Tree=8
num_leaves=31
num_cat=0
split_feature=2 5 2 4 9 9 9 5 0 4 9 4 1 8 8 5 4 5 1 9 9 8 9 8 9 5 5 4 9 2
split_gain=1.00317 1.22396 0.67933 0.65592 0.630131 0.579587 0.911963 0.454144 0.449407 0.431006 1.00171 0.346344 0.427422 0.32586 0.233435 0.302778 0.230548 0.212837 0.191666 0.18677 0.185609 0.18312 0.162462 0.260974 0.369425 0.161774 0.14281 0.223051 0.558953 0.1955
threshold=0.46320706300911046 0.16663751850763478 -0.075497864029012804 0.11300410990416355 0.045202141561819807 0.03145531123427376 0.021647122449957559 -0.0017014098400014996 0.059892770834106941 0.13685680025460237 0.040628441186054708 -0.059946264521100349 -0.061554350305395737 1.2357776046149529 0.89324000695139483 0.24910553859858955 0.11635392334398499 -0.093899873760542193 0.12345933488290951 0.047489943291374452 0.031669268583651412 0.43209997507328746 0.021171684276227776 1.4123790956357365 0.031158277567789692 0.081623698471484554 0.1011204211053507 0.015947824395366132 0.027645910497391662 0.068085243368529516
decision_type=2 2 2 2 2 2 2 2 2 2 2 2 2 2 2 2 2 2 2 2 2 2 2 2 2 2 2 2 2 2
left_child=1 2 5 8 9 6 -1 11 21 20 18 12 -8 -2 15 -6 -16 -7 -11 -19 -3 25 -23 26 -25 -4 -24 -28 29 -29
right_child=13 4 3 -5 14 17 7 -9 -10 10 -12 -13 -14 -15 16 -17 -18 19 -20 -21 -22 22 23 24 -26 -27 27 28 -30 -31
leaf_value=-0.00054587401255654794 0.0064137850381020042 -0.00076386593859163374 -0.00041321218490007923 0.0045430745507058284 -0.0026785175576806066 0.0019056508220482344 0.0068143904418684542 0.001041363151744008 0.0037248137008605731 0.00052156083966390439 0.0054296730738133186 0.0090500668516116482 0.0013091084513474594 0.001609441707842052 -0.00053834437082211179 -0.0070575533000131448 -0.0042456610576034745 0.0003525737521704286 -0.0029976099925115704 -0.0026736700102879571 -0.0024815490340439543 -0.0006458297564283722 0.00024527808722909496 0.00035857092456786807 0.004450319835811789 -0.0031918856785209341 -0.001999264050054511 -0.0039456105824293838 0.0025235886000754201 -0.00063410772471209325
leaf_weight=45 27 136 44 28 30 41 30 24 27 26 30 21 22 24 36 27 26 50 30 29 97 331 457 63 29 33 76 21 51 68
leaf_count=45 27 136 44 28 30 41 30 24 27 26 30 21 22 24 36 27 26 50 30 29 97 331 457 63 29 33 76 21 51 68
internal_value=1.46321e-12 -0.000109854 0.000299968 4.08467e-06 -0.001504 0.00168678 0.00298389 0.0046214 -0.000101825 -0.000809008 0.00100608 0.0057984 0.00448523 0.00415292 -0.00336703 -0.0047528 -0.00209303 0.000151866 -0.00136371 -0.000758326 -0.00147895 -0.000189906 -9.05534e-05 0.000149703 0.00164836 -0.00160407 -5.51651e-05 -0.000690825 1.94705e-05 -0.00141547
internal_weight=1979 1928 1490 1228 438 262 142 97 1200 319 86 73 52 51 119 57 62 120 56 79 233 1173 1096 765 92 77 673 216 140 89
internal_count=1979 1928 1490 1228 438 262 142 97 1200 319 86 73 52 51 119 57 62 120 56 79 233 1173 1096 765 92 77 673 216 140 89
is_linear=0
shrinkage=0.03


Tree=9
num_leaves=31
num_cat=0
split_feature=2 5 2 4 3 6 6 8 8 5 2 2 0 5 0 0 5 2 3 6 8 2 5 4 8 0 6 2 5 4
split_gain=0.952723 1.43286 0.700547 0.789423 0.520776 0.47266 0.470146 0.437683 0.310725 0.307036 0.300242 0.282354 0.214266 0.21168 0.203908 0.339809 0.141673 0.235872 0.132108 0.125105 0.121353 0.200659 0.114957 0.109053 0.248422 0.106006 0.098156 0.0771712 0.14569 0.119771
threshold=0.39941752928167856 0.21964683723221681 -0.069312288251256446 0.11300410990416355 0.046975020041680089 85.20768890852851 20.37234042553192 1.274688445443279 0.74168101614244242 0.15795606684376332 0.23853723769733595 0.16740420319904717 0.047633954082490167 0.043325891221522979 1.0000000180025095e-35 -0.003796867679271509 0.4134632143734473 0.30993088929091889 -0.0025969196774014431 61.660401002506269 0.43209997507328746 0.18280841056504529 0.081623698471484554 0.088648225247545911 1.5468157765870336 1.0000000180025095e-35 39.607776116214502 0.023384599451090064 0.078545041502471893 1.0000000180025095e-35
decision_type=2 2 2 2 2 2 2 2 2 2 2 2 2 2 2 2 2 2 2 2 2 2 2 2 2 2 2 2 2 2
left_child=1 2 6 4 9 7 -1 -2 -3 12 11 -5 20 14 15 -8 17 19 -11 -10 22 25 -4 24 -6 -22 -16 28 -27 -29
right_child=5 8 3 10 23 -7 13 -9 16 18 -12 -13 -14 -15 26 -17 -18 -19 -20 -21 21 -23 -24 -25 -26 27 -28 29 -30 -31
leaf_value=0.0059571088075172154 0.004056043057134957 -0.0049031128012575207 -0.00051131361537764587 0.004290466050384566 0.0006600391554688527 0.0073069594816770403 0.0015722248536391217 -0.0016013032235205173 -0.00028859134796740753 -0.0026507160448957057 0.0061039651158664903 -0.00063465324569154859 0.0028668039059266447 -0.0012315606104274248 -0.00031918355385910291 0.0056203953647822012 -0.0037068017385900021 0.0010327591490931808 -0.00095422625897845128 -0.0025623845781689051 1.4013152842401832e-05 0.0017982348360502244 -0.0030089129947332869 0.00048394183437763295 0.0049546191933202656 -0.00067251929382952614 0.00173236206137517 -0.0024389144469221884 -0.0028911922079757511 -0.00012966427541792348
leaf_weight=20 32 37 43 20 22 20 123 20 28 63 21 22 20 29 61 22 32 27 120 98 519 44 27 22 27 123 32 22 34 249
leaf_count=20 32 37 43 20 22 20 123 20 28 63 21 22 20 29 61 22 32 27 120 98 519 44 27 22 27 123 32 22 34 249
internal_value=6.26313e-12 -0.000127901 0.000170585 -0.000106573 -0.000261437 0.00338759 0.00152064 0.00188014 -0.00239344 -0.000401868 0.00317508 0.00171064 -0.00020949 0.00118832 0.00148318 0.00218643 -0.0018915 -0.00151183 -0.00153826 -0.0020571 -0.000267479 -0.000182208 -0.00147467 0.00223862 0.00302644 -0.000274224 0.000386725 -0.000623745 -0.001153 -0.000317131
internal_weight=1979 1907 1685 1398 1335 72 287 52 222 1264 63 42 1081 267 238 145 185 153 183 126 1061 991 70 71 49 947 93 428 157 271
internal_count=1979 1907 1685 1398 1335 72 287 52 222 1264 63 42 1081 267 238 145 185 153 183 126 1061 991 70 71 49 947 93 428 157 271
is_linear=0
shrinkage=0.03


Tree=10
num_leaves=31
num_cat=0
split_feature=6 5 9 8 9 6 9 1 8 5 9 9 8 6 1 9 9 1 5 0 9 8 0 1 1 6 9 5 1 5
split_gain=0.830093 0.975952 0.751545 0.493183 0.928987 0.420594 0.689614 0.341294 0.276457 0.238139 0.211621 0.203916 0.190196 0.189115 0.179301 0.163514 0.216073 0.149344 0.145736 0.260618 0.434325 0.245844 0.221345 0.138513 0.144641 0.143996 0.274044 0.137125 0.129277 0.128657
threshold=87.760212447422859 0.16663751850763478 0.028344313438426562 0.95969115122099635 0.02225381168347414 32.619484302513762 0.030202882576064547 0.10505093378607812 0.89044968851846251 0.0059211799615296332 0.01890822417105582 0.034704131770372675 0.43209997507328746 43.953168044077145 -0.052922718070592449 0.028998311757234354 0.046321695696809155 -0.023352810239287699 0.21964683723221681 -0.0092413593653862241 0.028998311757234354 1.6234995665323932 0.043705426356589146 0.0077312963593871862 0.069267913850507137 53.675658477831064 0.030202882576064547 0.054667405588031966 0.036405878017786615 0.46917083580633973
decision_type=2 2 2 2 2 2 2 2 2 2 2 2 2 2 2 2 2 2 2 2 2 2 2 2 2 2 2 2 2 2
left_child=1 3 -2 9 27 6 -6 15 11 10 -1 -3 -11 17 -14 -7 -17 -12 19 -10 -21 22 -20 25 -25 -16 -27 28 -5 -13
right_child=2 8 -4 4 5 7 -8 -9 18 12 13 29 14 -15 23 16 -18 -19 21 20 -22 -23 -24 24 -26 26 -28 -29 -30 -31
leaf_value=-0.0011478920102697507 -3.6362807324621829e-05 -0.00086331592384496984 0.0079988424319096581 -0.00079565878742655243 0.0071033609349449925 0.00033514045351018594 0.00076226504680154651 0.0040436049140631578 -0.0018791756721643303 -0.0020295873034576126 0.0027015129894448014 -0.0036202833437394481 -0.0020074708463952819 0.00011545697394567095 -0.00020701565101069022 0.0024048731029581495 -0.00093679932794267582 0.00062593972141621631 -0.0014090316258360196 -0.0010623182742213093 0.0035696337364081823 -0.0034575885691604498 0.0012499132908047423 -0.00099618873497092858 0.00094737834696258802 0.00043792782770216707 0.0044262220580130809 7.679371079906229e-05 -0.0032828254904597996 -0.001039916740608698
leaf_weight=58 20 58 22 68 33 140 29 39 39 66 65 83 51 146 141 102 21 60 109 38 35 37 38 192 42 69 20 110 26 22
leaf_count=58 20 58 22 68 33 140 29 39 39 66 65 83 51 146 141 102 21 60 109 38 35 37 38 192 42 69 20 110 26 22
internal_value=-1.68667e-12 -9.04736e-05 0.00417255 0.000284793 0.000978433 0.00188671 0.00413736 0.00142465 -0.00129885 -0.000148161 0.000496759 -0.00229101 -0.000513356 0.000848751 -0.000319043 0.00103629 0.00183434 0.00170524 -0.000752491 0.000100725 0.00115848 -0.00127184 -0.000721685 -0.000133461 -0.000647343 0.000389358 0.00133417 -0.000642211 -0.0014836 -0.00307964
internal_weight=1979 1937 42 1478 568 364 62 302 459 910 329 163 581 271 515 263 123 125 296 112 73 184 147 464 234 230 89 204 94 105
internal_count=1979 1937 42 1478 568 364 62 302 459 910 329 163 581 271 515 263 123 125 296 112 73 184 147 464 234 230 89 204 94 105
is_linear=0
shrinkage=0.03


Tree=11
num_leaves=31
num_cat=0
split_feature=6 5 9 5 1 3 9 9 9 6 8 8 9 9 9 9 9 8 5 5 3 5 5 6 9 5 5 0 9 8
split_gain=0.781035 0.918273 0.707128 0.474094 0.534606 0.512032 0.469287 0.363195 0.609794 0.295233 0.260119 0.218044 0.234316 0.310468 0.348446 0.360275 0.306315 0.433641 0.429692 0.210974 0.201756 0.200639 0.209732 0.257831 0.191865 0.169253 0.137123 0.245215 0.408656 0.231315
threshold=87.760212447422859 0.16663751850763478 0.028344313438426562 -0.077985740794959665 -0.070569800569800598 0.035755294824749935 0.045594873608079088 0.025655247779451738 0.030784065261534582 28.766409029566933 0.89044968851846251 0.43209997507328746 0.021171684276227776 0.047898669812329743 0.040628441186054708 0.034387850599823577 0.031158277567789692 1.1010904919994602 0.074408905101410419 0.096674333285887162 -0.0085783431439196405 -0.057946840175061402 -0.028935352251604648 42.434710871638877 0.034704131770372675 0.071752309426285313 0.21964683723221681 -0.0092413593653862241 0.028998311757234354 1.6234995665323932
decision_type=2 2 2 2 2 2 2 2 2 2 2 2 2 2 2 2 2 2 2 2 2 2 2 2 2 2 2 2 2 2
left_child=1 3 -2 4 9 11 7 -7 -9 -1 24 25 -13 14 15 16 18 19 21 -18 -16 -14 23 -23 -3 -5 27 -12 -29 -28
right_child=2 10 -4 5 -6 6 -8 8 -10 -11 26 12 13 -15 20 -17 17 -19 -20 -21 -22 22 -24 -25 -26 -27 29 28 -30 -31
leaf_value=0.0074411078933626414 -3.5271917295176532e-05 -0.00083741644584043912 0.0077588768371126869 -0.00029151516126306806 0.0007715971755062448 0.00027432184827585636 -0.0023684161116834732 0.0080386894941329948 0.0020804834853893573 0.0022864027961622922 -0.0018228004041772623 -0.00069187830794936939 -0.0017335120301045801 -0.0016253248565564198 0.0012214041666852103 -0.0014019903643344787 -0.00033798657973030844 0.0055500035047531121 -0.00083206410430648249 0.0034056351520121097 0.0051421081633972266 0.0043165745234865745 0.00076301833430341087 0.00037278083972632886 -0.002987246074106744 -0.0029423260838701954 -0.00070003477542759723 -0.0010304487217830396 0.0034625447397785528 -0.0033538608701987743
leaf_weight=20 20 58 22 46 102 39 20 22 52 20 39 304 23 70 27 97 42 25 192 20 21 37 233 25 105 41 147 38 35 37
leaf_count=20 20 58 22 46 102 39 20 22 52 20 39 304 23 70 27 97 42 25 192 20 21 37 233 25 105 41 147 38 35 37
internal_value=-6.76885e-12 -8.77594e-05 0.00404738 0.000276249 0.00192432 0.00010108 0.00186742 0.00261712 0.00385184 0.00486376 -0.00125988 -9.42006e-05 1.85678e-05 0.000284548 0.000464724 0.000293751 0.000569274 0.00221457 0.000288606 0.000869633 0.00293671 0.000965237 0.00117565 0.00272634 -0.00222228 -0.00154075 -0.000729916 9.77036e-05 0.00112373 -0.00123368
internal_weight=1979 1937 42 1478 142 1336 133 113 74 40 459 1203 1116 812 742 694 597 87 510 62 48 318 295 62 163 87 296 112 73 184
internal_count=1979 1937 42 1478 142 1336 133 113 74 40 459 1203 1116 812 742 694 597 87 510 62 48 318 295 62 163 87 296 112 73 184
is_linear=0
shrinkage=0.03


Tree=12
num_leaves=31
num_cat=0
split_feature=2 5 2 4 3 6 2 5 2 5 2 1 0 0 5 4 0 6 7 0 5 3 4 2 5 4 2 5 2 1
split_gain=0.886438 1.00353 0.605581 0.697743 0.447009 0.421693 0.344953 0.328263 0.299556 0.257974 0.254831 0.247836 0.193381 0.181666 0.12725 0.119167 0.105635 0.10293 0.122978 0.137134 0.131298 0.130945 0.102645 0.0960576 0.167816 0.0938039 0.0892044 0.081392 0.115392 0.0766366
threshold=0.46320706300911046 0.21964683723221681 -0.069312288251256446 0.11300410990416355 0.046975020041680089 20.37234042553192 0.36684808217887105 0.64120099783527407 0.23853723769733595 0.15795606684376332 0.16740420319904717 0.049820754013618969 0.039946808510638372 0.0042283487091467906 0.4134632143734473 0.083208357513535849 1.0000000180025095e-35 26.847469967236986 -0.23442920492003069 -0.022595711546348315 -0.080236502535498508 -0.0093401809608203417 0.088648225247545911 0.029326316727891547 0.078545041502471893 1.0000000180025095e-35 0.30993088929091889 -0.08347207411958639 -0.08946872599846388 0.01077453292218389
decision_type=2 2 2 2 2 2 2 2 2 2 2 2 2 2 2 2 2 2 2 2 2 2 2 2 2 2 2 2 2 2
left_child=1 2 5 4 9 -1 14 -2 10 12 -5 13 16 17 26 -11 -4 -7 -19 20 -20 -21 -6 24 -18 -25 -3 -15 -29 -27
right_child=7 6 3 8 22 11 -8 -9 -10 15 -12 -13 -14 27 -16 -17 23 18 19 21 -22 -23 -24 25 -26 29 -28 28 -30 -31
leaf_value=0.0056135135614313178 0.0060001589987298534 -0.0022653295742317199 -1.4256372898882532e-06 0.0039722756620030842 0.0028339258704942706 -0.00049971008779142387 0.00094577625277452164 0.0011404900321080771 0.0059097159068499288 -0.0018232777671908008 -0.00070664279840209265 0.0043091870723292233 0.001901765054238862 0.0013470795792527497 -0.0039504894794820736 2.908930240664631e-05 -0.0006885475173937798 0.00024209645561457268 0.0029088027452817185 0.0045455157949078461 -0.00027375894116370803 0.001658585791547711 0.00036725927800448102 -0.0018596324063837528 -0.002952093738933547 0.00065173980241011386 -0.0001793695450760424 -0.0017469664503421101 0.0010216633630916476 -0.00044421838784898174
leaf_weight=20 29 152 569 20 49 22 33 22 21 143 22 20 38 20 37 40 145 38 20 31 28 26 22 30 37 85 21 42 20 177
leaf_count=20 29 152 569 20 49 22 33 22 21 143 22 20 38 20 37 40 145 38 20 31 28 26 22 30 37 85 21 42 20 177
internal_value=8.22378e-13 -0.000103265 0.000156652 -0.000101036 -0.000246631 0.00141187 -0.00190557 0.00390383 0.00298418 -0.000376736 0.00152141 0.00109714 -0.000200397 0.000837058 -0.00235364 -0.00141839 -0.000276985 0.00141061 0.00170451 0.00223376 0.00105231 0.00322867 0.00206961 -0.000607773 -0.00114872 -0.000270609 -0.00201212 -0.000317046 -0.00085386 -8.86594e-05
internal_weight=1979 1928 1685 1398 1335 287 243 51 63 1264 42 267 1081 247 210 183 1043 165 143 105 48 57 71 474 182 292 173 82 62 262
internal_count=1979 1928 1685 1398 1335 287 243 51 63 1264 42 267 1081 247 210 183 1043 165 143 105 48 57 71 474 182 292 173 82 62 262
is_linear=0
shrinkage=0.03


Tree=13
num_leaves=31
num_cat=0
split_feature=6 5 4 4 5 9 9 3 6 9 3 8 9 4 5 8 7 8 6 6 9 5 9 3 8 9 6 8 5 9
split_gain=0.724991 0.826528 0.799504 0.488849 0.485815 0.691977 0.565398 0.449188 0.441802 0.248957 0.282236 0.241616 0.185405 0.228093 0.138322 0.413075 0.130877 0.141772 0.129679 0.386086 0.11959 0.152679 0.147692 0.150676 0.14005 0.117036 0.297485 0.126594 0.123138 0.112899
threshold=87.760212447422859 0.16663751850763478 0.16388638673622016 0.11300410990416355 -0.0076511548679516475 0.022390275179258172 0.028759439491269873 0.017267009416923943 28.159416299559471 0.035613520529957518 0.052714158919926486 0.89044968851846251 0.034704131770372675 0.14250170761421979 0.12973940340054205 0.67512991006227818 -0.23442920492003069 1.1677901483951307 81.903380017103316 77.42332111240276 0.04852483614004393 -0.077985740794959665 0.032712336000452376 -0.017582121318495122 0.88257305080487536 0.03057491931743107 57.183731861843462 1.1076029651732502 0.10567509117407793 0.050083738565685078
decision_type=2 2 2 2 2 2 2 2 2 2 2 2 2 2 2 2 2 2 2 2 2 2 2 2 2 2 2 2 2 2
left_child=1 3 -2 4 5 -1 7 8 -7 10 25 12 -3 29 -11 -16 -10 -18 19 -13 22 -22 23 -8 -24 -6 27 -27 -28 -14
right_child=2 11 -4 -5 9 6 20 -9 16 14 -12 18 13 -15 15 -17 17 -19 -20 -21 21 -23 24 -25 -26 26 28 -29 -30 -31
leaf_value=-0.00080055342826785311 -4.7023987717693673e-05 -0.00076276824141226316 0.0082405988294631249 0.0042604567838215087 -0.00023031880178327519 0.0060372553411172699 0.001595184408361092 0.0074273098718840623 -0.00027435178331171089 -0.0017103102181930667 0.0029997286900678385 -0.00091918137609126396 -0.0043529165159478514 -7.9608661056097056e-05 -0.0019934123719576747 0.0035025984621606765 0.0035781082557514309 0.00058305796645581717 -0.0026678160350355833 0.0025011348067217865 0.0013203034620813054 -0.0019527240907211368 0.00085515408206503002 -0.0017011908159698717 0.0032643585102946067 -0.0010867883339524269 0.0013116577751934528 0.0015736115012656559 0.0043069026911897309 -0.0020198196826303112
leaf_weight=135 22 58 20 27 654 25 24 20 26 130 28 235 56 21 32 20 33 25 27 34 23 29 49 26 39 60 30 22 21 28
leaf_count=135 22 58 20 27 654 25 24 20 26 130 28 235 56 21 32 20 33 25 27 34 23 29 49 26 39 60 30 22 21 28
internal_value=4.45436e-12 -8.45521e-05 0.00389946 0.000260794 0.000186369 0.000999841 0.00176176 0.00329456 0.00253626 -0.000184059 3.99641e-05 -0.00119658 -0.00212411 -0.0028761 -0.00118724 0.000120438 0.0014943 0.00228714 -0.000685811 -0.000486874 0.000721074 -0.000505039 0.00118309 -0.000118931 0.00192287 -6.53388e-05 0.000745916 -0.000373023 0.00254499 -0.00357522
internal_weight=1979 1937 42 1478 1451 454 319 129 109 997 815 459 163 105 182 52 84 58 296 269 190 52 138 50 88 787 133 82 51 84
internal_count=1979 1937 42 1478 1451 454 319 129 109 997 815 459 163 105 182 52 84 58 296 269 190 52 138 50 88 787 133 82 51 84
is_linear=0
shrinkage=0.03


Tree=14
num_leaves=31
num_cat=0
split_feature=2 5 4 2 3 8 2 5 8 1 1 5 5 5 4 2 0 0 8 5 4 5 5 8 5 3 3 1 7 1
split_gain=0.812811 0.920546 0.558832 0.62167 0.463896 0.414624 0.358892 0.312155 0.276494 0.250497 0.396269 0.380508 0.245566 0.211199 0.164224 0.1519 0.152826 0.170129 0.145405 0.138323 0.12227 0.112404 0.110498 0.106372 0.161473 0.0973673 0.0802446 0.0786934 0.165857 0.0815131
threshold=0.46320706300911046 0.21964683723221681 0.13685680025460237 -0.069312288251256446 0.052714158919926486 0.88743202564852008 0.36684808217887105 0.64120099783527407 0.72164339749312767 -0.10152449255941552 -0.063537939260482609 -0.049064428871964154 0.077497756255573771 0.16663751850763478 -0.028696426597962007 0.18280841056504529 0.035208944281524886 0.031941961650673763 0.64778573886135737 0.045277673542060699 0.086420500557880767 0.34462793802808361 -0.093899873760542193 0.56403322818522172 0.090506980941380558 0.030794033035557281 0.016869772471205472 0.01077453292218389 -0.32051732641816466 0.080284213040363053
decision_type=2 2 2 2 2 2 2 2 2 2 2 2 2 2 2 2 2 2 2 2 2 2 2 2 2 2 2 2 2 2
left_child=1 2 3 8 13 21 -7 -2 19 22 -11 -12 -6 15 -13 16 17 23 -17 -1 -15 26 -10 24 -5 -18 -3 -25 -29 -30
right_child=7 5 -4 4 12 6 -8 -9 9 10 11 14 -14 20 -16 18 25 -19 -20 -21 -22 -23 -24 27 -26 -27 -28 28 29 -31
leaf_value=0.00066361749521456654 0.0057824410138459037 -0.0017467185745015739 0.00407671577995643 -0.00040169262553404892 0.0051349803573684768 -0.0016160832264722558 0.0021530205971147451 0.0010434978732585228 0.0015927463783217328 0.005622893245745217 -4.0297015460536758e-05 0.0021052741789226903 0.0010089994927968929 -0.0018791726888220354 0.0054997907137579244 -0.00033477927325293417 0.0021975540253333747 -0.0030860853244084863 0.0023405574345336543 -0.0020945970243774355 -3.9712277971177728e-05 -0.0055218001666732805 -0.0014847994136757082 0.0001250719168404657 -0.002471288114270948 -0.00018567001938612923 -0.0041503847504965954 0.00088433505297443309 -0.00093720299686538054 0.00045281800198030065
leaf_weight=90 29 25 32 122 20 144 27 22 21 32 51 29 37 111 23 33 36 20 41 20 46 22 21 437 47 27 25 68 277 44
leaf_count=90 29 25 32 122 20 144 27 22 21 32 51 29 37 111 23 33 36 20 41 20 46 22 21 437 47 27 25 68 277 44
internal_value=-1.64233e-13 -9.88837e-05 0.000150056 7.40405e-05 -0.000192633 -0.00182507 -0.00102096 0.00373819 0.0013433 0.00207736 0.00270686 0.0018009 0.00245671 -0.000307998 0.00360669 -0.000167322 -0.000257579 -0.00034657 0.0011475 0.000162124 -0.00134022 -0.00373482 5.39735e-05 -0.000291505 -0.000977261 0.00117617 -0.00294855 -0.000151199 -0.000461559 -0.000746671
internal_weight=1979 1928 1685 1653 1366 243 171 51 287 177 135 103 57 1309 52 1152 1078 1015 74 110 157 72 42 995 169 63 50 826 389 321
internal_count=1979 1928 1685 1653 1366 243 171 51 287 177 135 103 57 1309 52 1152 1078 1015 74 110 157 72 42 995 169 63 50 826 389 321
is_linear=0
shrinkage=0.03


Tree=15
num_leaves=31
num_cat=0
split_feature=2 9 2 6 9 9 3 1 2 9 6 3 6 4 9 9 9 2 1 3 2 3 9 4 6 1 2 1 9 9
split_gain=0.76774 0.815715 0.919481 0.482009 0.477794 0.696808 0.475855 0.417616 0.373036 0.481941 0.363348 0.27349 0.266216 0.235596 0.178637 0.254152 0.342248 0.292796 0.189388 0.152668 0.152146 0.140387 0.12794 0.126666 0.114484 0.112974 0.112155 0.150852 0.127703 0.104587
threshold=0.39941752928167856 0.0447716414121564 -0.073593668236525397 70.93807555355464 0.021565422173822162 0.027645910497391662 0.052714158919926486 -0.0050980338011742945 0.1554153126733773 0.038578895811532989 85.20768890852851 0.068931683553526871 29.512796452687173 0.14619139057580324 0.043252421195420263 0.03425257119690258 0.032712336000452376 0.049198203318109986 0.01077453292218389 -0.038663700695965413 0.14872371356503214 0.005777248102525113 0.053802702165019096 -0.061792614810943829 72.549917856691536 0.019317631094310398 0.039485797370519722 0.024570288263209953 0.039878017894946986 0.017627386851773497
decision_type=2 2 2 2 2 2 2 2 2 2 2 2 2 2 2 2 2 2 2 2 2 2 2 2 2 2 2 2 2 2
left_child=1 2 4 20 -1 7 14 12 -8 13 11 -2 -6 -10 15 16 18 -18 -4 -7 21 23 25 -3 29 -22 28 -28 -17 -20
right_child=10 3 6 -5 5 19 8 -9 9 -11 -12 -13 -14 -15 -16 26 17 -19 24 -21 22 -23 -24 -25 -26 -27 27 -29 -30 -31
leaf_value=-0.00081665365218544712 0.0034393039519636658 -0.0017513436029548755 0.00013063301178938415 -0.0053016364208326259 0.0062815532020758834 0.002947833310905844 0.0039369319523630533 0.0085314681823365386 0.00052490366234754526 0.0042570644596125933 0.0064773837744724 -0.0010327139496803283 0.0019855999810671487 -0.0037710258699953552 0.0024469029424445967 -0.00116064891749856 0.004745506407185034 0.00053758416588053752 -0.0018450045452277916 0.00020618039251798216 -0.0044101009352339642 -0.001698725599475872 -0.00029642664954404938 0.00079369598195295436 7.7861373564858631e-05 -0.0017934425547719002 -0.002852847958076216 -0.00080872758273471841 0.0016678131585940719 -0.0006811503230288187
leaf_weight=44 32 24 486 29 20 25 43 20 27 20 20 20 37 20 21 51 22 46 89 68 27 67 22 66 133 33 66 64 20 317
leaf_count=44 32 24 486 29 20 25 43 20 27 20 20 20 37 20 21 51 22 46 89 68 27 67 22 66 133 33 66 64 20 317
internal_value=-1.9296e-12 -0.000114814 0.000136081 -0.00164921 0.00196968 0.00269085 -0.00013928 0.00480166 0.00175619 0.000356614 0.00304099 0.0017193 0.00349295 -0.00130315 -0.000297837 -0.00034238 -0.000162083 0.00189897 -0.000298816 0.000943184 -0.00120603 -0.000659 -0.00225339 0.000115019 -0.000686038 -0.00297094 -0.0013228 -0.00184651 -0.000363899 -0.000936281
internal_weight=1979 1907 1639 268 214 170 1425 77 110 67 72 52 57 47 1315 1294 1093 68 1025 93 239 157 82 90 539 60 201 130 71 406
internal_count=1979 1907 1639 268 214 170 1425 77 110 67 72 52 57 47 1315 1294 1093 68 1025 93 239 157 82 90 539 60 201 130 71 406
is_linear=0
shrinkage=0.03


Tree=16
num_leaves=31
num_cat=0
split_feature=2 5 4 2 9 9 3 8 8 9 3 2 5 5 5 5 2 2 8 9 9 8 8 9 4 8 4 5 2 9
split_gain=0.73144 0.853906 0.525093 0.549414 0.41669 0.778899 0.408433 0.382322 0.372468 0.355048 0.350544 0.318506 0.29356 0.2325 0.193061 0.165853 0.222191 0.14494 0.132885 0.16158 0.118545 0.113403 0.102938 0.201801 0.144036 0.233992 0.202904 0.106129 0.129649 0.190531
threshold=0.46320706300911046 0.21964683723221681 0.13685680025460237 -0.069312288251256446 0.03207229321133117 0.022493690326704525 0.052714158919926486 0.88743202564852008 0.67043111211777728 0.036370160250888892 -0.025704517375839005 0.36684808217887105 0.64120099783527407 0.077497756255573771 0.16663751850763478 -0.093899873760542193 -0.08946872599846388 0.18280841056504529 0.64778573886135737 0.025853438825319233 0.03425257119690258 0.76439480615657318 0.81272988961931736 0.025751445073890943 0.015947824395366132 1.3226219475169645 0.060386806493545449 0.071752309426285313 0.028737979004551443 0.034529509676496574
decision_type=2 2 2 2 2 2 2 2 2 2 2 2 2 2 2 2 2 2 2 2 2 2 2 2 2 2 2 2 2 2
left_child=1 2 3 4 5 -1 14 9 -7 -3 -10 -9 -2 -8 17 -6 -17 22 -19 -20 -16 -11 27 -24 25 -25 -26 -5 29 -29
right_child=12 7 -4 6 15 8 13 11 10 21 -12 -13 -14 -15 20 16 -18 18 19 -21 -22 -23 23 24 26 -27 -28 28 -30 -31
leaf_value=-0.00043109444757259338 0.0055285676144834215 -0.00078803799392727133 0.0039522359089460219 -0.00020369752175368678 0.001532402079901658 0.00089394652500881687 0.0049135438743542178 -0.001544822830474004 0.0029782760311634492 -0.0064804295934020317 0.0070835233526304357 0.0020058830335943235 0.00093294248302382501 0.00089883354923536848 -0.00061646258582186424 -0.0017513735058954077 0.0017654196448116139 -0.000284857405137948 0.00043478073020066529 0.004202533747156849 -0.0023077314196643037 -0.003475661708274856 -0.00035570638681704173 -0.00086706693770120964 0.0028493180278350008 0.0025205236881505697 -7.2628585239207109e-05 -0.00425728043820709 -0.00066398341462070879 -0.00042927782494437203
leaf_weight=61 29 26 32 315 40 28 20 144 39 26 36 27 22 37 96 61 22 33 21 20 61 20 379 69 55 25 35 25 153 22
leaf_count=61 29 26 32 315 40 28 20 144 39 26 36 27 22 37 96 61 22 33 21 20 61 20 379 69 55 25 35 25 153 22
internal_value=-2.43691e-12 -9.38035e-05 0.000145956 7.22712e-05 0.00126549 0.00225545 -0.000178426 -0.00175633 0.00384651 -0.00359019 0.00494879 -0.000984185 0.00354614 0.0023075 -0.000286676 -5.44591e-05 -0.000819211 -0.000152176 0.00113217 0.00227271 -0.00127358 -0.00517401 -0.000240341 4.00413e-05 0.000855195 3.3888e-05 0.00171301 -0.000546855 -0.00108733 -0.00246545
internal_weight=1979 1928 1685 1653 287 164 1366 243 103 72 75 171 51 57 1309 123 83 1152 74 41 157 46 1078 563 184 94 90 515 200 47
internal_count=1979 1928 1685 1653 287 164 1366 243 103 72 75 171 51 57 1309 123 83 1152 74 41 157 46 1078 563 184 94 90 515 200 47
is_linear=0
shrinkage=0.03


Tree=17
num_leaves=31
num_cat=0
split_feature=2 2 6 8 8 0 1 0 2 7 2 1 1 2 7 1 7 0 7 8 2 2 0 2 8 0 0 0 7 0
split_gain=0.688212 0.639307 0.371298 0.296061 0.272714 0.26074 0.227519 0.220989 0.215012 0.195105 0.1851 0.153888 0.239874 0.147607 0.136644 0.136427 0.204453 0.134189 0.119444 0.116502 0.116394 0.1309 0.110314 0.0932045 0.0878733 0.0924591 0.0832042 0.0880615 0.101109 0.0935128
threshold=0.46320706300911046 -0.075497864029012804 20.37234042553192 0.81272988961931736 1.2357776046149529 0.034174964438122298 0.049820754013618969 0.026782054742482412 0.14141414141414135 -0.23442920492003069 0.048058577405857734 0.0041401479641416392 -0.05724980224346448 0.11543940962203715 -0.16376037961890874 0.085790132475023109 0.81659753513877953 0.0033955955263460518 0.78148138868363604 0.44216220511433002 0.29532921249583372 0.066370888739727532 -0.0092413593653862241 0.060221825799285263 0.88743202564852008 -0.0068083118809409973 -0.042745947714907577 0.018227405904890585 0.29914466921751531 0.01118573830877634
decision_type=2 2 2 2 2 2 2 2 2 2 2 2 2 2 2 2 2 2 2 2 2 2 2 2 2 2 2 2 2 2
left_child=1 2 -1 7 -2 20 9 11 23 -4 -7 12 13 -3 -12 16 -16 22 -17 -14 21 24 -11 -9 25 -5 -23 28 29 -28
right_child=4 3 6 5 -6 10 -8 8 -10 17 14 -13 19 -15 15 18 -18 -19 -20 -21 -22 26 -24 -25 -26 -27 27 -29 -30 -31
leaf_value=0.0052102267916779967 0.0055080587292710937 -0.00087428774358952379 -0.00071524131917612979 -8.7324384972453119e-05 0.00111291719134897 0.0028859305138198227 0.00402421095315367 -0.0025484598707407715 -0.0050394892743788654 0.0013053491225566011 0.0027291524744677271 -0.001122013691601751 -0.0012276756940517834 -0.0039514353212434794 -0.00024087802708350323 0.00027443243786027383 0.0033144207955410816 -0.0001024910618372737 -0.0024406023675575851 0.0004712905885217202 0.0013915324089332267 -0.0023712215980049222 0.0035635578095912931 0.00022451136633753774 -6.7678833639136371e-05 0.002402243830006698 -0.00021662783350790091 -0.0013564645276030363 -0.001193500016728649 0.0015268343238329346
leaf_weight=20 27 47 64 25 24 39 20 24 20 88 22 288 43 20 37 35 24 47 25 234 39 24 25 20 292 29 172 92 80 33
leaf_count=20 27 47 64 25 24 39 20 24 20 88 22 288 43 20 37 35 24 47 25 234 39 24 25 20 292 29 172 92 80 33
internal_value=-5.5783e-13 -9.09894e-05 0.00128051 -0.000308584 0.00343976 3.07307e-05 0.000958407 -0.000780504 -0.00246035 0.000684675 0.00105394 -0.000610393 -0.000182059 -0.00179284 0.000554301 0.000158873 0.00115793 0.00124464 -0.000856832 0.000207552 -0.000206195 -0.00028961 0.00180495 -0.00128802 0.000137918 0.00124967 -0.0006585 -0.000549467 -0.000288963 6.40271e-05
internal_weight=1979 1928 264 1664 51 968 244 696 64 224 182 632 344 67 143 121 61 160 60 277 786 747 113 44 346 54 401 377 285 205
internal_count=1979 1928 264 1664 51 968 244 696 64 224 182 632 344 67 143 121 61 160 60 277 786 747 113 44 346 54 401 377 285 205
is_linear=0
shrinkage=0.03


Tree=18
num_leaves=31
num_cat=0
split_feature=2 5 4 2 9 9 3 8 1 0 8 9 2 5 5 5 5 2 2 0 0 8 9 4 8 3 8 5 9 5
split_gain=0.647538 0.791975 0.495072 0.484812 0.387775 0.731057 0.375749 0.350755 0.420406 0.590572 0.34838 0.329719 0.292395 0.275366 0.216753 0.175239 0.155382 0.206599 0.140376 0.129056 0.155376 0.122054 0.150993 0.112166 0.102501 0.0930695 0.0923956 0.144988 0.0900572 0.107626
threshold=0.46320706300911046 0.21964683723221681 0.13685680025460237 -0.069312288251256446 0.03207229321133117 0.022493690326704525 0.052714158919926486 0.68479030231897287 -0.081913508589486247 -0.0034306225726727364 0.88743202564852008 0.036370160250888892 0.36684808217887105 0.64120099783527407 0.077497756255573771 0.16663751850763478 -0.093899873760542193 -0.08946872599846388 0.18280841056504529 0.035208944281524886 0.031941961650673763 0.64778573886135737 0.025853438825319233 0.086420500557880767 0.76439480615657318 0.030794033035557281 0.56403322818522172 0.090506980941380558 0.021647122449957559 0.063416478983690863
decision_type=2 2 2 2 2 2 2 2 2 2 2 2 2 2 2 2 2 2 2 2 2 2 2 2 2 2 2 2 2 2
left_child=1 2 3 4 5 -1 15 -7 -9 -10 11 -3 -12 -2 -8 18 -6 -18 19 20 26 -20 -23 -17 -13 -21 27 -5 29 -28
right_child=13 10 -4 6 16 7 14 8 9 -11 12 24 -14 -15 -16 23 17 -19 21 25 -22 22 -24 -25 -26 -27 28 -29 -30 -31
leaf_value=-0.00045576591888198353 0.0052565758431266096 -0.00073957960175063747 0.003838512218208052 -0.00034973177891038551 0.0014545907196588813 0.00095748283457942299 0.0047362237541237846 0.0012281695783271322 0.0037299203511793164 0.010301492497790605 -0.0014894557756633729 -0.0062082445965363419 0.0019125972276863952 0.00080563957464288582 0.00085985535892620178 -0.0017246805554935456 -0.0017204396628400646 0.0016707205586135388 -0.0002341767781498757 0.0020892727743679037 -0.0029266789499670263 0.00044023989566734859 0.0040824715375201775 3.7134607707190777e-05 -0.0033515547662973399 -0.00024076050845906139 -0.001088782326791965 -0.0023108403896417544 0.00011567629145147451 3.4687589447314257e-05
leaf_weight=61 29 26 32 122 40 30 20 21 32 20 144 26 27 22 37 111 61 22 33 36 20 21 20 46 20 27 155 47 519 152
leaf_count=61 29 26 32 122 40 30 20 21 32 20 144 26 27 22 37 111 61 22 33 36 20 21 20 46 20 27 155 47 519 152
internal_value=3.31808e-12 -8.82597e-05 0.000142642 7.10943e-05 0.00119197 0.00214696 -0.000164404 0.00368838 0.00481067 0.00625745 -0.00168937 -0.00343992 -0.00095229 0.00333656 0.00221998 -0.000268231 -8.13605e-05 -0.000821578 -0.00014009 -0.000226855 -0.000308634 0.00112387 0.00221694 -0.00120848 -0.00496621 0.00109069 -0.00025601 -0.000895129 -0.000125245 -0.000532537
internal_weight=1979 1928 1685 1653 287 164 1366 103 73 52 243 72 171 51 57 1309 123 83 1152 1078 1015 74 41 157 46 63 995 169 826 307
internal_count=1979 1928 1685 1653 287 164 1366 103 73 52 243 72 171 51 57 1309 123 83 1152 1078 1015 74 41 157 46 63 995 169 826 307
is_linear=0
shrinkage=0.03


Tree=19
num_leaves=31
num_cat=0
split_feature=2 5 4 5 5 6 3 8 3 6 8 8 5 2 1 1 2 6 5 2 3 4 4 2 8 5 6 6 1 1
split_gain=0.612376 0.933344 0.465813 0.457707 0.402878 0.334841 0.25026 0.214824 0.187984 0.408029 0.170625 0.163523 0.16362 0.16562 0.14404 0.198043 0.130099 0.122682 0.121508 0.351911 0.113038 0.112709 0.11114 0.110575 0.115492 0.104888 0.0968705 0.0943785 0.0852616 0.227373
threshold=0.39941752928167856 0.21964683723221681 0.13685680025460237 -0.0076511548679516475 0.48243215995500294 22.494331065759635 0.043746164607761602 0.74168101614244242 0.027130760046709782 44.811723823629954 1.1448669320877309 0.43209997507328746 0.16663751850763478 0.18280841056504529 0.01077453292218389 -0.035239729506993771 -0.1074556475224334 69.957627118644083 0.3862613256526744 0.30993088929091889 0.010388759118177273 0.090800040468693846 0.042884788866760289 -0.043894500169694921 1.057271743843359 0.071752309426285313 58.804698423245711 60.013368983957228 -0.032463866305329707 -0.079207633531088381
decision_type=2 2 2 2 2 2 2 2 2 2 2 2 2 2 2 2 2 2 2 2 2 2 2 2 2 2 2 2 2 2
left_child=1 2 3 5 -2 -1 11 -3 16 -10 -6 25 13 14 15 -13 28 27 19 -9 -15 -14 -16 -17 -25 -5 -24 -8 29 -7
right_child=4 7 -4 6 10 8 17 18 9 -11 -12 12 21 20 22 23 -18 -19 -20 -21 -22 -23 26 24 -26 -27 -28 -29 -30 -31
leaf_value=0.0042451777621172367 0.0054485241644453772 -0.0040177739357475086 0.0037233568966621531 -0.00037778206523131195 0.0026352120242486505 0.00062168708862422189 0.00079701126145664597 -0.0017366868999435551 0.0051606945868581536 0.00011195350150742075 -0.0011535521149635315 -0.00074308281396515661 -0.0016209660696635104 0.0026876918840852957 -0.0010748327032602876 0.0021024537919775437 0.00010616375924032115 -0.0007290037099155597 -0.0030012590452455556 0.0023804162480783732 -0.00020513247046619653 0.00044381570396944878 0.0018221352935176003 3.3302963130657551e-05 0.0015194275029400575 -0.0025556508368754292 -0.0003328600884935895 0.0030835704555184666 0.00024666305354519469 0.0044200938352910073
leaf_weight=25 29 37 32 34 23 37 32 124 25 34 20 150 115 31 221 38 283 20 39 22 20 30 22 206 61 48 128 33 37 23
leaf_count=25 29 37 32 34 23 37 32 124 25 34 20 150 115 31 221 38 283 20 39 22 20 30 22 206 61 48 128 33 37 23
internal_value=2.53795e-12 -0.000102541 0.000138362 6.89615e-05 0.00271592 0.000868079 -0.000242889 -0.00193102 0.000675761 0.00225125 0.000872996 -0.000363657 -0.000260236 -0.000105889 -0.00020833 0.000149398 0.000431146 0.00132567 -0.00151367 -0.0011163 0.00155325 -0.00119377 -0.000647054 0.000588324 0.00037283 -0.00165263 -1.67941e-05 0.00195788 0.00137929 0.00207774
internal_weight=1979 1907 1685 1653 72 464 1189 222 439 59 43 1104 1022 877 826 455 380 85 185 146 51 145 371 305 267 82 150 65 97 60
internal_count=1979 1907 1685 1653 72 464 1189 222 439 59 43 1104 1022 877 826 455 380 85 185 146 51 145 371 305 267 82 150 65 97 60
is_linear=0
shrinkage=0.03


Tree=20
num_leaves=31
num_cat=0
split_feature=2 5 4 5 6 8 2 5 3 3 6 8 5 2 2 6 7 3 4 6 5 2 4 7 5 5 0 0 6 3
split_gain=0.585286 0.706734 0.438283 0.430657 0.315052 0.315035 0.254041 0.25028 0.23547 0.176874 0.383914 0.153859 0.15395 0.155832 0.12241 0.115431 0.119846 0.106357 0.106047 0.101123 0.103969 0.120631 0.102607 0.101019 0.0986894 0.0954867 0.0935806 0.102307 0.0786518 0.0705196
threshold=0.46320706300911046 0.21964683723221681 0.13685680025460237 -0.0076511548679516475 22.494331065759635 0.88743202564852008 0.36684808217887105 0.64120099783527407 0.043746164607761602 0.027130760046709782 44.811723823629954 0.43209997507328746 0.16663751850763478 0.18280841056504529 -0.1074556475224334 69.957627118644083 0.98471158500994593 0.010388759118177273 0.090800040468693846 61.317311665059925 0.35767842657335708 0.21429962044504949 0.1586284293646161 0.10598768200052013 0.071752309426285313 0.34462793802808361 0.039946808510638372 0.031941961650673763 27.554571338184129 0.016869772471205472
decision_type=2 2 2 2 2 2 2 2 2 2 2 2 2 2 2 2 2 2 2 2 2 2 2 2 2 2 2 2 2 2
left_child=1 2 3 4 -1 25 19 -2 11 14 -11 24 13 26 28 16 23 -15 -14 -7 21 -21 -23 -10 -5 29 27 -13 -6 -3
right_child=7 5 -4 8 9 6 -8 -9 15 10 -12 12 18 17 -16 -17 -18 -19 -20 20 -22 22 -24 -25 -26 -27 -28 -29 -30 -31
leaf_value=0.0041178223702590918 0.0050025942150888772 -0.0014097281027818098 0.0036116561433300375 -0.00036644862675423018 -0.00019438117904507595 0.00038148208521306511 0.0017749050844253764 0.00075924546604338419 0.0012612247327342628 0.005005873789452016 0.00010859491502153961 -0.00019849063438392821 -0.0015723370626143625 0.0026070611138317374 0.00010297884457076607 -0.00070713357866043216 9.8204266025938769e-05 -0.00019897849916014821 0.00043050123285502196 -0.0024423190384016682 -0.0035178002493921664 -0.001530834177309381 0.0011734419166231933 0.0041764926801071221 -0.0024789813338429666 -0.0049080991490998054 0.0013632416875440289 -0.0019566296668903482 0.0018141641730688059 -0.003663039933890104
leaf_weight=25 29 25 32 34 23 24 27 22 20 25 34 762 115 31 283 20 22 20 30 45 24 28 23 23 48 22 33 31 74 25
leaf_count=25 29 25 32 34 23 24 27 22 20 25 34 762 115 31 283 20 22 20 30 45 24 28 23 23 48 22 33 31 74 25
internal_value=3.84172e-12 -8.39101e-05 0.000134212 6.68926e-05 0.000842037 -0.0015964 -0.000895484 0.00317213 -0.000235603 0.000655489 0.00218371 -0.000352747 -0.000252429 -0.000102713 0.000418212 0.0012859 0.00189914 0.00150665 -0.00115796 -0.00139618 -0.00175171 -0.00131019 -0.000311259 0.00282055 -0.00160305 -0.00326107 -0.00020208 -0.00026722 0.00133791 -0.00253638
internal_weight=1979 1928 1685 1653 464 243 171 51 1189 439 59 1104 1022 877 380 85 65 51 145 144 120 96 51 43 82 72 826 793 97 50
internal_count=1979 1928 1685 1653 464 243 171 51 1189 439 59 1104 1022 877 380 85 65 51 145 144 120 96 51 43 82 72 826 793 97 50
is_linear=0
shrinkage=0.03


Tree=21
num_leaves=31
num_cat=0
split_feature=6 4 5 4 2 2 9 9 9 6 5 1 4 1 3 5 2 9 9 9 4 9 9 5 1 2 9 2 5 5
split_gain=0.57098 0.66362 0.595812 0.543489 0.438472 0.390132 0.358026 0.680505 0.311602 0.342298 0.30648 0.334908 0.302808 0.254348 0.229514 0.136926 0.164515 0.128477 0.17848 0.121601 0.143773 0.114967 0.481676 0.316264 0.170688 0.147499 0.114892 0.122578 0.16395 0.104196
threshold=87.760212447422859 0.16388638673622016 0.18209622758073121 0.11300410990416355 0.41368158618905398 -0.069312288251256446 0.03207229321133117 0.022493690326704525 0.04344103780815909 72.391107078039951 -0.0017014098400014996 -0.081913508589486247 0.21249033996806135 -0.04767334363938202 0.046975020041680089 -0.12423912675938385 -0.08946872599846388 0.041053905502406618 0.030960297732354741 0.050083738565685078 0.058201793458464442 0.03425257119690258 0.032712336000452376 -0.030598819190993217 0.01077453292218389 0.053692398318472841 0.052705681126948463 0.039485797370519722 0.084036882248917602 0.095772827703346844
decision_type=2 2 2 2 2 2 2 2 2 2 2 2 2 2 2 2 2 2 2 2 2 2 2 2 2 2 2 2 2 2
left_child=2 -2 3 5 8 6 7 -1 17 19 11 -9 -6 -13 21 -8 -17 18 -4 20 -10 22 24 -23 -7 -24 27 28 -25 -29
right_child=1 -3 4 -5 12 14 15 10 9 -11 -12 13 -14 -15 -16 16 -18 -19 -20 -21 -22 23 25 26 -26 -27 -28 29 -30 -31
leaf_value=-0.00049880440358347333 -0.00013492546914759175 0.0074156375851307521 -0.00036531734449656342 0.0037317868480826483 0.004229040066046374 0.00016671216510719835 0.0016659855889959326 0.0011234103823413273 -0.004528781804773542 -0.0063583722375333308 0.00044749610530941378 0.0082855811929330239 -0.00046795113012194635 0.004124421637612753 0.0016917555145445769 -0.0013974246411243268 0.0015716806066815149 0.00086142412979494439 -0.0022217302536875825 -0.00086114541440660702 -0.0013375535001978278 0.0021969568127367112 0.0048037270512431857 -0.0013654031647456577 -0.00067353468421610439 0.0014548410526637374 0.00086428510702469131 -0.00055983406025916338 0.0015877258746996117 -0.0026623813559660757
leaf_weight=61 22 20 108 38 21 455 29 21 27 20 23 20 30 39 59 71 22 33 82 43 24 28 20 64 417 29 22 29 23 79
leaf_count=61 22 20 108 38 21 455 29 21 27 20 23 20 30 39 59 71 22 33 82 43 24 28 20 64 417 29 22 29 23 79
internal_value=2.05264e-12 0.00346058 -7.50358e-05 0.000188295 -0.00112632 9.91798e-05 0.00109683 0.00201232 -0.00151865 -0.00279452 0.0034995 0.00437695 0.0014661 0.00553498 -0.000133742 -0.000133825 -0.000695056 -0.000866409 -0.00116651 -0.00203625 -0.00302703 -0.000226113 -7.24701e-05 -0.000803683 -0.000235103 0.00282173 -0.00119086 -0.00142273 -0.000584691 -0.00209781
internal_weight=1979 42 1937 1549 388 1511 286 164 337 114 103 80 51 59 1225 122 93 223 190 94 51 1166 921 245 872 49 217 195 87 108
internal_count=1979 42 1937 1549 388 1511 286 164 337 114 103 80 51 59 1225 122 93 223 190 94 51 1166 921 245 872 49 217 195 87 108
is_linear=0
shrinkage=0.03


Tree=22
num_leaves=31
num_cat=0
split_feature=6 4 2 9 9 8 9 9 8 2 8 8 2 9 9 6 6 6 2 6 9 9 8 1 1 9 6 9 9 7
split_gain=0.537235 0.6244 0.461782 0.420358 0.861472 0.40809 0.231438 0.518713 0.450841 0.302923 0.4283 0.202949 0.27999 0.149093 0.459648 0.432694 0.242882 0.278815 0.165744 0.134083 0.125221 0.121425 0.155544 0.119351 0.153897 0.106301 0.122961 0.105697 0.0990691 0.0951647
threshold=87.760212447422859 0.16388638673622016 -0.075497864029012804 0.027645910497391662 0.023996326200353583 0.99827187851368393 0.03425257119690258 0.032712336000452376 1.4958429551365862 0.41368158618905398 1.274688445443279 0.89500207313334545 0.13084799477020162 0.045202141561819807 0.040462546360846639 69.957627118644083 63.681972789115655 54.452853662329595 0.1554153126733773 33.207547169811335 0.021565422173822162 0.046951899307722554 0.72164339749312767 0.12860944483650907 0.01077453292218389 0.0447716414121564 57.992382850163928 0.038278194099707695 0.017377187333909212 -0.18458865823020934
decision_type=2 2 2 2 2 2 2 2 2 2 2 2 2 2 2 2 2 2 2 2 2 2 2 2 2 2 2 2 2 2
left_child=2 -2 3 4 20 -6 7 19 29 11 -11 12 27 14 18 -16 17 -15 -13 -4 -1 22 -5 24 -21 -14 -27 -8 -26 -9
right_child=1 -3 6 21 5 -7 9 8 -10 10 -12 13 25 16 15 -17 -18 -19 -20 23 -22 -23 -24 -25 28 26 -28 -29 -30 -31
leaf_value=-0.00084533330356602429 -0.00013087769816841252 0.0071931683924049139 0.0018962984951213001 -0.00087873555894475426 0.0030377150943968444 0.0084170512289909478 -0.0018247122535415526 0.0024142274748533963 0.006221154131926596 0.0036303521320223808 -0.0020006374977529049 0.00018366946693276987 -0.0017014488806396874 -0.0023241211218840399 2.0961874785522617e-06 0.0056016182316386181 -0.0032837120595980772 0.0022527255026623606 -0.0026432041342237165 0.00010456432700025729 0.0019485830707311504 -0.0011169852541961689 0.0016235233752562078 0.0017618407738896516 -0.0014379449539213768 -0.0024175741330734182 -0.0051891118548810476 -0.00021863041694612345 -0.00043407056155564356 -2.4008355308871935e-05
leaf_weight=42 22 20 27 36 30 22 56 25 20 31 20 40 49 23 27 23 33 25 35 465 22 53 59 26 111 34 25 108 436 34
leaf_count=42 22 20 27 36 30 22 56 25 20 31 20 40 49 23 27 23 33 25 35 465 22 53 59 26 111 34 25 108 436 34
internal_value=-1.52233e-12 0.00335676 -7.27848e-05 0.00109327 0.00244544 0.00531359 -0.000256789 -1.68478e-05 0.00232864 -0.00077568 0.00142212 -0.00101017 -0.00154813 -0.000299858 0.000349828 0.00257788 -0.00130246 5.96532e-05 -0.00113554 -0.000190832 0.000115075 3.34674e-05 0.000675299 -0.000245122 -0.000296684 -0.00273423 -0.00359195 -0.000767049 -0.000637782 0.00100914
internal_weight=1979 42 1937 264 116 52 1673 1144 79 529 51 478 272 206 125 50 81 48 75 1065 64 148 95 1038 1012 108 59 164 547 59
internal_count=1979 42 1937 264 116 52 1673 1144 79 529 51 478 272 206 125 50 81 48 75 1065 64 148 95 1038 1012 108 59 164 547 59
is_linear=0
shrinkage=0.03


Tree=23
num_leaves=31
num_cat=0
split_feature=6 4 5 4 2 8 5 9 9 8 9 6 9 9 6 5 6 5 0 2 8 8 8 2 9 5 2 9 2 4
split_gain=0.505485 0.587498 0.548776 0.499813 0.394498 0.402988 0.358591 0.334953 0.381799 0.652307 0.275717 0.316385 0.229581 0.303982 0.223913 0.329408 0.217191 0.202091 0.193046 0.324081 0.228638 0.205439 0.150443 0.158835 0.112636 0.291828 0.136512 0.150616 0.125628 0.123629
threshold=87.760212447422859 0.16388638673622016 0.18209622758073121 0.11300410990416355 0.41368158618905398 1.274688445443279 -0.077985740794959665 0.035613520529957518 0.025751445073890943 0.98910432994584541 0.04344103780815909 72.391107078039951 0.022493690326704525 0.028344313438426562 41.40770764974588 0.0074393451574135136 56.953234880450076 0.12112508614373053 0.026782054742482412 0.042882611636293373 1.1274821170409892 1.3226219475169645 0.76439480615657318 0.20424682239780137 0.021271728295027995 0.091657156733415693 0.033488022074501529 0.018776636004492153 -0.085070198292082774 0.014813731800365606
decision_type=2 2 2 2 2 2 2 2 2 2 2 2 2 2 2 2 2 2 2 2 2 2 2 2 2 2 2 2 2 2
left_child=2 -2 3 6 10 -6 12 8 24 14 -4 22 -1 -14 15 -10 -16 -18 20 -20 -11 -22 -12 -24 26 28 -8 29 -26 -28
right_child=1 -3 4 -5 5 -7 7 -9 9 18 11 -13 13 -15 16 -17 17 -19 19 -21 21 -23 23 -25 25 -27 27 -29 -30 -31
leaf_value=-0.00013019544885574594 -0.00012695136342451654 0.0069773734825139396 -0.00083813757504620529 0.0035802497548712907 0.0035214415766418941 -0.0019406183771789073 -0.0013119141766397588 -0.0009967381076818947 0.0047604975969131507 0.0045983704498835966 -0.0036337600975868203 -0.0060781323350965972 0.005088833017669255 0.0013102179338056884 -0.0011860752453273899 -0.00061917414190247654 -1.1378044728189706e-05 0.0031229269644245505 0.0071748850266449152 0.0018388917456780161 -0.0014280134958348104 0.002269308804009741 -0.0023027460017290553 0.0007762042623013258 0.0025528968386352062 -0.0010220738480493309 0.0025640753255824424 -0.0013902477339204204 0.00048227062197338033 5.9196981624393777e-05
leaf_weight=49 22 20 223 38 31 20 147 271 21 21 31 20 27 66 114 20 81 24 20 21 21 38 38 25 30 130 21 57 218 114
leaf_count=49 22 20 223 38 31 20 147 271 21 21 31 20 27 66 114 20 81 24 20 21 21 38 38 25 30 130 21 57 218 114
internal_value=-1.20638e-12 0.00325606 -7.06012e-05 0.000182122 -0.00107954 0.00137946 9.66623e-05 -5.21815e-05 0.000180947 0.000948369 -0.00145167 -0.00265183 0.00153164 0.00240724 0.00010155 0.00213627 -0.000279379 0.000705035 0.00276798 0.00444182 0.00191014 0.000953313 -0.00192283 -0.00108094 -0.000226847 0.000129239 -0.000623898 -9.71358e-05 0.00073275 0.000448845
internal_weight=1979 42 1937 1549 388 51 1511 1369 1098 381 337 114 142 93 260 41 219 105 121 41 80 59 94 63 717 378 339 192 248 135
internal_count=1979 42 1937 1549 388 51 1511 1369 1098 381 337 114 142 93 260 41 219 105 121 41 80 59 94 63 717 378 339 192 248 135
is_linear=0
shrinkage=0.03


Tree=24
num_leaves=31
num_cat=0
split_feature=6 4 5 4 5 1 9 9 5 1 5 8 9 7 5 6 9 9 5 5 5 9 5 9 6 6 9 9 1 5
split_gain=0.47561 0.552777 0.516344 0.473339 0.325981 0.392003 0.287162 0.254997 0.312812 0.553787 0.254531 0.232928 0.288433 0.171533 0.145006 0.378274 0.335184 0.210076 0.140758 0.123911 0.110199 0.114887 0.164981 0.15574 0.109865 0.277158 0.27345 0.124417 0.167454 0.129729
threshold=87.760212447422859 0.16388638673622016 0.18209622758073121 0.12717284450004943 -0.077985740794959665 -0.070569800569800598 0.047898669812329743 0.021271728295027995 -0.0076511548679516475 0.045727443109501061 -0.12423912675938385 1.057271743843359 0.02882176911975565 -0.41270979975597899 0.090506980941380558 54.783239729917341 0.026897112098672359 0.027175250218554152 -0.059932782827528945 0.13345014101486311 0.063416478983690863 0.020059812804316703 0.077497756255573771 0.017627386851773497 81.903380017103316 75.231814106579222 0.040462546360846639 0.030960297732354741 -0.081913508589486247 0.22837135710603776
decision_type=2 2 2 2 2 2 2 2 2 2 2 2 2 2 2 2 2 2 2 2 2 2 2 2 2 2 2 2 2 2
left_child=2 -2 3 4 5 10 7 20 9 18 -1 14 -13 -4 17 -16 -17 -10 -9 -8 -6 22 -22 -24 25 27 -27 -15 -29 -30
right_child=1 -3 13 -5 6 -7 19 8 11 -11 -12 12 -14 24 15 16 -18 -19 -20 -21 21 -23 23 -25 -26 26 -28 28 29 -31
leaf_value=0.001609636811655946 -0.00012314282728105106 0.0067680521970614783 -0.0032665115683178964 0.004761987648904324 -0.001178888635712051 0.00049861561720985375 -0.0021629462272271904 -0.0011237253362778572 0.0010098515891856974 0.0052186317627864144 0.0063958486479241397 -0.00010709875014274277 0.0021924528345310442 -7.9494932300544201e-05 -0.0024241739099439548 -0.0014407229002403176 0.0014211845632253473 -0.00056191022295002681 0.00112609400627487 0.00039370578967712144 0.0026530731111680242 -0.0017261501899338326 -0.0010288196601904928 0.0011327072534244506 -0.0027460608192576238 -0.00073407926566065526 0.0030626735752148013 0.0010448237042874097 -0.00059901708037964107 -0.0023885194606101906
leaf_weight=20 22 20 29 20 161 102 76 30 142 29 20 108 90 70 85 69 79 166 151 22 22 32 75 50 26 38 31 20 52 122
leaf_count=20 22 20 29 20 161 102 76 30 142 29 20 108 90 70 85 69 79 166 151 22 22 32 75 50 26 38 31 20 52 122
internal_value=1.16728e-12 0.00315838 -6.84832e-05 0.000176658 0.00011668 0.00148569 -2.34789e-05 9.55448e-05 0.000348107 0.00136985 0.00400274 5.77603e-05 0.000938152 -0.00104715 -0.000264453 -0.000829146 8.69169e-05 0.000162733 0.000753196 -0.001589 -0.000609401 -9.71805e-05 0.000257425 -0.000164209 -0.000867872 -0.000721227 0.000971708 -0.0011637 -0.00155491 -0.00185373
internal_weight=1979 42 1937 1549 1529 142 1387 1289 949 210 40 739 198 388 541 233 148 308 181 98 340 179 147 125 359 333 69 264 194 174
internal_count=1979 42 1937 1549 1529 142 1387 1289 949 210 40 739 198 388 541 233 148 308 181 98 340 179 147 125 359 333 69 264 194 174
is_linear=0
shrinkage=0.03


Tree=25
num_leaves=31
num_cat=0
split_feature=2 5 6 2 8 1 5 9 1 9 6 9 6 9 5 2 9 9 2 2 6 5 2 5 6 2 5 1 9 5
split_gain=0.459744 0.580566 0.314871 0.263305 0.263087 0.250395 0.256954 0.353428 0.320174 0.692365 0.249138 0.237084 0.28813 0.235103 0.229337 0.217001 0.174805 0.187732 0.126737 0.175778 0.169873 0.124679 0.162662 0.452168 0.153858 0.122192 0.209781 0.146881 0.100483 0.102812
threshold=0.46320706300911046 0.21964683723221681 20.37234042553192 0.26005864042055776 1.1568341520818446 0.11896587088546641 1.0000000180025095e-35 0.022493690326704525 0.044199380720278965 0.035273543890277544 77.42332111240276 0.04344103780815909 65.597427652733131 0.03404191365153892 0.64120099783527407 -0.10417735131110921 0.034387850599823577 0.03057491931743107 0.16040943009901323 0.056547392462885433 53.675658477831064 0.12973940340054205 0.031121537567526784 0.077497756255573771 54.595091414944363 0.031121537567526784 0.12626255907969733 0.03446125058474981 0.044548408961695568 0.15795606684376332
decision_type=2 2 2 2 2 2 2 2 2 2 2 2 2 2 2 2 2 2 2 2 2 2 2 2 2 2 2 2 2 2
left_child=1 2 -1 5 11 6 7 -4 -9 -10 -6 -3 -13 -7 -2 -8 17 21 19 20 -19 22 23 24 -17 26 -18 28 -27 -30
right_child=14 4 3 -5 10 13 15 8 9 -11 -12 12 -14 -15 -16 16 25 18 -20 -21 -22 -23 -24 -25 -26 27 -28 -29 29 -31
leaf_value=0.003534996378875803 0.0045636213278590606 -0.0012349023743133459 -0.00065599325128837867 0.0031935275183059271 -0.001152864651952245 0.0040896813886669965 -0.0031790878656117812 0.00071431467103442016 0.0074134730211725189 -4.5513852674048389e-05 0.0022670167740076203 -0.0019469839153545244 -0.0061638234928250313 0.00016100580547133395 0.00050168621099808 0.00065530043131099857 -0.00082427669679383182 0.00019899427704513071 0.0031122272054705281 -0.00084934939804952585 0.0038590099343231744 -0.00083176499987628965 0.00048711484926695675 -0.0030873226179974154 -0.0016439331102777609 -0.0028181946975833158 0.0026242234728997573 0.00015003078881449796 0.0006450050510466099 -0.0021928831510659719
leaf_weight=24 29 84 154 24 73 26 23 288 21 24 26 35 25 29 22 127 77 25 23 40 21 203 306 50 33 63 20 37 20 27
leaf_count=24 29 84 154 24 73 26 23 288 21 24 26 35 25 29 22 127 77 25 23 40 21 203 306 50 33 63 20 37 20 27
internal_value=-5.13959e-13 -7.43683e-05 0.000123327 7.40316e-05 -0.00144522 2.82968e-05 -4.08844e-05 0.000532424 0.00108202 0.00343535 -0.000254714 -0.00226369 -0.003704 0.0020182 0.00281141 -0.000295862 -0.000234002 -2.60418e-05 0.00113414 0.000605117 0.00186987 -0.000201925 4.58612e-05 -0.000597108 0.000181084 -0.000939704 -0.000113246 -0.00148505 -0.00203504 -0.000985271
internal_weight=1979 1928 1685 1661 243 1637 1582 487 333 45 99 144 60 55 51 1095 1072 828 109 86 46 719 516 210 160 244 97 147 110 47
internal_count=1979 1928 1685 1661 243 1637 1582 487 333 45 99 144 60 55 51 1095 1072 828 109 86 46 719 516 210 160 244 97 147 110 47
is_linear=0
shrinkage=0.03


Tree=26
num_leaves=31
num_cat=0
split_feature=6 4 5 4 6 3 9 4 7 5 9 4 5 9 9 8 4 9 0 9 0 0 9 8 4 9 9 5 6 5
split_gain=0.440987 0.507543 0.466373 0.31109 0.294363 0.186728 0.306479 0.314421 0.159785 0.133861 0.231958 0.125626 0.280156 0.195358 0.188992 0.177372 0.318918 0.139202 0.12549 0.124985 0.117659 0.0999285 0.144264 0.110976 0.0959063 0.115249 0.0937558 0.190339 0.0905185 0.136128
threshold=87.760212447422859 0.16388638673622016 0.16663751850763478 0.11300410990416355 20.37234042553192 0.035755294824749935 0.045594873608079088 0.03032492431953349 -0.44749032162863556 -0.00096596689350547649 0.018265704019516892 0.076724950066574663 0.21964683723221681 0.041454599787083206 0.052261383887176681 1.6234995665323932 0.15484795994745651 0.030784065261534582 0.039946808510638372 0.034387850599823577 0.023233322837479257 0.020768808673245712 0.041454599787083206 0.69768224632041431 0.088648225247545911 0.0447716414121564 0.031669268583651412 0.08265597350385824 44.494949494949502 -0.055994623415200388
decision_type=2 2 2 2 2 2 2 2 2 2 2 2 2 2 2 2 2 2 2 2 2 2 2 2 2 2 2 2 2 2
left_child=2 -2 3 4 -1 9 7 -7 -4 10 -6 14 13 -13 17 16 24 -10 19 26 -18 22 -21 -24 -14 -26 -11 -28 29 -12
right_child=1 -3 8 -5 5 6 -8 -9 11 18 28 12 15 -15 -16 -17 20 -19 -20 21 -22 -23 23 -25 25 -27 27 -29 -30 -31
leaf_value=0.0034289466059999538 -0.00010314476454037834 0.0065000764585565777 -0.0030179276410490273 0.003384115454973653 -0.0011260867627444549 0.0050069022329483669 -0.0017847217287668173 0.0010095953450284219 -0.00076716757076792416 -0.00023049635870343575 0.00041811357004254232 0.00024275829996830514 0.00010601177896288309 0.0036357125187558787 0.0012151345876710755 -0.0028701203370777267 -6.9938172187123982e-05 -0.0027058431063313034 0.0018967687568510882 -0.0015815867418369147 0.0025140540129986815 -0.0030109102805145082 -0.00061011759301080645 0.0019064058084040882 -0.0013044021366050049 -0.0038075542386621234 -0.00053742715075392935 0.0027709681881142073 0.00018726834946022563 0.0019918641081818826
leaf_weight=24 22 20 30 27 74 23 25 77 60 606 107 56 22 21 21 36 35 75 24 86 29 20 46 24 49 25 34 29 160 92
leaf_count=24 22 20 30 27 74 23 25 77 60 606 107 56 22 21 21 36 35 75 24 86 29 20 46 24 49 25 34 29 160 92
internal_value=2.73439e-12 0.00304125 -6.59434e-05 0.00019347 0.000134099 7.86844e-05 0.00118624 0.00192898 -0.000901265 -2.76474e-05 0.000403284 -0.000753247 -0.000365174 0.00116811 -0.00143237 -0.000967535 -0.000539454 -0.00184421 -0.00024237 -0.000303126 0.00110093 -0.00101447 -0.000758514 0.00025269 -0.00163304 -0.00215006 -0.000115987 0.000985485 0.000718531 0.00114568
internal_weight=1979 42 1937 1478 1451 1427 125 100 459 1302 433 429 273 77 156 196 160 135 869 845 64 176 156 70 96 74 669 63 359 199
internal_count=1979 42 1937 1478 1451 1427 125 100 459 1302 433 429 273 77 156 196 160 135 869 845 64 176 156 70 96 74 669 63 359 199
is_linear=0
shrinkage=0.03


Tree=27
num_leaves=31
num_cat=0
split_feature=2 5 4 5 1 9 9 8 2 1 8 9 5 5 6 5 2 4 6 9 1 9 2 2 9 9 2 9 6 6
split_gain=0.417444 0.521921 0.353233 0.310951 0.371562 0.270335 0.336266 0.529898 0.276452 0.941693 0.246619 0.266947 0.237669 0.217743 0.211077 0.289411 0.184417 0.175515 0.173986 0.147691 0.131123 0.113254 0.111177 0.13862 0.143969 0.200354 0.105574 0.099246 0.0970647 0.0965807
threshold=0.46320706300911046 0.21964683723221681 0.13685680025460237 -0.077985740794959665 -0.070569800569800598 0.035613520529957518 0.025751445073890943 0.98910432994584541 0.055222933739345843 0.045727443109501061 0.88743202564852008 0.036370160250888892 -0.12423912675938385 0.59683879262934547 41.40770764974588 0.0074393451574135136 0.36684808217887105 0.096089876761547358 56.953234880450076 0.031158277567789692 0.01077453292218389 0.031971633523351438 0.13084799477020162 -0.08946872599846388 0.039596773088192851 0.048182875776256122 -0.018781305441823156 0.03145531123427376 51.501623376623378 61.317311665059925
decision_type=2 2 2 2 2 2 2 2 2 2 2 2 2 2 2 2 2 2 2 2 2 2 2 2 2 2 2 2 2 2
left_child=1 2 3 4 12 6 20 14 9 19 11 -3 -1 -2 15 -8 29 22 -16 -9 -5 -20 23 -7 -25 -26 -27 -10 -24 -12
right_child=13 10 -4 5 -6 17 7 8 27 -11 16 -13 -14 -15 18 -17 -18 -19 21 -21 -22 -23 28 24 25 26 -28 -29 -30 -31
leaf_value=0.0015186275659070814 0.0046780163208022712 -0.00041376390494406222 0.0032384418498259035 0.00016986887666700596 0.00046273406375023888 -0.0021574248910410858 0.0044875585843276757 -9.9235342590716369e-05 0.0020831692615257838 0.0086268938057448546 0.0005601963633671402 -0.0042168345201112649 0.0061435791975818568 0.00075678926462737417 -0.0011307017408594814 -0.00055494220415130253 0.0015247365458506263 0.0018710626205429436 -0.00020840347008613337 0.003251830014400184 -0.00061198837273652204 0.0017621236960569928 -0.00043118783156387508 -0.0016511239239480346 0.0013941660997493623 -0.002663759468758309 -5.2371189047239327e-05 -0.00019260303774739013 -0.0027307950124970445 -0.0015245415083772968
leaf_weight=20 25 26 32 374 112 46 21 29 35 23 24 46 20 26 115 20 27 20 70 20 399 42 24 51 65 22 38 34 53 120
leaf_count=20 25 26 32 374 112 46 21 29 35 23 24 46 20 26 115 20 27 20 70 20 399 42 24 51 65 22 38 34 53 120
internal_value=2.72733e-12 -7.08646e-05 0.00011658 5.61449e-05 0.00134915 -7.4792e-05 0.000134363 0.00083 0.00231872 0.00361913 -0.00137064 -0.0028435 0.0038311 0.00267896 4.67542e-05 0.0020278 -0.000750482 -0.000849781 -0.000311056 0.00126855 -0.000233703 0.000530544 -0.00103178 -0.000691085 -0.000307837 0.000240224 -0.00100988 0.000961774 -0.00201403 -0.00117709
internal_weight=1979 1928 1685 1653 152 1501 1182 409 141 72 243 72 40 51 268 41 171 319 227 49 773 112 299 222 176 125 60 69 77 144
internal_count=1979 1928 1685 1653 152 1501 1182 409 141 72 243 72 40 51 268 41 171 319 227 49 773 112 299 222 176 125 60 69 77 144
is_linear=0
shrinkage=0.03


Tree=28
num_leaves=31
num_cat=0
split_feature=6 5 9 2 8 9 9 8 2 6 0 9 5 2 5 9 9 5 2 3 5 2 2 0 2 9 7 9 3 9
split_gain=0.406908 0.425403 0.416965 0.2732 0.377019 0.308987 0.26313 0.42881 0.25971 0.258163 0.199556 0.198164 0.197747 0.302994 0.17846 0.16158 0.184464 0.142725 0.297758 0.331322 0.163787 0.113001 0.12532 0.0968295 0.144469 0.221107 0.0971274 0.0948695 0.117491 0.137949
threshold=87.760212447422859 0.16663751850763478 0.028344313438426562 0.41368158618905398 1.274688445443279 0.0447716414121564 0.021647122449957559 0.95969115122099635 -0.16349538540488959 65.597427652733131 0.058194183864915601 0.050083738565685078 0.34462793802808361 0.29532921249583372 0.0045233131453921169 0.048833704947692076 0.025655247779451738 -0.052394321887832988 0.050103638876094043 0.02169093755574392 0.12112508614373053 -0.097527005910727591 -0.064189528230731027 1.0000000180025095e-35 -0.081114061485808728 0.035842223953902193 -0.31845096430127651 0.03425257119690258 0.0097253401844247262 0.041745198999884478
decision_type=2 2 2 2 2 2 2 2 2 2 2 2 2 2 2 2 2 2 2 2 2 2 2 2 2 2 2 2 2 2
left_child=1 6 -2 5 -5 12 -1 14 -9 11 15 -7 13 -3 23 16 -10 -18 19 -19 -20 -16 -23 24 25 -8 -26 -24 29 -29
right_child=2 3 -4 4 -6 9 7 8 10 -11 -12 -13 -14 -15 21 -17 17 18 20 -21 -22 22 27 -25 26 -27 -28 28 -30 -31
leaf_value=-0.00048300232012052851 -0.00021366993390256538 -0.00068788843319219143 0.0057714044138662181 0.0032808271346748954 -0.0020023093353956937 -0.0028254022063421351 0.0042733418853539559 0.0039067749218083918 0.00018830186174704044 -0.0044148351107903116 0.0034318679879912191 0.00020782856377384934 -0.0033310146877126748 0.0028441502602072431 -0.0025650558304041622 -0.0018196075747255235 -0.00033584235054958197 0.0020961299740061487 -0.0004608873195058211 0.0067212624759413302 0.0025203296624951893 0.0016125343092717229 -7.5142086731078313e-05 -0.00011770497097556167 0.002184708612039685 0.00011160613736137747 -4.3780799512751398e-05 -0.0016141546249220317 -0.0026642045552932449 0.00054105603207762424
leaf_weight=391 20 245 22 31 20 42 27 30 146 39 28 36 22 24 20 20 27 46 43 20 27 30 277 90 23 20 75 55 31 52
leaf_count=391 20 245 22 31 20 42 27 30 146 39 28 36 22 24 20 20 27 46 43 20 27 30 277 90 23 20 75 55 31 52
internal_value=-6.21299e-13 -6.33441e-05 0.00292137 -0.000861132 0.00120901 -0.0011199 0.000184413 0.000424486 0.00122585 -0.00242191 0.00100057 -0.00142545 -0.00059641 -0.000372762 -1.85568e-05 0.000793648 0.000962791 0.0016565 0.00205204 0.00349769 0.000689011 -0.000359083 -0.000259938 0.00065525 0.00113501 0.00250239 0.000479232 -0.000395297 -0.00103793 -0.000566763
internal_weight=1979 1937 42 459 51 408 1478 1087 387 117 357 78 291 269 700 329 309 163 136 66 70 465 445 235 145 47 98 415 138 107
internal_count=1979 1937 42 459 51 408 1478 1087 387 117 357 78 291 269 700 329 309 163 136 66 70 465 445 235 145 47 98 415 138 107
is_linear=0
shrinkage=0.03


Tree=29
num_leaves=31
num_cat=0
split_feature=6 4 2 6 1 8 7 1 2 8 3 2 4 8 1 1 2 6 0 7 8 4 1 7 0 4 1 8 0 4
split_gain=0.382859 0.45007 0.339946 0.260499 0.196638 0.173106 0.146277 0.143509 0.200936 0.153362 0.13996 0.394934 0.202027 0.152269 0.13361 0.124815 0.119924 0.117014 0.146117 0.116758 0.113351 0.0852675 0.123355 0.0783119 0.074198 0.106112 0.0936139 0.0889812 0.109583 0.0684839
threshold=87.760212447422859 0.16388638673622016 -0.075497864029012804 20.37234042553192 0.049820754013618969 0.34170668587241615 -0.23442920492003069 0.26662217137045513 0.39941752928167856 1.2357776046149529 0.052714158919926486 0.1538003117264142 0.13965992153621712 1.78639697119737 0.0077312963593871862 -0.055829622685727658 0.21725848778087589 26.847469967236986 0.0033955955263460518 0.11796317021536419 0.79062730035033979 -0.03714778048204475 -0.091084365505959317 1.0000000180025095e-35 -0.031212529976019195 0.13685680025460237 0.11713872916849356 1.063283924425467 0.039056711557738939 0.073060051354425851
decision_type=2 2 2 2 2 2 2 2 2 2 2 2 2 2 2 2 2 2 2 2 2 2 2 2 2 2 2 2 2 2
left_child=2 -2 3 -1 6 -4 -5 8 10 -10 14 13 -13 -12 15 21 29 -8 19 -19 23 22 -7 -16 -22 26 27 -26 -29 -17
right_child=1 -3 5 4 -6 7 17 -9 9 -11 11 12 -14 -15 20 16 -18 18 -20 -21 24 -23 -24 -25 25 -27 -28 28 -30 -31
leaf_value=0.0042305981605168198 -0.0001272861248898235 0.0060908434982411561 -0.0023705873028798535 -0.00079739099484868339 0.0035193923389306289 0.0019870445983750482 -0.00098567062625661483 -0.0027017297521233557 0.0032003567491067637 -0.00023923269810620693 0.0013257710138568654 0.0012069122340471949 -0.0019571317319891281 0.0047478826570493925 -0.00073498884163144011 0.00020956201405209708 0.002506401440128684 0.0034078378142083001 -0.00024569239694534274 0.0011588960116967514 -0.0017612526705488563 -0.0012650330607394441 -0.0011931377782931794 -0.0018764991989883128 5.3004102509590859e-05 0.0017895133500797269 0.001705636970233172 -0.001077751079512956 0.00090213447162913599 -0.0015390956767701678
leaf_weight=20 22 20 33 64 20 21 25 20 28 20 25 32 42 22 194 502 20 31 41 63 29 98 23 75 206 23 20 190 29 21
leaf_count=20 22 20 33 64 20 21 25 20 28 20 25 32 42 22 194 502 20 31 41 63 29 98 23 75 206 23 20 190 29 21
internal_value=9.8981e-13 0.00283373 -6.14438e-05 0.000939034 0.000669234 -0.00021932 0.000414756 -0.000176032 -0.00014485 0.00176719 -0.000203233 0.000777019 -0.000588897 0.00292761 -0.000284977 1.94448e-05 0.000226533 0.000899614 0.00124874 0.00190057 -0.000557209 -0.000772447 0.000324677 -0.00105325 -0.000288726 -0.00019748 -0.000300178 -0.000394569 -0.000815574 0.000139348
internal_weight=1979 42 1937 264 244 1673 224 1640 1620 48 1572 121 74 47 1451 685 543 160 135 94 766 142 44 269 497 468 445 425 219 523
internal_count=1979 42 1937 264 244 1673 224 1640 1620 48 1572 121 74 47 1451 685 543 160 135 94 766 142 44 269 497 468 445 425 219 523
is_linear=0
shrinkage=0.03


Tree=30
num_leaves=31
num_cat=0
split_feature=6 4 5 4 5 1 9 9 8 7 7 5 8 6 5 4 4 5 7 8 4 9 9 8 1 1 0 5 5 5
split_gain=0.360232 0.423471 0.400542 0.369857 0.282915 0.327188 0.243677 0.296971 0.459272 0.23666 0.350161 0.227655 0.198137 0.187415 0.260149 0.16655 0.164655 0.147059 0.146143 0.137344 0.281934 0.240802 0.151003 0.167495 0.117082 0.112473 0.108846 0.10877 0.134564 0.0914042
threshold=87.760212447422859 0.16388638673622016 0.21964683723221681 0.13685680025460237 -0.077985740794959665 -0.070569800569800598 0.035613520529957518 0.025751445073890943 0.98910432994584541 1.0449358927622268 0.3875363050136485 -0.12423912675938385 1.1274821170409892 41.40770764974588 0.0074393451574135136 0.096089876761547358 0.016222139784863424 0.062598350669487837 -0.36455967224548042 1.6234995665323932 0.15484795994745651 0.05642859914360368 0.037838152202313187 0.95969115122099635 0.01077453292218389 0.032672851367452578 0.023233322837479257 0.10567509117407793 0.14367156247418503 0.075812781176973001
decision_type=2 2 2 2 2 2 2 2 2 2 2 2 2 2 2 2 2 2 2 2 2 2 2 2 2 2 2 2 2 2
left_child=2 -2 3 4 5 11 7 24 13 10 12 -1 -10 14 -9 -8 17 -15 -4 20 21 22 -20 -24 29 -14 -22 -18 -29 -6
right_child=1 -3 18 -5 6 -7 15 8 9 -11 -12 -13 25 16 -16 -17 27 -19 19 -21 26 -23 23 -25 -26 -27 -28 28 -30 -31
leaf_value=0.0013689337621908635 -0.00012346753363751551 0.0059081179238855835 -0.0033202868856489656 0.0034142176210880276 0.00051005361311634123 0.00043081313076233043 -0.00098135099144937483 0.0042533936285014664 0.0037374180251832255 -0.00076827920574162683 0.0052612475326339553 0.0058954043635167184 -0.00056847991406797397 -0.00054591238420069607 -0.00052739401487633588 0.0018463818670716135 -0.00022756260819733142 -0.0032354466273682189 -0.00089013987184335377 -0.0026217066201691826 -8.5234679281711572e-05 0.0016982471477240324 -0.0047632748375718405 -0.001473478181840619 -0.00057694310183147599 0.0020799999290870294 0.0024000937748973354 0.0032258045409664349 -1.9355575989364928e-05 -0.00047134494680821349
leaf_weight=20 22 20 25 30 242 102 299 21 28 21 34 20 31 77 20 20 80 24 67 36 35 20 26 30 395 27 29 23 23 132
leaf_count=20 22 20 25 30 242 102 299 21 28 21 34 20 31 77 20 20 80 24 67 36 35 20 26 30 395 27 29 23 23 132
internal_value=-2.59028e-12 0.00274872 -5.96005e-05 0.00011327 5.28496e-05 0.0013326 -6.85433e-05 0.000130634 0.000783775 0.00216974 0.00268389 0.00363217 0.00166494 5.45923e-05 0.0019213 -0.000804064 -0.000282567 -0.00118501 -0.00113617 -0.000911464 -0.000614031 -0.00135471 -0.00185113 -0.00300088 -0.000216745 0.000664433 0.00104093 0.00044082 0.00160322 0.000163678
internal_weight=1979 42 1937 1669 1639 142 1497 1178 409 141 120 40 86 268 41 319 227 101 268 243 207 143 123 56 769 58 64 126 46 374
internal_count=1979 42 1937 1669 1639 142 1497 1178 409 141 120 40 86 268 41 319 227 101 268 243 207 143 123 56 769 58 64 126 46 374
is_linear=0
shrinkage=0.03


Tree=31
num_leaves=31
num_cat=0
split_feature=6 5 9 9 8 9 5 9 7 1 7 7 5 7 1 6 5 9 0 0 3 1 9 9 0 3 0 8 7 5
split_gain=0.338943 0.379376 0.352951 0.241396 0.371173 0.221876 0.280014 0.339918 0.294557 0.3226 0.257215 0.191833 0.158442 0.146828 0.105752 0.105245 0.192371 0.497981 0.184259 0.112274 0.101847 0.143782 0.148554 0.122284 0.0920417 0.0895135 0.0868904 0.123021 0.270761 0.0857438
threshold=87.760212447422859 0.16663751850763478 0.028344313438426562 0.021647122449957559 0.95969115122099635 0.050320310024247882 -0.102800231474715 0.026444937254086965 0.98471158500994593 0.025455492592686649 0.3875363050136485 1.0000000180025095e-35 0.0045233131453921169 -0.44749032162863556 -0.074381313987388939 70.17513491497813 0.29341391481563567 0.040462546360846639 -1.0000000180025095e-35 0.03489039123902838 0.057562342161102016 -0.029878644162365738 0.030784065261534582 0.049165765623419656 0.02823930455509405 0.074979584331583041 1.0000000180025095e-35 0.66260886698370525 -0.11866436946842428 -0.028935352251604648
decision_type=2 2 2 2 2 2 2 2 2 2 2 2 2 2 2 2 2 2 2 2 2 2 2 2 2 2 2 2 2 2
left_child=1 3 -2 -1 12 6 -6 -8 9 -9 11 -11 26 -3 -14 20 17 -17 -18 -20 21 23 -23 -15 -16 -22 27 29 -29 -5
right_child=2 13 -4 4 5 -7 7 8 -10 10 -12 -13 14 15 24 16 18 -19 19 -21 25 22 -24 -25 -26 -27 -28 28 -30 -31
leaf_value=-0.00046309955387219639 -0.00021811180037911981 -0.0028402309287339448 0.0052884056448767132 0.00098853171066662598 0.0044147189657902349 -0.0014204381373045701 0.00011296127645057165 0.0012741234648624906 -0.00098640529476106157 0.0044730725395493208 0.0069195795105770229 0.00062618264369666572 -0.0020497065763920544 -0.0013028586255386472 -5.4454303047301192e-05 -0.00044150854657596809 0.0011379039314176355 0.004290228600685413 -0.0033364409262594563 -0.00070961870602332061 0.0017044815765693783 -0.00064737424628533928 -0.0026348817858326415 0.0016046448278686273 -0.0014472327404655514 -0.0011338656060397624 -0.00010340914006034533 0.0041332001052796843 0.00046982065298716003 -0.0011938271012443761
leaf_weight=391 20 30 22 43 25 28 158 83 25 28 20 20 30 30 387 87 21 26 32 27 20 55 88 23 48 20 90 30 46 26
leaf_count=391 20 30 22 43 25 28 158 83 25 28 20 20 30 30 387 87 21 26 32 27 20 55 88 23 48 20 90 30 46 26
internal_value=-1.79244e-12 -5.78124e-05 0.00266625 0.000176158 0.000406102 0.00115167 0.00135228 0.00112306 0.00202985 0.00252923 0.0040612 0.0028702 -6.09128e-06 -0.000811207 -0.000326951 -0.000669317 -0.000149716 0.00064721 -0.00127537 -0.00213434 -0.00109424 -0.00137579 -0.00187046 -4.11118e-05 -0.00020814 0.000285308 0.000628801 0.00108328 0.00191589 0.000166194
internal_weight=1979 1937 42 1478 1087 387 359 334 176 151 68 48 700 459 465 429 193 113 80 59 236 196 143 53 435 40 235 145 76 69
internal_count=1979 1937 42 1478 1087 387 359 334 176 151 68 48 700 459 465 429 193 113 80 59 236 196 143 53 435 40 235 145 76 69
is_linear=0
shrinkage=0.03


Tree=32
num_leaves=31
num_cat=0
split_feature=6 4 9 6 9 9 9 6 1 9 8 9 3 4 7 9 8 1 4 8 7 1 1 9 4 9 6 4 1 9
split_gain=0.318911 0.380347 0.262862 0.345601 0.23484 0.163108 0.237367 0.279238 0.768506 0.298282 0.346359 0.154114 0.280615 0.139284 0.137003 0.124791 0.117879 0.233741 0.112324 0.104151 0.103986 0.0869831 0.0815518 0.095262 0.110401 0.0903974 0.157352 0.102647 0.129838 0.119463
threshold=87.760212447422859 0.16388638673622016 0.045594873608079088 20.37234042553192 0.044242982010957589 0.021271728295027995 0.034387850599823577 41.633333333333347 0.025455492592686649 0.032712336000452376 1.4958429551365862 0.040462546360846639 0.00090971984272958395 -0.020338640920266823 -0.21933652992102312 0.046321695696809155 1.1406050473993938 -0.037500234376464874 0.10532462375299502 1.3648907246978952 -0.18458865823020934 0.12675245098039226 0.0060031832787771364 0.031669268583651412 0.042884788866760289 0.023796734937602756 47.776975934234883 -0.0032588388550847665 -0.034192930319856089 0.030960297732354741
decision_type=2 2 2 2 2 2 2 2 2 2 2 2 2 2 2 2 2 2 2 2 2 2 2 2 2 2 2 2 2 2
left_child=2 -2 3 -1 5 -5 7 8 14 21 20 18 13 -13 -7 -4 17 -16 19 -8 -11 22 25 24 -24 26 -9 28 -27 -29
right_child=1 -3 15 4 -6 6 11 9 -10 10 -12 12 -14 -15 16 -17 -18 -19 -20 -21 -22 -23 23 -25 -26 27 -28 29 -30 -31
leaf_value=0.0040095910197123887 -0.00013574680207635868 0.0055804820945486427 -0.0030120272205575649 -0.00051100015465035151 0.0025864801858551797 -0.000708393182256259 -0.00097313670276388603 0.0027567971715583436 0.0070615253127180042 0.0021862573463469741 0.0052038526814430957 0.00073261549696326258 0.0018567587889265268 -0.0024785367423488247 0.0044741761707700785 -0.00070835082630191942 -4.1331601595239981e-05 0.00076283994613082285 -0.0025099571612254537 0.0012400869880167936 -0.00036247641238493515 0.0015816412595034178 -0.00087753833817051977 -0.0019527068528045408 0.00029765617492533212 -0.0022928103002292726 0.00014601855402967583 -9.4034620686381294e-05 0.00048933512258092656 0.0023775835997763683
leaf_weight=20 22 20 23 427 32 40 147 31 20 25 21 20 56 31 24 265 35 42 37 22 34 28 140 34 148 36 63 88 26 22
leaf_count=20 22 20 23 427 32 40 147 31 20 25 21 20 56 31 24 265 35 42 37 22 34 28 140 34 148 36 63 88 26 22
internal_value=4.93336e-12 0.00258627 -5.60781e-05 8.99736e-05 4.18506e-05 -9.13763e-06 0.000174021 0.000432259 0.00155818 0.000171808 0.00189516 -0.00053304 0.000390618 -0.00121926 0.000777569 -0.000892325 0.00136607 0.00211242 -0.0010128 -0.000685025 0.000717496 -5.20051e-05 -0.000129798 -0.000450914 -0.000273619 0.000258922 0.00100702 -0.000149922 -0.0011261 0.000400289
internal_weight=1979 42 1937 1649 1629 1597 1170 857 161 696 80 313 107 51 141 288 101 66 206 169 59 616 588 322 288 266 94 172 62 110
internal_count=1979 42 1937 1649 1629 1597 1170 857 161 696 80 313 107 51 141 288 101 66 206 169 59 616 588 322 288 266 94 172 62 110
is_linear=0
shrinkage=0.03


Tree=33
num_leaves=31
num_cat=0
split_feature=2 5 4 5 8 9 9 2 3 5 6 5 5 9 5 3 3 4 9 9 2 5 2 5 2 4 2 2 6 5
split_gain=0.327638 0.440496 0.584333 0.254612 0.22598 0.206224 0.365766 0.20495 0.506092 0.19912 0.187111 0.177561 0.186365 0.144406 0.139364 0.162699 0.137152 0.181586 0.119101 0.250145 0.224977 0.149989 0.138221 0.337456 0.13791 0.12966 0.119011 0.148042 0.113576 0.107837
threshold=0.46320706300911046 0.23937365660558688 0.15188383163927302 -0.077985740794959665 1.1568341520818446 0.0447716414121564 0.043252421195420263 -0.043894500169694921 0.027130760046709782 0.64120099783527407 25.362364375183279 -0.059932782827528945 0.047215156431966172 0.040628441186054708 0.4134632143734473 0.027130760046709782 0.051845029729737042 0.10281904388994802 0.03425257119690258 0.032635297523345659 0.049198203318109986 0.002781839637819417 0.028737979004551443 0.077497756255573771 0.039485797370519722 0.069399105782588247 -0.048464232073488815 0.11688223361661611 38.705556832446398 0.32826128987271169
decision_type=2 2 2 2 2 2 2 2 2 2 2 2 2 2 2 2 2 2 2 2 2 2 2 2 2 2 2 2 2 2
left_child=1 2 3 10 14 6 7 8 11 -2 -1 -5 28 -6 15 29 18 -18 19 22 -21 -20 23 -9 -23 -26 -7 -28 -13 -3
right_child=9 4 -4 5 13 26 -8 16 -10 -11 -12 12 -14 -15 -16 -17 17 -19 21 20 -22 24 -24 -25 25 -27 27 -29 -30 -31
leaf_value=0.0038314625221703728 0.0040060597566630822 -0.0016915671628984538 0.0050656812877527303 -0.0018424200223359677 -0.0013627839551772921 -0.0024189024778421627 0.0040636613778769967 -0.00032099704822361342 0.0053811649437993762 0.00022117064757780594 0.00078112451717984432 0.0004970530587537535 -0.0018171197893521326 0.0011313263910750929 -0.0040074980873614548 -0.003295859420375729 0.0025327670519913522 -0.00073871957012810389 0.0011653055041097105 0.0043435740130953488 0.00044666312499612101 -0.000220169112358664 9.8779681004368911e-06 -0.0030061632616899953 -0.003013717930679294 -0.00044274128609965999 0.00035061893039452496 -0.0017393230883005473 0.002280088904834188 0.0010584530851338058
leaf_weight=21 29 33 21 28 45 44 20 242 20 22 131 87 22 39 30 33 37 26 24 20 40 53 585 51 55 26 67 56 51 21
leaf_count=21 29 33 21 28 45 44 20 242 20 22 131 87 22 39 30 33 37 26 24 20 40 53 585 51 55 26 67 56 51 21
internal_value=-8.05447e-13 -6.27809e-05 9.19193e-05 3.06948e-05 -0.00139197 -8.39271e-05 3.5991e-05 -2.29361e-05 0.000844169 0.00237336 0.00120255 0.000361509 0.000747197 -0.000204804 -0.00224429 -0.00163629 -0.000178551 0.00118263 -0.000256794 -0.000128442 0.00174563 -0.00101878 -0.000256511 -0.000788381 -0.00140996 -0.00218847 -0.00107989 -0.000600899 0.001156 -0.000622115
internal_weight=1979 1928 1727 1706 201 1554 1387 1367 208 51 152 188 160 84 117 87 1159 63 1096 938 60 158 878 293 134 81 167 123 138 54
internal_count=1979 1928 1727 1706 201 1554 1387 1367 208 51 152 188 160 84 117 87 1159 63 1096 938 60 158 878 293 134 81 167 123 138 54
is_linear=0
shrinkage=0.03


Tree=34
num_leaves=31
num_cat=0
split_feature=2 5 4 5 1 6 8 9 9 2 1 5 2 4 5 7 1 6 7 1 2 2 6 9 9 9 2 5 2 5
split_gain=0.308275 0.414463 0.549799 0.239565 0.298423 0.215295 0.213361 0.194036 0.344149 0.192838 0.633697 0.187352 0.151376 0.171684 0.147256 0.147352 0.1324 0.216418 0.119586 0.123574 0.111978 0.139292 0.104227 0.103893 0.101188 0.244866 0.144642 0.134715 0.127374 0.319146
threshold=0.46320706300911046 0.23937365660558688 0.15188383163927302 -0.077985740794959665 -0.070569800569800598 28.766409029566933 0.74168101614244242 0.0447716414121564 0.043252421195420263 -0.043894500169694921 0.035904593894752097 0.64120099783527407 0.36684808217887105 0.086420500557880767 -0.059932782827528945 -0.23442920492003069 0.11713872916849356 63.681972789115655 0.61016788782099407 -0.049671802493217336 -0.048464232073488815 0.11688223361661611 44.147747514331066 0.030202882576064547 0.03425257119690258 0.032635297523345659 0.049198203318109986 0.002781839637819417 0.028737979004551443 0.077497756255573771
decision_type=2 2 2 2 2 2 2 2 2 2 2 2 2 2 2 2 2 2 2 2 2 2 2 2 2 2 2 2 2 2
left_child=1 2 3 4 5 -1 -3 8 9 10 14 -2 13 -8 -5 -16 24 -18 19 -17 -9 -22 -21 -15 25 28 -27 -26 29 -11
right_child=11 6 -4 7 -6 -7 12 20 -10 16 -12 -13 -14 23 15 18 17 -19 -20 22 21 -23 -24 -25 27 26 -28 -29 -30 -31
leaf_value=0.0055917235887609417 0.0038858779267696981 -0.0035964167947531676 0.004913710869316544 -0.001771508541682528 0.00037208155314666716 0.0011898389684502036 0.00047542964879955562 -0.0023463354015257208 0.0039417515695095058 -0.00030837658087143723 0.005895693353028037 0.00021453553302721543 0.0010077584063401446 -6.8588008702395847e-05 -0.00074955254363143176 0.0036439942430866799 0.0037426639348268507 -0.00052434013387107328 -0.00055995757781112418 0.0002425938695405209 0.00034010036917987149 -0.0016871433941248271 0.0028639935292303562 -0.0024305972902746646 0.0011303463322110475 0.003643037991979244 0.00064026477027385087 -0.0013102707449510109 4.1199246293925977e-06 -0.0029159783217919005
leaf_weight=20 29 32 21 27 112 20 35 44 20 246 20 22 30 21 49 23 20 23 26 43 67 56 20 83 24 22 42 134 597 51
leaf_count=20 29 32 21 27 112 20 35 44 20 246 20 22 30 21 49 23 20 23 26 43 67 56 20 83 24 22 42 134 597 51
internal_value=-1.2567e-12 -6.08974e-05 8.91617e-05 2.97739e-05 0.00116648 0.00339078 -0.00135021 -8.14093e-05 3.49113e-05 -2.2248e-05 0.000818843 0.00230216 -0.000924894 -0.00134201 0.000278753 0.000622586 -0.000173195 0.00146031 0.0012229 0.0017619 -0.0010475 -0.000582872 0.00107478 -0.00195365 -0.000236134 -0.000120123 0.00167247 -0.000939544 -0.000248452 -0.000756147
internal_weight=1979 1928 1727 1706 152 40 201 1554 1387 1367 208 51 169 139 188 161 1159 43 112 86 167 123 63 104 1116 958 64 158 894 297
internal_count=1979 1928 1727 1706 152 40 201 1554 1387 1367 208 51 169 139 188 161 1159 43 112 86 167 123 63 104 1116 958 64 158 894 297
is_linear=0
shrinkage=0.03


Tree=35
num_leaves=31
num_cat=0
split_feature=6 4 6 9 9 9 9 6 1 9 8 9 3 4 7 8 1 9 4 7 8 1 1 9 4 9 6 4 1 9
split_gain=0.289455 0.34629 0.229288 0.195666 0.211595 0.147041 0.216704 0.245394 0.691346 0.25712 0.310396 0.137597 0.254658 0.125009 0.123807 0.109015 0.210399 0.105495 0.103113 0.0947083 0.0920584 0.0829359 0.0783906 0.0923024 0.0985513 0.0833207 0.143119 0.0944659 0.117025 0.111469
threshold=87.760212447422859 0.16388638673622016 20.37234042553192 0.045594873608079088 0.044242982010957589 0.021271728295027995 0.034387850599823577 41.633333333333347 0.025455492592686649 0.032712336000452376 1.4958429551365862 0.040462546360846639 0.00090971984272958395 -0.020338640920266823 -0.21933652992102312 1.1406050473993938 -0.037500234376464874 0.046321695696809155 0.10532462375299502 -0.18458865823020934 1.3648907246978952 0.12675245098039226 0.0060031832787771364 0.031669268583651412 0.042884788866760289 0.023796734937602756 47.776975934234883 -0.0032588388550847665 -0.034192930319856089 0.030960297732354741
decision_type=2 2 2 2 2 2 2 2 2 2 2 2 2 2 2 2 2 2 2 2 2 2 2 2 2 2 2 2 2 2
left_child=2 -2 -1 4 5 -4 7 8 14 21 19 18 13 -13 -7 16 -16 -5 20 -11 -8 22 25 24 -24 26 -9 28 -27 -29
right_child=1 -3 3 17 -6 6 11 9 -10 10 -12 12 -14 -15 15 -17 -18 -19 -20 -21 -22 -23 23 -25 -26 27 -28 29 -30 -31
leaf_value=0.0028606397012481462 -0.00013335139464205979 0.0053209514538757503 -0.00048820417874931098 -0.0028628240658768586 0.0024521083018044011 -0.00068854148383252318 -0.00092352821634802008 0.0026491262201189755 0.0066841987576335667 0.0020516833998262883 0.0048970341017203671 0.00067491194733884186 0.0017560677442400318 -0.0023672387694879888 0.0042419576493557543 -6.9964179236974041e-05 0.00072080622188098326 -0.00065324572653300747 -0.0024011659342402314 -0.00038069825581795369 0.0011572520925388248 0.0015521782965931508 -0.00082987114751345613 -0.0019120816711117239 0.00028046305051125149 -0.0021744936526374658 0.00015922101003871785 -8.00424851083583e-05 0.00046681599337786725 0.0023074458355338058
leaf_weight=24 22 20 427 21 32 40 147 31 20 25 21 20 56 31 24 35 42 263 37 34 22 28 140 34 148 36 63 88 26 22
leaf_count=24 22 20 427 21 32 40 147 31 20 25 21 20 56 31 24 35 42 263 37 34 22 28 140 34 148 36 63 88 26 22
internal_value=1.10502e-12 0.00246394 -5.34256e-05 -8.99847e-05 3.66988e-05 -1.17002e-05 0.000162203 0.000408946 0.00146444 0.000164788 0.00176483 -0.000513382 0.00035938 -0.00117424 0.000724046 0.00128349 0.00200122 -0.00081663 -0.00096671 0.000649972 -0.000652657 -4.30095e-05 -0.000118971 -0.000433802 -0.000259283 0.00026214 0.00098036 -0.000130375 -0.00106685 0.000397455
internal_weight=1979 42 1937 1913 1629 1597 1170 857 161 696 80 313 107 51 141 101 66 284 206 59 169 616 588 322 288 266 94 172 62 110
internal_count=1979 42 1937 1913 1629 1597 1170 857 161 696 80 313 107 51 141 101 66 284 206 59 169 616 588 322 288 266 94 172 62 110
is_linear=0
shrinkage=0.03


Tree=36
num_leaves=31
num_cat=0
split_feature=2 5 4 5 5 9 9 0 8 9 9 9 0 9 8 2 2 2 2 5 9 9 8 2 2 5 5 4 5 2
split_gain=0.282637 0.500012 0.512512 0.31623 0.224748 0.287888 0.38575 0.372216 0.148787 0.147856 0.331918 0.154125 0.144785 0.135789 0.147594 0.338907 0.131478 0.126803 0.126128 0.136829 0.118604 0.141781 0.104684 0.103341 0.143444 0.340842 0.148827 0.103322 0.104385 0.0987068
threshold=0.39941752928167856 0.23937365660558688 0.15188383163927302 0.48243215995500294 -0.028935352251604648 0.022493690326704525 0.02882176911975565 -0.0034306225726727364 0.67043111211777728 0.0447716414121564 0.043252421195420263 0.035613520529957518 -1.0000000180025095e-35 0.028998311757234354 0.99827187851368393 0.048058577405857734 0.022051386781810404 0.039485797370519722 0.17690298868362511 -0.0017014098400014996 0.03145531123427376 0.033504391836638517 1.1448669320877309 -0.073593668236525397 0.028737979004551443 0.085356743140897487 0.12973940340054205 0.015947824395366132 -0.01046108639705484 -0.11306267157775655
decision_type=2 2 2 2 2 2 2 2 2 2 2 2 2 2 2 2 2 2 2 2 2 2 2 2 2 2 2 2 2 2
left_child=1 2 4 -2 5 -1 7 29 -3 10 11 13 -10 23 18 -16 -8 -13 19 -15 -17 -22 -5 -6 25 27 -26 28 -25 -7
right_child=3 8 -4 22 9 6 16 -9 12 -11 -12 17 -14 14 15 20 -18 -19 -20 -21 21 -23 -24 24 26 -27 -28 -29 -30 -31
leaf_value=-0.00048777177830561409 0.0042660908091909661 -0.0040139130922034385 0.0047452459803649354 0.0015926687913420407 0.0013126250847126358 0.0030093800763345575 -7.85057740405393e-05 0.0053768782330338247 -3.9570433520046727e-05 -0.0010801039046070872 0.0037923101708292961 1.3689075437061295e-05 -0.0019316222433861602 0.0018333890098754478 0.0039536036960506702 0.0020487551154060794 0.0024493388560685244 -0.0018335283847593501 0.0022729927618056534 -0.00070322790792775583 -0.0022658266082568011 0.0011878779977560043 -0.0013750143628567457 -0.0018553230671212078 0.00044933984085360261 -0.0035038189444930065 -0.00058423801094362009 -0.0018143595730244005 0.00024366953322796378 0.00048434546682983636
leaf_weight=120 29 20 21 23 40 22 117 33 56 137 20 58 104 23 34 22 22 79 20 114 23 20 20 25 309 37 211 37 145 38
leaf_count=120 29 20 21 23 40 22 117 33 56 137 20 58 104 23 34 22 22 79 20 114 23 20 20 25 309 37 211 37 145 38
internal_value=2.79781e-12 -6.96632e-05 8.71657e-05 0.00184511 2.98271e-05 0.000705159 0.00132219 0.00281773 -0.00157435 -0.000145739 -4.05562e-05 -0.000104597 -0.0012694 1.77846e-05 0.000619525 0.00152665 0.000321585 -0.00105149 4.75148e-05 -0.000277373 0.000257172 -0.000659452 0.000212351 -0.000173814 -0.000251638 -0.000851736 2.99458e-05 -0.000377692 -6.50058e-05 0.00141019
internal_weight=1979 1907 1727 72 1706 352 232 93 180 1354 1217 1197 160 1060 256 99 139 137 157 137 65 43 43 804 764 244 520 207 170 60
internal_count=1979 1907 1727 72 1706 352 232 93 180 1354 1217 1197 160 1060 256 99 139 137 157 137 65 43 43 804 764 244 520 207 170 60
is_linear=0
shrinkage=0.03


Tree=37
num_leaves=31
num_cat=0
split_feature=2 9 2 4 3 3 9 2 7 1 1 6 4 7 9 9 3 9 9 2 1 2 9 3 2 6 0 9 9 6
split_gain=0.271722 0.33847 0.335911 0.298802 0.280619 0.256576 0.382605 0.435407 0.208817 0.21957 0.498478 0.167657 0.15574 0.129613 0.119894 0.118719 0.103847 0.0976258 0.162164 0.164709 0.112813 0.0833957 0.0776958 0.0709274 0.0704405 0.116705 0.0848066 0.070451 0.158488 0.0720208
threshold=0.46320706300911046 0.045202141561819807 -0.073593668236525397 0.11635392334398499 0.022804359011428302 0.052714158919926486 0.040462546360846639 0.1554153126733773 -0.23442920492003069 -0.061554350305395737 -0.10152449255941552 26.847469967236986 0.13965992153621712 0.25932699034682655 0.043849910196924392 0.051254733439288318 0.005777248102525113 0.03425257119690258 0.032712336000452376 0.049198203318109986 0.01077453292218389 0.028737979004551443 0.052261383887176681 -0.0093401809608203417 0.029326316727891547 47.605557803858083 0.01176075401608412 0.018622671528460956 0.02107867494531283 60.198992812790301
decision_type=2 2 2 2 2 2 2 2 2 2 2 2 2 2 2 2 2 2 2 2 2 2 2 2 2 2 2 2 2 2
left_child=1 2 4 13 8 14 7 -7 -1 10 -10 -11 -9 16 17 -2 -3 18 20 -20 24 -22 -18 -13 25 -4 -27 29 -29 -26
right_child=15 3 5 -5 -6 6 -8 12 9 11 -12 23 -14 -15 -16 -17 22 -19 19 -21 21 -23 -24 -25 27 26 -28 28 -30 -31
leaf_value=-0.00072939170136426888 0.0033723765611648562 0.00038693408755861327 0.00037037221588315846 -0.0035094983140496827 0.0045055393794817579 0.0028631900710752232 0.0049562457203865045 0.00056394017359707495 -7.6759091639162406e-05 -0.0014331189406892428 0.0060429533712565899 0.0025564911649728723 -0.0026550263692925293 -0.0018120144114589258 0.0021257227705791591 0.0004313655716500112 -0.0020486336918170184 -0.00080572628085082176 0.0034527629582126709 0.00029671178359421898 -0.0011646478935456504 -0.00028659127848415478 2.5287030328964363e-05 0.00055522341469957219 0.0029032800339628007 -0.00044509386961454951 -0.0023296413738641822 -0.0016452747289705174 0.0006470376256095501 0.00057915414284798314
leaf_weight=54 30 103 138 38 21 40 21 24 23 26 25 28 31 62 20 21 37 211 22 46 127 417 29 37 20 83 29 33 153 30
leaf_count=54 30 103 138 38 21 40 21 24 23 26 25 28 31 62 20 21 37 211 22 46 127 417 29 37 20 83 29 33 153 30
internal_value=6.20754e-13 -5.71732e-05 0.000102886 -0.0010443 0.00121216 -6.13936e-05 0.0012917 0.000481646 0.000853809 0.00146887 0.00311059 0.0006029 -0.00125039 -0.000638774 -0.000179497 0.00216137 -0.000208355 -0.000214718 -0.000101145 0.00131779 -0.000194822 -0.000491579 -0.00113737 0.00141731 0.00013735 -0.000213564 -0.000933057 0.00050908 0.000240337 0.0015088
internal_weight=1979 1928 1659 269 214 1445 116 95 193 139 48 91 55 231 1329 51 169 1309 1098 68 1030 544 66 65 486 250 112 236 186 50
internal_count=1979 1928 1659 269 214 1445 116 95 193 139 48 91 55 231 1329 51 169 1309 1098 68 1030 544 66 65 486 250 112 236 186 50
is_linear=0
shrinkage=0.03


Tree=38
num_leaves=31
num_cat=0
split_feature=6 4 5 4 5 1 5 2 4 5 6 3 1 4 2 0 0 2 4 6 4 5 2 2 5 7 2 4 3 2
split_gain=0.261079 0.309158 0.303757 0.215977 0.190537 0.26395 0.19933 0.185981 0.262881 0.196072 0.166049 0.128925 0.13853 0.253218 0.114006 0.110088 0.117923 0.096128 0.164776 0.116914 0.0934639 0.212707 0.0837262 0.081472 0.164224 0.133523 0.0788954 0.0762355 0.0746333 0.0738809
threshold=87.760212447422859 0.16388638673622016 0.16663751850763478 0.11300410990416355 -0.077985740794959665 -0.070569800569800598 -0.12423912675938385 0.41368158618905398 0.21249033996806135 0.4134632143734473 65.597427652733131 0.035755294824749935 0.042633832399827772 0.033529104034413455 0.11808812340042886 0.039946808510638372 1.0000000180025095e-35 -0.085070198292082774 -0.079944213118137972 43.690932311621971 0.080045409828292127 0.21964683723221681 0.033488022074501529 0.034711268839817795 0.078545041502471893 -0.043012220923171633 0.23853723769733595 -0.059946264521100349 -0.016793154030473375 0.30993088929091889
decision_type=2 2 2 2 2 2 2 2 2 2 2 2 2 2 2 2 2 2 2 2 2 2 2 2 2 2 2 2 2 2
left_child=2 -2 3 4 5 6 -1 9 -9 20 -11 15 -13 -14 22 16 17 18 -6 -20 -4 26 -15 24 28 -26 -22 -7 -18 -23
right_child=1 -3 7 -5 11 27 -8 8 -10 10 -12 12 13 14 -16 -17 23 -19 19 -21 21 29 -24 -25 25 -27 -28 -29 -30 -31
leaf_value=0.0011005678621586411 -0.00011404144948094406 0.0050395467435009776 -0.0012661421426384619 0.0028171357346905598 -0.001130125680938363 -0.00092764441241160967 0.0053360980572178954 0.0035574861403542203 -0.00081889801193028681 -0.00094966871012002233 -0.0047691729584974901 -0.0012476505605237824 0.0044424632041482259 0.0013459986308589577 0.0025727948583662507 0.0014923493674417075 -0.002103821402415633 -1.5926901342151286e-05 0.0030722769960651502 0.00018162172101438044 0.00032574456202564758 -0.0014353389771065057 -0.001058156214421615 -0.00013588999642436003 -0.00095975187823309433 -0.004384798220358789 0.0024259759976782581 0.00087235804661759168 -0.00031536641159846113 0.00038621508032083508
leaf_weight=20 22 20 159 27 21 30 20 21 30 20 21 21 20 22 20 38 24 586 34 20 60 101 32 262 21 20 22 72 168 25
leaf_count=20 22 20 159 27 21 30 20 21 30 20 21 21 20 22 20 38 24 586 34 20 60 101 32 262 21 20 22 72 168 25
internal_value=-3.89104e-12 0.00234005 -5.07393e-05 0.000158618 0.000109149 0.00115291 0.00321833 -0.00072488 0.000983143 -0.000938383 -0.002906 -4.07823e-06 0.000955265 0.00144741 0.000637931 -9.64773e-05 -0.000148705 0.000113501 0.00112476 0.00200166 -0.000718568 -0.000299989 -7.86857e-05 -0.000498843 -0.00090697 -0.00263051 0.000889221 0.000342946 -0.000538923 -0.00107392
internal_weight=1979 42 1937 1478 1451 142 40 459 51 408 41 1309 115 94 74 1194 1156 661 75 54 367 208 54 495 233 41 82 102 192 126
internal_count=1979 42 1937 1478 1451 142 40 459 51 408 41 1309 115 94 74 1194 1156 661 75 54 367 208 54 495 233 41 82 102 192 126
is_linear=0
shrinkage=0.03


Tree=39
num_leaves=31
num_cat=0
split_feature=6 5 2 9 2 8 6 9 6 0 0 8 2 9 5 9 1 7 6 9 2 9 2 8 9 9 9 6 5 9
split_gain=0.24565 0.286367 0.303006 0.26369 0.195647 0.324395 0.186615 0.176844 0.267312 0.151521 0.226106 0.120687 0.138662 0.103327 0.198606 0.193999 0.206898 0.305539 0.160302 0.21222 0.245399 0.322432 0.180094 0.15583 0.144244 0.12662 0.0849554 0.095635 0.0838962 0.083846
threshold=87.760212447422859 0.18209622758073121 0.24745382294502918 0.028344313438426562 0.41368158618905398 1.274688445443279 20.37234042553192 0.04344103780815909 72.391107078039951 0.058194183864915601 0.09231323857145525 0.76439480615657318 0.20424682239780137 0.021271728295027995 0.08915297296197934 0.04852483614004393 0.056387430259271405 -0.31845096430127651 54.783239729917341 0.030202882576064547 0.088130884395740031 0.035027465544941204 0.047054463563002365 1.4613538249515241 0.04344103780815909 0.028147407837518481 0.023796734937602756 49.801434087148372 0.0074393451574135136 0.041053905502406618
decision_type=2 2 2 2 2 2 2 2 2 2 2 2 2 2 2 2 2 2 2 2 2 2 2 2 2 2 2 2 2 2
left_child=1 2 6 -2 7 -6 -1 29 11 13 -11 -9 -13 -8 15 16 24 -18 -16 22 -21 -22 -20 25 26 -19 27 -15 -28 -3
right_child=3 4 -4 -5 5 -7 9 8 -10 10 -12 12 -14 14 18 -17 17 23 19 20 21 -23 -24 -25 -26 -27 28 -29 -30 -31
leaf_value=0.0027086798509117216 -0.00022325317841023206 -0.00079118703477280708 0.0037124377023428677 0.0045363011092624875 0.0028754453047088553 -0.0020251371748745439 -0.00044359093434846725 -0.0028636192085762175 -0.0051506837094202635 0.0033951732600589505 -0.00058787801383954031 -0.0017187417494623285 0.0011580468513071537 0.0016093670249033669 -0.0013116610056348144 -0.0010694928246289558 0.0051840224310290067 0.0016882946322650902 -0.0032756241703672069 0.0038274407379187483 0.0020781811370857448 -0.0020822876703459766 -0.00025839883643083081 0.0030164967365714761 0.0027476795719386165 -0.0014041023649937975 0.00044238610098467501 -0.00010793330405462295 -0.000416719975418957 0.0008470665968277238
leaf_weight=24 20 190 21 22 31 20 375 31 20 29 23 38 25 77 125 71 20 22 21 23 38 30 117 23 22 26 232 47 183 33
leaf_count=24 20 190 21 22 31 20 375 31 20 29 23 38 25 77 125 71 20 22 21 23 38 30 117 23 22 26 232 47 183 33
internal_value=-7.42192e-13 -4.92171e-05 0.000133344 0.00226985 -0.000778049 0.000953648 8.41547e-05 -0.00104012 -0.00200129 4.2274e-05 0.00163344 -0.0013312 -0.000577159 -1.47099e-05 0.000134622 0.000419686 0.000581851 0.00190874 -0.000447585 2.40726e-05 0.00114872 0.00024268 -0.000717542 0.00098613 0.000366615 1.32463e-05 0.000269429 0.000958455 6.35514e-05 -0.000548755
internal_weight=1979 1937 1549 42 388 51 1528 337 114 1504 52 94 63 1452 1077 723 652 91 354 229 91 68 138 71 561 48 539 124 415 223
internal_count=1979 1937 1549 42 388 51 1528 337 114 1504 52 94 63 1452 1077 723 652 91 354 229 91 68 138 71 561 48 539 124 415 223
is_linear=0
shrinkage=0.03


Tree=40
num_leaves=31
num_cat=0
split_feature=2 9 2 4 9 9 4 3 9 2 8 4 4 7 9 3 3 9 9 2 1 2 9 2 4 9 9 9 2 0
split_gain=0.233663 0.295427 0.292932 0.262196 0.260597 0.411446 0.335961 0.22902 0.355149 0.399916 0.15027 0.14584 0.139496 0.122102 0.111584 0.0998733 0.0913005 0.0912296 0.145449 0.153684 0.10642 0.0787105 0.0732047 0.0681759 0.0881814 0.110145 0.11521 0.0666468 0.149018 0.0665274
threshold=0.46320706300911046 0.045202141561819807 -0.073593668236525397 0.11635392334398499 0.021565422173822162 0.027645910497391662 -0.030400214276148359 0.052714158919926486 0.040462546360846639 0.1554153126733773 1.2357776046149529 0.13965992153621712 -0.076730879617764688 0.25932699034682655 0.043849910196924392 0.005777248102525113 -0.038663700695965413 0.03425257119690258 0.032712336000452376 0.049198203318109986 0.01077453292218389 0.028737979004551443 0.052261383887176681 0.029326316727891547 0.014418060748706664 0.023796734937602756 0.022197733292292798 0.052705681126948463 0.1509125211766518 -0.023850009924140821
decision_type=2 2 2 2 2 2 2 2 2 2 2 2 2 2 2 2 2 2 2 2 2 2 2 2 2 2 2 2 2 2
left_child=1 2 4 13 -1 6 12 14 9 -9 -2 -11 -6 15 17 27 -7 18 20 -20 23 -22 -17 24 25 26 -4 28 -3 -27
right_child=10 3 7 -5 5 16 -8 8 -10 11 -12 -13 -14 -15 -16 22 -18 -19 19 -21 21 -23 -24 -25 -26 29 -28 -29 -30 -31
leaf_value=-0.0009253755234054882 0.003539601665818029 0.00077833830701330535 -5.7171792255800493e-05 -0.0032845058131619896 0.0039850998669862742 0.0018723010671325027 0.0066323500599246472 0.0027234474385622888 0.00475209292024374 0.00053680183191318065 0.00027707250439561903 -0.0025781712027627131 0.00093654419222314439 -0.0017341113529138028 0.0020554258190095421 -0.0019732122277570387 -0.00024788903972555141 -0.00077377213298131253 0.0033134379140524698 0.00026484064221617501 -0.0011234970484000531 -0.00027046132804499264 3.9875717504463829e-05 0.00050694926431371981 -0.0020645619123908021 0.00040089042106222718 0.0018916506175592075 0.0015965807191096245 -0.002215925948029118 -0.001261347600763353
leaf_weight=44 27 52 86 38 22 25 20 40 21 24 24 31 35 62 20 37 68 211 22 46 127 417 29 236 21 31 40 30 21 72
leaf_count=44 27 52 86 38 22 25 20 40 21 24 24 31 35 62 20 37 68 211 22 46 127 417 29 236 21 31 40 30 21 72
internal_value=2.73957e-12 -5.30181e-05 9.65178e-05 -0.000975249 0.0011324 0.001665 0.00328699 -5.68926e-05 0.00122148 0.00044103 0.00200429 -0.00121891 0.00211318 -0.000595371 -0.000168474 -0.000177609 0.000322055 -0.000202452 -9.26632e-05 0.00125115 -0.000181381 -0.000469608 -0.00108867 0.000141243 -0.000203984 -3.33632e-05 0.000561502 0.00040618 -8.30254e-05 -0.000761062
internal_weight=1979 1928 1659 269 214 170 77 1445 116 95 51 55 57 231 1329 169 93 1309 1098 68 1030 544 66 486 250 229 126 103 73 103
internal_count=1979 1928 1659 269 214 170 77 1445 116 95 51 55 57 231 1329 169 93 1309 1098 68 1030 544 66 486 250 229 126 103 73 103
is_linear=0
shrinkage=0.03


Tree=41
num_leaves=31
num_cat=0
split_feature=6 5 1 2 8 2 5 1 9 1 2 5 5 9 6 8 9 8 6 9 9 9 8 2 2 1 2 9 9 3
split_gain=0.227963 0.26863 0.244083 0.230484 0.282213 0.184304 0.192228 0.237614 0.193636 0.33362 0.190133 0.302111 0.262484 0.383196 0.187607 0.169371 0.119445 0.157784 0.159242 0.126593 0.123172 0.101661 0.193045 0.161362 0.126871 0.114025 0.0893182 0.115159 0.114008 0.236076
threshold=87.760212447422859 0.21964683723221681 0.09922040120137933 0.39941752928167856 1.3058041123613573 0.24745382294502918 -0.077985740794959665 -0.070569800569800598 0.035613520529957518 0.12860944483650907 -0.073593668236525397 -0.057946840175061402 -0.0017014098400014996 0.025422139673677357 28.766409029566933 0.8571160802831107 0.030202882576064547 0.74168101614244242 61.660401002506269 0.044242982010957589 0.039878017894946986 0.027645910497391662 1.3226219475169645 0.032538114059853192 0.18280841056504529 0.01077453292218389 -0.08946872599846388 0.039596773088192851 0.04344103780815909 0.0021964837611153647
decision_type=2 2 2 2 2 2 2 2 2 2 2 2 2 2 2 2 2 2 2 2 2 2 2 2 2 2 2 2 2 2
left_child=1 5 -2 16 -5 6 7 14 9 10 11 -8 13 -13 -1 -7 -3 -18 -19 20 -20 25 24 -24 -23 -12 -10 -28 29 -29
right_child=2 3 -4 4 -6 15 8 -9 26 -11 21 12 -14 -15 -16 -17 17 18 19 -21 -22 22 23 -25 -26 -27 27 28 -30 -31
leaf_value=0.0051128940188500558 6.0425425710325893e-06 -2.8491347570113999e-05 0.0045852290829643608 0.0023700949056850123 -0.002074552958831191 0.00019897510231073413 -0.0020538060300584349 0.00033018313949549551 -0.0019456119360351609 0.0038658819214573929 0.00013179301283553984 0.00076054736461129882 -0.00018986741135663845 0.0055166937801986934 0.0010038063365500421 0.004056493590585887 -0.0039023096349018699 0.00042899175547063347 -0.0019829287234693765 -0.003376198807964101 0.00080272103659808638 -0.00023031466444081161 0.0038352939818105366 0.0006023609054020859 0.0019924404207043926 -0.00060953671852944247 -0.0015539592344222389 -0.00067687266690578929 -0.00064341949775468469 0.0030340731079276234
leaf_weight=20 22 46 20 36 20 21 21 102 46 21 351 31 34 30 20 20 26 34 50 36 20 208 24 33 26 399 70 36 129 27
leaf_count=20 22 46 20 36 20 21 21 102 46 21 351 31 34 30 20 20 26 34 50 36 20 208 24 33 26 399 70 36 129 27
internal_value=-1.81288e-13 -4.74122e-05 0.00218661 -0.000929059 0.000782721 9.41583e-05 4.41289e-05 0.00109868 -5.66425e-05 0.000118466 5.0449e-05 0.00120252 0.00192234 0.00309964 0.00305835 0.00208069 -0.00138123 -0.00175608 -0.0013575 -0.00193052 -0.00118703 -7.79278e-05 0.000398017 0.0019636 1.66581e-05 -0.000262594 -0.000726376 -0.000512312 -0.000132545 0.000913533
internal_weight=1979 1937 42 268 56 1669 1628 142 1486 1178 1157 116 95 61 40 41 212 166 140 106 70 1041 291 57 234 750 308 262 192 63
internal_count=1979 1937 42 268 56 1669 1628 142 1486 1178 1157 116 95 61 40 41 212 166 140 106 70 1041 291 57 234 750 308 262 192 63
is_linear=0
shrinkage=0.03


Tree=42
num_leaves=31
num_cat=0
split_feature=6 4 5 4 5 1 5 9 3 2 2 2 4 9 6 9 5 4 9 0 0 2 6 6 2 9 3 9 0 4
split_gain=0.214491 0.261567 0.25413 0.186499 0.163266 0.223571 0.182663 0.153443 0.19029 0.196284 0.161696 0.148442 0.239783 0.187707 0.205255 0.16938 0.15251 0.272306 0.45619 0.110061 0.136529 0.144625 0.127947 0.121065 0.109963 0.139157 0.0962937 0.121323 0.0884359 0.0717375
threshold=87.760212447422859 0.16388638673622016 0.16663751850763478 0.11300410990416355 -0.077985740794959665 -0.070569800569800598 -0.12423912675938385 0.04852483614004393 0.035755294824749935 0.013687130903316748 0.11808812340042886 0.41368158618905398 0.21249033996806135 0.0447716414121564 65.597427652733131 0.050083738565685078 0.34462793802808361 0.13685680025460237 0.039596773088192851 0.035208944281524886 1.0000000180025095e-35 -0.085070198292082774 33.678839957035457 52.766841644794418 -0.026391140919811314 0.052261383887176681 0.057562342161102016 0.030784065261534582 0.031548170063952503 -0.059946264521100349
decision_type=2 2 2 2 2 2 2 2 2 2 2 2 2 2 2 2 2 2 2 2 2 2 2 2 2 2 2 2 2 2
left_child=2 -2 3 4 5 6 -1 8 19 -10 -11 13 -13 16 15 -15 17 26 -19 20 21 22 -6 -21 -9 -26 27 -4 -22 -7
right_child=1 -3 11 -5 7 29 -8 24 9 10 -12 12 -14 14 -16 -17 -18 18 -20 23 28 -23 -24 -25 25 -27 -28 -29 -30 -31
leaf_value=0.00093930742645170534 -0.00013630548290993004 0.0046040556479129005 -0.00028316516157870819 0.0026159405553092558 -6.1479783358259321e-05 -0.00091225891589419913 0.0049938920114800563 -0.002373065643478185 0.0032284964671866461 -0.00056912959004043939 0.0025972769934950127 0.0033219818883974636 -0.00085771550796926018 -0.0022739465547991652 -0.0036451733072037592 0.00053035016482075043 -0.0028468699314081196 -0.00071825259468621678 0.0052596104945987461 4.6951401357849433e-05 -0.00039647252673937118 3.9526326564774423e-05 0.0026250678100264986 0.003084054049343519 -0.0015549742197617886 0.0016756308339536191 0.0012975484980270267 -0.0017833104943727246 -0.0024366110991686581 0.00083383456832962109
leaf_weight=20 22 20 121 27 27 30 20 40 33 47 21 21 30 42 39 36 22 27 20 27 436 548 39 21 30 20 20 81 20 72
leaf_count=20 22 20 121 27 27 30 20 40 33 47 21 21 30 42 39 36 22 27 20 27 436 548 39 21 30 20 20 81 20 72
internal_value=4.20399e-13 0.00212101 -4.59899e-05 0.000145504 9.9534e-05 0.00106572 0.0029666 -5.27764e-06 8.29785e-05 0.00133004 0.000408731 -0.000662607 0.000863336 -0.00085335 -0.00186816 -0.000979656 -0.000445333 -0.000248925 0.00182552 -2.9681e-05 -9.27254e-05 0.000199313 0.00152603 0.00137568 -0.00120066 -0.000262732 -0.000688109 -0.000884709 -0.000485952 0.000320278
internal_weight=1979 42 1937 1478 1451 142 40 1309 1219 101 68 459 51 408 117 78 291 269 47 1118 1070 614 66 48 90 50 222 202 456 102
internal_count=1979 42 1937 1478 1451 142 40 1309 1219 101 68 459 51 408 117 78 291 269 47 1118 1070 614 66 48 90 50 222 202 456 102
is_linear=0
shrinkage=0.03


Tree=43
num_leaves=31
num_cat=0
split_feature=6 4 5 4 2 4 5 1 6 9 9 6 4 4 3 1 5 4 9 6 6 1 5 6 9 2 9 9 2 5
split_gain=0.201814 0.246109 0.241321 0.2524 0.206484 0.225611 0.170708 0.210358 0.175443 0.146063 0.185156 0.272761 0.497005 0.222097 0.153938 0.137668 0.12435 0.124068 0.112912 0.263054 0.130064 0.0835659 0.0832286 0.162925 0.133163 0.08073 0.114237 0.0836051 0.0796256 0.127997
threshold=87.760212447422859 0.16388638673622016 0.21964683723221681 0.13685680025460237 0.41368158618905398 0.21249033996806135 -0.077985740794959665 -0.070569800569800598 28.766409029566933 0.035613520529957518 0.025751445073890943 41.40770764974588 -0.032482520366832184 0.015947824395366132 -0.017200974034360435 0.11896587088546641 0.091657156733415693 0.096089876761547358 0.04344103780815909 65.597427652733131 54.452853662329595 0.01077453292218389 0.10567509117407793 62.31884057971012 0.033050594405784582 0.14273227969348659 0.024993476182671656 0.023361017134076258 0.13084799477020162 0.12626255907969733
decision_type=2 2 2 2 2 2 2 2 2 2 2 2 2 2 2 2 2 2 2 2 2 2 2 2 2 2 2 2 2 2
left_child=2 -2 3 6 18 -6 7 8 -1 10 21 12 14 16 -12 22 -13 28 -4 20 -20 -8 24 -24 -15 26 -23 -27 29 -11
right_child=1 -3 4 -5 5 -7 9 -9 -10 17 11 13 -14 15 -16 -17 -18 -19 19 -21 -22 25 23 -25 -26 27 -28 -29 -30 -31
leaf_value=0.0048644273027312005 -0.00013221633525311267 0.0044659340847283601 -0.00074009053006022466 0.0028164542485028502 0.0032223225078944649 -0.00083198402542620901 0.00014666847602740822 0.00031066931882806406 0.00089077607559738677 -0.0008620938445640994 0.0022808326213904048 -0.00030386078415904193 0.0061947499179015198 -0.0004787170486984947 -0.001271771312292133 0.0031205190070481463 -0.002875470606610179 0.001663490661419928 -0.0025873318221420047 -0.0041314276538656223 0.00055740302171686598 -0.00085762008404530275 0.0028887413597798771 0.00017264944860590216 0.0020087397085502743 0.0010669105262226927 0.00114777672553568 -0.0011758748974118913 -0.0016083760171608588 0.00090121865153629732
leaf_weight=20 22 20 133 30 21 30 374 102 20 175 23 110 21 86 21 22 20 20 20 35 29 294 35 46 25 52 28 21 77 47
leaf_count=20 22 20 133 30 21 30 374 102 20 175 23 110 21 86 21 22 20 20 20 35 29 294 35 46 25 52 28 21 77 47
internal_value=-3.03936e-12 0.00205738 -4.46102e-05 8.95715e-05 -0.000880241 0.000837436 3.9659e-05 0.00103375 0.0028776 -5.46367e-05 9.95697e-05 0.000615295 0.00239756 0.000278529 0.000585272 0.000872655 -0.000699493 -0.000624089 -0.00128394 -0.00214502 -0.000726162 -0.000174724 0.000615087 0.00134627 8.1521e-05 -0.000479029 -0.000683238 0.000421726 -0.000777104 -0.00048878
internal_weight=1979 42 1937 1669 268 51 1639 142 40 1497 1178 409 65 344 44 214 130 319 217 84 49 769 192 81 111 395 322 73 299 222
internal_count=1979 42 1937 1669 268 51 1639 142 40 1497 1178 409 65 344 44 214 130 319 217 84 49 769 192 81 111 395 322 73 299 222
is_linear=0
shrinkage=0.03


Tree=44
num_leaves=31
num_cat=0
split_feature=6 5 4 4 6 9 5 1 9 9 5 9 5 8 1 9 5 9 5 9 1 8 6 6 9 9 9 0 9 0
split_gain=0.189887 0.231885 0.231564 0.168417 0.155629 0.10306 0.151866 0.199883 0.326605 0.311847 0.543246 0.10582 0.120447 0.209514 0.135723 0.1201 0.0966772 0.122152 0.130327 0.159428 0.0976983 0.0887735 0.130574 0.194195 0.095053 0.098356 0.0761124 0.0751244 0.110639 0.103356
threshold=87.760212447422859 0.16663751850763478 0.16388638673622016 0.11300410990416355 20.37234042553192 0.021352957021287425 -0.0067475689022324916 0.019742759489116749 0.045594873608079088 0.025422139673677357 -0.049064428871964154 0.034387850599823577 0.13345014101486311 0.5800432010685278 -0.028343689198518814 0.047489943291374452 0.063416478983690863 0.020059812804316703 0.077497756255573771 0.017467676705258763 0.046492300010511974 0.80585419907393996 81.903380017103316 77.42332111240276 0.034529509676496574 0.050083738565685078 0.039878017894946986 0.023233322837479257 0.042039630578940064 0.063490378259408523
decision_type=2 2 2 2 2 2 2 2 2 2 2 2 2 2 2 2 2 2 2 2 2 2 2 2 2 2 2 2 2 2
left_child=1 3 -2 4 -1 16 7 -7 9 -9 -11 -8 14 -14 -13 26 20 18 -18 -20 -6 24 23 27 -3 -26 -16 -23 -29 -30
right_child=2 21 -4 -5 5 6 11 8 -10 10 -12 12 13 -15 15 -17 17 -19 19 -21 -22 22 -24 -25 25 -27 -28 28 29 -31
leaf_value=0.0024916988401673733 -0.00012824984531934288 -0.00018696969962911678 0.0043319560003001242 0.002487271059718397 -0.00059186162786548037 0.00028714191025255788 0.00019572418383324337 0.00010026633889148278 -0.00089043352711506974 0.00094425355049315826 0.0077046890321957016 -0.0020004645261232166 -0.001132617434777785 0.0029705447091587954 -0.00024749995331457847 -0.001979391918414169 0.0026706540032120588 -0.0015577808576636015 -0.00087844511886703649 0.0014327197076363519 -0.0027529246652764931 -0.00090541752269422172 -0.0022247406814037071 0.001824419076652511 -0.0026410377496345473 -0.00048189643898914592 0.0018866122030885889 -0.00060809053057986914 0.002829541838062661 -0.00018385676946491001
leaf_weight=24 22 45 20 27 182 240 519 21 26 20 23 68 24 21 53 27 22 30 61 48 21 151 31 38 55 29 21 69 21 20
leaf_count=24 22 45 20 27 182 240 519 21 26 20 23 68 24 21 53 27 22 30 61 48 21 151 31 38 55 29 21 69 21 20
internal_value=3.40323e-13 -4.32719e-05 0.00199566 0.000139648 9.59641e-05 5.56714e-05 0.000204861 0.000739277 0.00194497 0.00309685 0.0045603 -3.57358e-05 -0.00059708 0.000782192 -0.000964342 -0.000266755 -0.000380011 0.000168984 0.000564426 0.000139316 -0.00081542 -0.000632283 -0.000371431 -0.000179281 -0.00129958 -0.00189562 0.000358126 -0.000471008 0.000125318 0.00135959
internal_weight=1979 1937 42 1478 1451 1427 1063 330 90 64 43 733 214 45 169 101 364 161 131 109 203 459 330 299 129 84 74 261 110 41
internal_count=1979 1937 42 1478 1451 1427 1063 330 90 64 43 733 214 45 169 101 364 161 131 109 203 459 330 299 129 84 74 261 110 41
is_linear=0
shrinkage=0.03


Tree=45
num_leaves=31
num_cat=0
split_feature=2 5 4 5 4 5 6 5 4 2 5 2 3 5 8 2 2 7 5 3 5 3 5 5 6 2 8 0 2 2
split_gain=0.187768 0.31096 0.394412 0.439765 0.212198 0.179457 0.159428 0.157066 0.128049 0.114678 0.128357 0.112944 0.107145 0.226112 0.0968831 0.151709 0.146868 0.0966029 0.0801391 0.0738449 0.0832838 0.0704818 0.0618507 0.0589295 0.0575276 0.0693907 0.0539676 0.0612793 0.0491188 0.0477752
threshold=0.46320706300911046 0.35767842657335708 0.15484795994745651 0.26981639188701539 0.14250170761421979 -0.028935352251604648 22.494331065759635 0.59683879262934547 0.11635392334398499 0.29532921249583372 0.15795606684376332 -0.13036408404323549 0.027130760046709782 -0.057946840175061402 0.43209997507328746 -0.069312288251256446 0.18280841056504529 -0.20671021612451615 0.002781839637819417 -0.0021994259002652834 0.21964683723221681 0.013228288910924759 0.27553628447297723 0.058979009696924496 26.847469967236986 -0.13036408404323549 1.0369136758267306 0.0090674183697438977 0.12624319300877165 -0.0092670120135316929
decision_type=2 2 2 2 2 2 2 2 2 2 2 2 2 2 2 2 2 2 2 2 2 2 2 2 2 2 2 2 2 2
left_child=1 2 4 -4 5 6 -1 -2 -3 10 11 -7 24 -14 23 17 29 -16 -19 -12 28 -18 -22 -13 -8 -26 27 -27 -21 -17
right_child=7 8 3 -5 -6 9 12 -9 -10 -11 19 14 13 -15 15 16 21 18 -20 20 22 -23 -24 -25 25 26 -28 -29 -30 -31
leaf_value=0.0030102374971560809 0.0034945330124348402 -0.0004132517323725753 0.0057013572598605044 0.00010283056089454995 -0.0029758587716655297 -0.0020295666508376598 -0.0012167638914315434 0.00016418059956497296 -0.0030613096949777428 0.0019408544922328512 -0.0013883037425146559 -0.00013097712081884416 -0.00031259668970181205 0.0041444782633334393 -0.00014506621222773737 -0.00054018258916491092 0.0028872410641898488 0.0036921786032617088 0.0011208996234927328 -0.00088448932701040326 -0.0016916001013552147 0.00045742792942162072 0.00023888384574092923 -0.0018397229902732829 0.0013417731708271756 0.00080653505941644034 -0.00058025902862541634 -0.00059588646338517334 0.00033361861078013078 1.5279854006699417e-05
leaf_weight=23 25 27 23 28 22 25 23 26 42 23 101 34 21 20 22 174 22 20 24 41 59 21 20 39 51 107 69 38 109 700
leaf_count=23 25 27 23 28 22 25 23 26 42 23 101 34 21 20 22 174 22 20 24 41 59 21 20 39 51 107 69 38 109 700
internal_value=-7.44508e-14 -4.7527e-05 2.58745e-05 0.00262766 -4.75164e-05 -1.1445e-05 0.00059552 0.00179671 -0.00202511 -0.000160435 -0.000194687 -3.65943e-05 0.00042671 0.00186159 1.05878e-05 8.88943e-05 -1.10911e-05 0.00147809 0.00228966 -0.000712561 -0.000414526 0.00170059 -0.00120287 -0.00104387 0.000222439 0.000347351 0.000110363 0.000439004 6.69108e-07 -9.53042e-05
internal_weight=1979 1928 1859 51 1808 1786 352 51 69 1434 1411 1081 329 41 1056 983 917 66 44 330 229 43 79 73 288 265 214 145 150 874
internal_count=1979 1928 1859 51 1808 1786 352 51 69 1434 1411 1081 329 41 1056 983 917 66 44 330 229 43 79 73 288 265 214 145 150 874
is_linear=0
shrinkage=0.03


Tree=46
num_leaves=31
num_cat=0
split_feature=2 5 2 9 5 5 8 9 9 1 5 5 1 2 1 5 9 9 9 5 3 1 8 7 9 2 8 9 9 2
split_gain=0.176671 0.292583 0.247107 0.286396 0.236826 0.189613 0.150763 0.180493 0.212064 0.227176 0.210624 0.147783 0.127019 0.161674 0.173507 0.121278 0.11272 0.201249 0.124379 0.111803 0.103223 0.0908057 0.181972 0.0884032 0.0832257 0.218695 0.0811221 0.0802974 0.168793 0.141548
threshold=0.46320706300911046 0.35767842657335708 0.29532921249583372 0.040628441186054708 0.14661883492515207 0.1421791749058097 0.81272988961931736 0.022107731136481443 0.046746461007023295 0.11896587088546641 -0.102800231474715 0.59683879262934547 -0.10828451241527297 -0.040071452226359043 0.023098627677311748 0.1011204211053507 0.050083738565685078 0.044548408961695568 0.046321695696809155 0.062598350669487837 0.024668684322247229 0.12345933488290951 0.97711025328371948 0.50307395536569299 0.031971633523351438 0.049198203318109986 0.61810926855491666 0.021647122449957559 0.026005649447210077 -0.067048743496939553
decision_type=2 2 2 2 2 2 2 2 2 2 2 2 2 2 2 2 2 2 2 2 2 2 2 2 2 2 2 2 2 2
left_child=1 2 4 -4 5 6 15 19 9 10 -9 -2 -12 14 23 27 17 -6 -19 20 -8 22 -3 -14 -15 -26 -17 -1 29 -29
right_child=11 21 3 -5 16 -7 7 8 -10 -11 12 -13 13 24 -16 26 -18 18 -20 -21 -22 -23 -24 -25 25 -27 -28 28 -30 -31
leaf_value=-0.00074887944002041663 0.0033896970578469335 -0.003257445444935001 -0.00043304846622049809 0.0042773442421681603 -0.00047680850847557719 0.0024422934948233888 -0.00045999404830148529 0.0034290881191554943 -0.0010846502355532721 0.0040241258112447605 -0.0016900766075123102 0.00015925517887808383 0.0020387675246242905 5.5855414779806455e-05 0.0043432130722794683 -0.0021312382671361168 0.0012659309919063862 -0.0041999931952783039 -0.0013938161749816077 0.00049534286711908255 -0.0027799814511090515 -0.0034081683989614247 0.00061717901728115972 -0.00020827093806404334 0.0030059624712585526 -0.00030592543838888799 -0.00042062682191109551 0.0028830624429573275 -0.00026246359398170047 0.00051036276991051858
leaf_weight=116 25 20 21 26 336 32 126 26 50 21 20 26 40 185 20 45 26 21 44 108 20 25 24 26 34 38 56 29 290 103
leaf_count=116 25 20 21 26 336 32 126 26 50 21 20 26 40 185 20 45 26 21 44 108 20 25 24 26 34 38 56 29 290 103
internal_value=1.41906e-12 -4.61012e-05 2.50983e-05 0.0021727 -3.06066e-05 0.000159828 0.000105845 0.000405431 0.000759869 0.00098481 0.000820734 0.00174281 0.00063391 0.000769419 0.00189535 -0.000228903 -0.000648293 -0.000772408 -0.00230043 -0.000236464 -0.000777801 -0.00196436 -0.00114401 0.00115357 0.000392649 0.00125802 -0.00118278 -4.98295e-05 0.000142326 0.00103164
internal_weight=1979 1928 1859 47 1812 1385 1353 714 460 410 389 51 363 343 86 639 427 401 65 254 146 69 44 66 257 72 101 538 422 132
internal_count=1979 1928 1859 47 1812 1385 1353 714 460 410 389 51 363 343 86 639 427 401 65 254 146 69 44 66 257 72 101 538 422 132
is_linear=0
shrinkage=0.03


Tree=47
num_leaves=31
num_cat=0
split_feature=6 5 1 2 8 2 5 1 5 9 1 2 1 5 8 9 8 6 9 9 7 2 9 2 9 1 5 5 5 2
split_gain=0.174674 0.202987 0.194101 0.168524 0.263451 0.156608 0.150453 0.18744 0.172687 0.151462 0.277183 0.150028 0.271298 0.159159 0.141451 0.104157 0.1369 0.142401 0.0969647 0.0982032 0.0950489 0.0829459 0.110603 0.103049 0.133223 0.120664 0.107775 0.121039 0.0978541 0.0937869
threshold=87.760212447422859 0.21964683723221681 0.09922040120137933 0.39941752928167856 1.3058041123613573 0.24745382294502918 -0.077985740794959665 -0.070569800569800598 -0.12423912675938385 0.035613520529957518 0.12860944483650907 -0.073593668236525397 0.020864427860696536 -0.057946840175061402 0.8571160802831107 0.030202882576064547 0.74168101614244242 61.660401002506269 0.044242982010957589 0.039878017894946986 -0.21528319451823072 -0.08946872599846388 0.039596773088192851 0.14872371356503214 0.047898669812329743 0.019317631094310398 0.15299418675904622 0.084036882248917602 0.1011204211053507 -0.018781305441823156
decision_type=2 2 2 2 2 2 2 2 2 2 2 2 2 2 2 2 2 2 2 2 2 2 2 2 2 2 2 2 2 2
left_child=1 5 -2 15 -5 6 7 8 -1 10 11 12 13 -8 -7 -3 -17 -18 19 -19 -15 -11 28 24 26 -25 27 -24 -23 -26
right_child=2 3 -4 4 -6 14 9 -9 -10 21 -12 -13 -14 20 -16 16 17 18 -20 -21 -22 22 23 25 29 -27 -28 -29 -30 -31
leaf_value=0.00073775781996664592 -3.0477501938796858e-05 6.8664246633567876e-05 0.0040530297883087773 0.0021895302833096742 -0.0021048312820494174 0.00019311602892620221 -0.001980851573869586 0.0002858426936676123 0.0046800694107951134 -0.0018209721631200922 0.0035169366800359312 -7.4872751284111552e-05 0.0042411508932709693 -0.00044428494185782397 0.0037183807706460356 -0.0035437381498587242 0.00051606735296766545 -0.0017751573605462908 -0.0029804274512813811 0.00071217102091759442 0.0017920145960524678 -0.00048919573263265191 0.00064849365394209219 -0.0024464687483850864 -0.0022225327984514561 0.00044170138709571048 -0.0005867829799119915 0.0035286522901151326 -0.0027557657267898322 0.00018572730791949947
leaf_weight=20 22 46 20 36 20 21 20 102 20 46 21 1041 20 26 20 26 34 50 36 20 50 40 29 30 22 23 21 24 30 43
leaf_count=20 22 46 20 36 20 21 20 102 20 46 21 1041 20 26 20 26 34 50 36 20 50 40 29 30 22 23 21 24 30 43
internal_value=-9.97972e-13 -4.15024e-05 0.00191405 -0.000807894 0.00065583 8.15612e-05 3.54438e-05 0.000968398 0.00270891 -5.37079e-05 0.000101162 3.9164e-05 0.00106255 0.000400336 0.00191276 -0.00119454 -0.00154458 -0.00117331 -0.00171519 -0.00106449 0.00102696 -0.000646034 -0.000439747 -6.75669e-05 0.000361598 -0.00119311 0.00123205 0.00195272 -0.00146058 -0.000629376
internal_weight=1979 1937 42 268 56 1669 1628 142 40 1486 1178 1157 116 96 41 212 166 140 106 70 76 308 262 192 139 53 74 53 70 65
internal_count=1979 1937 42 268 56 1669 1628 142 40 1486 1178 1157 116 96 41 212 166 140 106 70 76 308 262 192 139 53 74 53 70 65
is_linear=0
shrinkage=0.03


Tree=48
num_leaves=31
num_cat=0
split_feature=6 4 5 4 5 5 6 6 9 1 9 4 9 5 9 1 6 0 9 4 9 6 5 9 9 3 5 5 6 1
split_gain=0.164351 0.201353 0.19099 0.21519 0.143445 0.206109 0.142714 0.150541 0.168756 0.158189 0.11991 0.107386 0.0956914 0.164546 0.170553 0.235997 0.274863 0.120998 0.108612 0.107102 0.227478 0.21967 0.193173 0.121641 0.153206 0.0980413 0.170849 0.0923154 0.0911664 0.11834
threshold=87.760212447422859 0.16388638673622016 0.21964683723221681 0.13685680025460237 -0.102800231474715 -0.11764291793541497 81.903380017103316 75.231814106579222 0.040462546360846639 -0.036125435675507571 0.030665295716146162 -0.11077906633424033 0.021271728295027995 0.08915297296197934 0.04852483614004393 0.045727443109501061 46.608250137661905 0.033002788460638761 0.040210937526493455 0.012170723435523169 0.027855722416644111 58.677435025504032 0.14496988897841015 0.050320310024247882 0.026658774821215359 -0.00043674464967535792 0.14013638679495491 0.16791827228865244 69.035594035594059 -0.013818519744379696
decision_type=2 2 2 2 2 2 2 2 2 2 2 2 2 2 2 2 2 2 2 2 2 2 2 2 2 2 2 2 2 2
left_child=2 -2 3 4 5 -1 7 9 -9 -4 -11 -6 -13 14 15 18 -17 -18 -14 23 28 22 -22 24 -15 27 -27 -23 29 -21
right_child=1 -3 6 -5 11 -7 -8 8 -10 10 -12 12 13 19 -16 16 17 -19 -20 20 21 25 -24 -25 -26 26 -28 -29 -30 -31
leaf_value=0.00031191461217355436 -0.00012389293840070337 0.00403520169731928 0.0011876797231917199 0.0025969818057492372 -0.0022170803148765118 0.0035862104599073061 -0.0029910310215927895 -0.00096605480803797642 0.0022781039221632863 0.00034000700842889568 -0.001737931280472684 -0.0004152338671585844 0.00018170120548769239 0.00036001967140691704 -0.0011648891047973719 0.0049853396258549764 0.00053865050577646672 0.003072725842198865 0.0020125330770913992 0.00037625544919417451 0.0046304618567228322 0.0003818947665526398 0.00079406350851058956 0.0010313083629377865 -0.0020833793403004842 -0.00095271119081805794 0.0019834732534114402 -0.0023692348060886498 0.00017820340106621956 -0.0019724610873963684
leaf_weight=62 22 20 26 30 20 24 24 27 31 31 129 383 492 32 56 20 74 22 31 26 21 21 27 22 83 31 42 23 52 75
leaf_count=62 22 20 26 30 20 24 24 27 31 31 129 383 492 32 56 20 74 22 31 26 21 21 27 22 83 31 42 23 52 75
internal_value=2.46294e-13 0.00185663 -4.02573e-05 7.91144e-05 3.30277e-05 0.00122567 -0.000783658 -0.000566539 0.000767892 -0.000982652 -0.00133533 -3.3017e-05 -4.52299e-06 0.000132262 0.000422617 0.000561741 0.00178592 0.00111938 0.000290221 -0.000311248 -9.14066e-06 0.000763507 0.00247249 -0.00101249 -0.00140348 6.23865e-05 0.0007366 -0.0010562 -0.000842388 -0.00136784
internal_weight=1979 42 1937 1669 1639 86 268 244 58 186 160 1553 1533 1150 695 639 116 96 523 455 318 165 48 137 115 117 73 44 153 101
internal_count=1979 42 1937 1669 1639 86 268 244 58 186 160 1553 1533 1150 695 639 116 96 523 455 318 165 48 137 115 117 73 44 153 101
is_linear=0
shrinkage=0.03


Tree=49
num_leaves=31
num_cat=0
split_feature=6 4 6 1 8 4 4 7 2 9 1 2 1 6 7 6 9 8 7 9 4 2 2 1 4 3 1 8 9 9
split_gain=0.154638 0.189453 0.149714 0.133772 0.125128 0.094973 0.206396 0.171043 0.139613 0.0996184 0.180409 0.160208 0.514223 0.15334 0.0934758 0.137551 0.107535 0.135455 0.0959377 0.0644045 0.106334 0.181963 0.08558 0.0876961 0.0782717 0.0954963 0.112705 0.0713074 0.0688504 0.142711
threshold=87.760212447422859 0.16388638673622016 20.37234042553192 0.26662217137045513 0.32955517402827128 0.15484795994745651 0.14250170761421979 -0.21122020596717031 0.29532921249583372 0.035613520529957518 0.12860944483650907 -0.042736895509997035 0.035904593894752097 64.5138888888889 -0.23442920492003069 26.847469967236986 0.021271728295027995 1.1677901483951307 0.075236517684014195 0.032635297523345659 0.018653453514495991 0.078893098428576738 0.028737979004551443 0.01077453292218389 0.012697813461414078 0.0083190117533074055 0.01171665865879601 2.1906286104872668 0.018622671528460956 0.020985020732670171
decision_type=2 2 2 2 2 2 2 2 2 2 2 2 2 2 2 2 2 2 2 2 2 2 2 2 2 2 2 2 2 2
left_child=2 -2 -1 4 -4 6 8 -7 9 10 11 12 14 -11 -6 -16 -17 18 -18 22 -21 -22 24 28 25 26 -13 -25 -24 -30
right_child=1 -3 3 -5 5 7 -8 -9 -10 13 -12 19 -14 -15 15 16 17 -19 -20 20 21 -23 23 27 -26 -27 -28 -29 29 -31
leaf_value=0.002315670222742483 -0.00012017614218745042 0.0039141456086654218 -0.001933114434810235 -0.0025092467567883431 -0.00072340399625004618 0.0032456184427825394 -0.0027114837100872626 0.00017305193202836174 0.0018848507580525406 -0.00022421109175560836 0.0025960393745452165 -0.00032499979576790954 0.0053353854375891392 -0.0018646557083702646 -0.0014475947104232465 -0.00047262884792871769 0.0036081164521325764 -9.1412983714572838e-05 0.0013296690252872605 -0.00079545496248740793 0.0036262840893468819 0.00031508733932781268 0.00141119861156125 -0.0001967792544292024 -0.0013802724462778618 0.00093767043755411397 -0.0025981440654267432 -0.0019529814400117505 -0.0016220275647091595 0.00055446591258116404
leaf_weight=24 22 20 31 20 58 22 26 63 34 353 25 134 20 60 23 31 29 31 39 37 20 59 51 384 90 43 23 22 33 152
leaf_count=24 22 20 31 20 58 22 26 63 34 353 25 134 20 60 23 31 29 31 39 37 20 59 51 384 90 43 23 22 33 152
internal_value=2.81865e-13 0.00180093 -3.90496e-05 -6.85913e-05 -4.28052e-05 -1.13339e-05 -5.81933e-05 0.000968304 -1.87955e-05 -5.64915e-05 7.21089e-05 2.27748e-05 0.000737934 -0.000462532 0.000302157 0.000690931 0.00106929 0.00155211 0.00230136 -0.00013486 0.000531759 0.00115336 -0.00021783 -2.46196e-05 -0.000645559 -0.000314937 -0.000658008 -0.000291943 0.000435267 0.000166227
internal_weight=1979 42 1937 1913 1893 1862 1777 85 1751 1717 1304 1279 231 413 211 153 130 99 68 1048 116 79 932 642 290 200 157 406 236 185
internal_count=1979 42 1937 1913 1893 1862 1777 85 1751 1717 1304 1279 231 413 211 153 130 99 68 1048 116 79 932 642 290 200 157 406 236 185
is_linear=0
shrinkage=0.03


Tree=50
num_leaves=31
num_cat=0
split_feature=8 6 9 3 4 5 8 9 9 0 5 1 1 4 1 3 8 9 5 4 9 8 3 8 1 1 5 1 5 0
split_gain=0.149146 0.190716 0.348347 0.238936 0.157406 0.119473 0.122761 0.112989 0.385853 0.38712 0.165516 0.210267 0.124973 0.10637 0.126015 0.102358 0.0970948 0.0854672 0.127849 0.184406 0.103857 0.131469 0.252217 0.0763403 0.0850235 0.0759293 0.0734096 0.0715133 0.0673181 0.075477
threshold=0.81272988961931736 32.619484302513762 0.030027112810661203 -0.025704517375839005 0.26881607714569228 0.071752309426285313 0.41541855609394568 0.045594873608079088 0.040462546360846639 0.012185841036492564 0.14661883492515207 0.11896587088546641 -0.088929204195398445 0.13965992153621712 0.11157750255362621 0.016562801343367965 0.84477414893899805 0.025853438825319233 0.0039506998552455439 -0.0054801199438463946 0.034650804089397261 0.95969115122099635 0.022804359011428302 0.78472465758571697 0.066509884416539503 0.13991146512149169 0.2029314321258118 0.0041401479641416392 0.080009383460706976 -0.0063068534729382999
decision_type=2 2 2 2 2 2 2 2 2 2 2 2 2 2 2 2 2 2 2 2 2 2 2 2 2 2 2 2 2 2
left_child=5 2 3 -2 7 23 -7 8 10 26 11 16 -9 14 -12 28 -3 -18 19 -19 21 -20 -23 24 27 -15 -10 -1 -8 -30
right_child=1 4 -4 -5 -6 6 15 12 9 -11 13 -13 -14 25 -16 -17 17 18 20 -21 -22 22 -24 -25 -26 -27 -28 -29 29 -31
leaf_value=0.00029772611495401099 0.0012657654057589491 0.0018389394611987317 -0.00060222169158245938 0.0053450080158654592 0.0023701669089496134 -0.0020795030458713878 -0.0017077603630340575 0.0012570307560434396 0.0018420495036989449 0.0052208197030883564 -0.00059486095091828737 0.0030167351230920756 -0.0012338609669130217 -0.00071831901221930112 0.0019181150919757783 -0.0012612004616696919 -0.00018441457664945148 0.00029878177007453308 -0.0014177203298147236 0.0040471072814294269 -0.0016189124741591513 0.0031736993683021395 -0.00087627216875553124 -0.0015866463443264364 0.0019353206062012098 -0.0030110562037533291 -0.00069754778274468013 -0.00054747036465577453 0.00078203100094257228 -0.00040318291004782971
leaf_weight=275 28 29 39 24 27 50 22 22 20 26 176 24 103 26 20 105 378 27 21 21 25 31 25 25 22 26 21 134 77 130
leaf_count=275 28 29 39 24 27 50 22 22 20 26 176 24 103 26 20 105 378 27 21 21 25 31 25 25 22 26 21 134 77 130
internal_value=1.05886e-12 0.000223657 0.00154104 0.00314849 0.000109265 -0.000303268 -0.000693149 4.94763e-05 0.000167353 0.00235722 -9.6327e-06 0.000267318 -0.000795464 -0.000658456 -0.000338435 -0.000485611 0.000148851 5.60238e-05 0.000661929 0.00193867 6.11072e-05 0.000606568 0.00136568 2.50538e-05 0.00011854 -0.00186469 0.00054128 2.08158e-05 -0.000129992 3.76938e-05
internal_weight=1979 1139 91 52 1048 840 384 1021 896 67 829 581 125 248 196 334 557 528 150 48 102 77 56 456 431 52 41 409 229 207
internal_count=1979 1139 91 52 1048 840 384 1021 896 67 829 581 125 248 196 334 557 528 150 48 102 77 56 456 431 52 41 409 229 207
is_linear=0
shrinkage=0.03


Tree=51
num_leaves=31
num_cat=0
split_feature=6 4 5 4 7 2 5 5 1 4 2 3 1 4 6 7 6 1 7 7 4 3 0 0 2 1 4 1 3 4
split_gain=0.146074 0.176472 0.175341 0.251412 0.128597 0.158767 0.235508 0.127638 0.196786 0.105982 0.0780735 0.0693064 0.128014 0.255199 0.0899625 0.0894606 0.131058 0.0836736 0.102208 0.185931 0.0965864 0.0677726 0.0591398 0.0693259 0.0574214 0.0761356 0.0999204 0.085271 0.083729 0.123893
threshold=87.760212447422859 0.16388638673622016 0.18642551087439987 0.13028420626710693 -0.41270979975597899 0.36684808217887105 0.4134632143734473 -0.102800231474715 -0.063537939260482609 -0.11077906633424033 0.64904173866176318 0.035755294824749935 0.03446125058474981 0.03087962175694792 70.17513491497813 0.18504765824069017 59.098719150265559 0.01077453292218389 -0.31115850646342513 -0.33463876337419579 0.05720919233797251 -0.014615228006234547 0.079414282656773985 0.052211892852115589 0.20930489312842251 -0.034192930319856089 -0.069244998469515859 -0.081913508589486247 -0.030574504572442315 -0.055923934355312392
decision_type=2 2 2 2 2 2 2 2 2 2 2 2 2 2 2 2 2 2 2 2 2 2 2 2 2 2 2 2 2 2
left_child=2 -2 3 7 -4 22 -7 8 -1 -9 -8 17 -13 -14 15 -15 -17 24 19 -19 21 -20 23 -6 25 26 27 -11 -27 -30
right_child=1 -3 4 -5 5 6 10 9 -10 11 -12 12 13 14 -16 16 -18 18 20 -21 -22 -23 -24 -25 -26 28 -28 -29 29 -31
leaf_value=0.0032451844721695777 -0.0001037698903713714 0.003789884952362627 -0.0026636108784721447 0.0034416817330056803 -0.00083151692136035273 0.0035773365490604191 -0.0016112267903306268 -0.0021782819519285111 0.00018269383896479447 -0.00043796624781356917 0.00097860334441065774 -0.0015045075324763145 0.0041269917827448802 -0.0001962510395484666 -0.0012802485454392353 0.00019794607036081809 0.0035912337515037504 -0.0001195475682034157 -0.0024947925405576824 0.0031144302746979519 0.00021660734537733405 -0.00069097330086194072 -0.0023528586283209731 0.00074987207639164155 0.0016624237730337138 0.0020061779430565925 -0.00053962115066736802 0.0018202500029206824 -0.0020525391516275702 0.00036610380211515864
leaf_weight=28 22 20 26 20 229 20 22 20 58 27 20 21 20 36 22 21 20 80 20 20 113 299 20 28 22 26 239 34 20 406
leaf_count=28 22 20 26 20 229 20 22 20 58 27 20 21 20 36 22 21 20 80 20 20 113 299 20 28 22 26 239 34 20 406
internal_value=2.31888e-12 0.00175035 -3.79529e-05 9.95836e-05 -0.000630302 -0.000474355 0.000897932 5.65153e-05 0.00117978 -9.37899e-06 -0.000377974 2.06197e-05 0.000654973 0.00103606 0.000411627 0.00089502 0.00185321 -4.73814e-05 -0.000337021 0.000527248 -0.000537084 -0.000804065 -0.000781509 -0.000659226 0.000151699 0.000107503 -0.00026302 0.000820712 0.000353425 0.000252552
internal_weight=1979 42 1937 1572 365 339 62 1552 86 1466 42 1446 140 119 99 77 41 1306 532 100 432 319 277 257 774 752 300 61 452 426
internal_count=1979 42 1937 1572 365 339 62 1552 86 1466 42 1446 140 119 99 77 41 1306 532 100 432 319 277 257 774 752 300 61 452 426
is_linear=0
shrinkage=0.03


Tree=52
num_leaves=31
num_cat=0
split_feature=6 5 4 4 6 6 9 6 3 6 6 6 7 0 5 9 0 0 9 8 0 0 6 4 9 5 8 9 5 8
split_gain=0.137441 0.167979 0.184214 0.166042 0.145275 0.141497 0.139403 0.131347 0.0880309 0.226982 0.114201 0.102463 0.16683 0.102909 0.0806905 0.110467 0.0837822 0.086423 0.092139 0.0880463 0.0853133 0.107225 0.0942598 0.0701944 0.0671649 0.0899626 0.0938898 0.0648144 0.100089 0.100131
threshold=87.760212447422859 0.22837135710603776 0.13685680025460237 0.16388638673622016 81.903380017103316 75.036231884057983 0.040462546360846639 20.37234042553192 0.035755294824749935 44.494949494949502 70.17513491497813 60.906697489244202 0.26975155819315438 0.03489039123902838 0.16663751850763478 0.030784065261534582 1.0000000180025095e-35 -1.0000000180025095e-35 0.021271728295027995 0.72689775101397058 0.035208944281524886 0.031548170063952503 52.766841644794418 0.059218730145739647 0.04852483614004393 0.1011204211053507 1.1160117864539776 0.02882176911975565 0.33125470625560843 1.2490903464398921
decision_type=2 2 2 2 2 2 2 2 2 2 2 2 2 2 2 2 2 2 2 2 2 2 2 2 2 2 2 2 2 2
left_child=1 2 7 -2 5 27 -7 -1 14 -10 11 13 -13 -11 16 -16 17 18 -9 -19 21 -18 -22 24 25 -20 -27 -3 -29 -30
right_child=3 4 -4 -5 -6 6 -8 8 9 10 -12 12 -14 -15 15 -17 20 19 23 -21 22 -23 -24 -25 -26 26 -28 28 29 -31
leaf_value=0.0022304167435504493 -0.00010065679819407787 0.00056057964118995829 0.0023612871928320777 0.0036761882328428326 -0.0031543659781787677 -0.00084310015114689508 0.0020554416422965006 -0.00049830623808946514 0.0036421876656822861 0.0010749688150984158 -0.0014157605224754662 7.0688020437955851e-05 0.0036526871735060753 -0.0011625313087888817 4.7815776822972107e-05 -0.0015547921825200318 -0.00031107800654562657 0.00028520402785104054 0.0005291859000566999 0.0028969416005669955 -0.00016609256508181224 -0.0024521550790152767 0.0022479388810461389 0.0013736947524525661 -0.00084936656245524628 -0.0012501477151610223 0.001062834932209543 -0.0020385465645231305 0.00019978376148818905 -0.0022790056555531918
leaf_weight=24 22 21 31 20 21 28 32 164 20 37 30 25 22 37 80 75 488 26 349 21 37 22 24 51 49 56 22 70 55 20
leaf_count=24 22 21 31 20 21 28 32 164 20 37 30 25 22 37 80 75 488 26 349 21 37 22 24 51 49 56 22 70 55 20
internal_value=-3.75739e-12 -3.68143e-05 6.999e-05 0.00169784 -0.000767581 -0.0005458 0.000702789 2.71749e-05 -5.16622e-06 0.000638932 0.00024115 0.000651955 0.00174737 -4.37812e-05 -8.03991e-05 -0.00072764 -3.75865e-06 0.000207355 0.000122688 0.00145215 -0.000276617 -0.000403438 0.00078369 0.000315938 0.000202607 0.000323325 -0.000597768 -0.000997097 -0.00122269 -0.000461227
internal_weight=1979 1937 1690 42 247 226 60 1659 1635 171 151 121 47 74 1464 155 1309 738 691 47 571 510 61 527 476 427 78 166 145 75
internal_count=1979 1937 1690 42 247 226 60 1659 1635 171 151 121 47 74 1464 155 1309 738 691 47 571 510 61 527 476 427 78 166 145 75
is_linear=0
shrinkage=0.03


Tree=53
num_leaves=31
num_cat=0
split_feature=1 4 5 4 2 5 5 9 3 2 9 4 2 5 5 9 8 4 8 2 5 9 5 8 4 9 2 7 1 2
split_gain=0.139622 0.429514 0.14202 0.252112 0.14975 0.117151 0.195554 0.12207 0.117174 0.192618 0.372735 0.1431 0.126441 0.106655 0.0945238 0.0875656 0.0823975 0.102521 0.0718031 0.0940164 0.0897473 0.0669232 0.101968 0.116866 0.106523 0.228356 0.163703 0.0927219 0.086099 0.110184
threshold=0.28185092619817714 0.26881607714569228 0.18642551087439987 0.13028420626710693 0.36684808217887105 -0.102800231474715 -0.11764291793541497 0.04852483614004393 0.035755294824749935 0.048058577405857734 0.031158277567789692 0.10281904388994802 0.11808812340042886 0.40094362531374855 0.13345014101486311 0.030202882576064547 0.74168101614244242 0.053338136649866204 0.44216220511433002 0.22468404354151697 0.071752309426285313 0.020985020732670171 0.1011204211053507 1.1925252337758747 0.015947824395366132 0.027570397563979807 0.11357969391564017 0.48105347145985661 -0.081913508589486247 -0.085070198292082774
decision_type=2 2 2 2 2 2 2 2 2 2 2 2 2 2 2 2 2 2 2 2 2 2 2 2 2 2 2 2 2 2
left_child=1 2 3 5 15 6 -1 8 18 10 -10 12 -11 -6 -9 -4 -17 -18 20 21 -7 -20 28 24 -24 -26 -27 -25 -23 -30
right_child=-2 -3 4 -5 13 7 -8 14 9 11 -12 -13 -14 -15 -16 16 17 -19 19 -21 -22 22 23 27 25 26 -28 -29 29 -31
leaf_value=0.00029001192509895194 -0.0024938891215715553 0.0041936402564699002 -8.5237413129237089e-05 0.0034460992554668337 0.0025113929128697649 4.2281443944059151e-05 0.0034169435180956497 -0.001519385884582464 0.005187283817238336 -0.00039884207366743462 -5.558388527088727e-05 -0.0021126684168120847 0.0024987527877902206 -0.00025865050321766011 0.00075126283802092071 -0.0023430923323233635 0.00068523455501323736 -0.0012361409192969805 -0.00036673221022893602 0.0018567723155021665 -0.0019007163951464464 -0.00081215621205046765 -0.0017065550576808163 0.001976328643038869 -0.0012805283515714108 0.0032701459880494937 -9.155927662504837e-05 -0.00066074219613801682 0.001551296680998938 0.00030032230347777449
leaf_weight=72 20 22 98 20 22 46 24 77 23 33 26 21 23 29 21 43 31 129 325 25 40 51 64 30 75 22 32 20 74 441
leaf_count=72 20 22 98 20 22 46 24 77 23 33 26 21 23 29 21 43 31 129 325 25 40 51 64 30 75 22 32 20 74 441
internal_value=1.35269e-12 2.54608e-05 -2.18804e-05 9.91761e-05 -0.000566978 5.64039e-05 0.00107174 -9.94923e-06 6.31661e-05 0.000934967 0.00240535 -7.3391e-07 0.000791242 0.00093627 -0.00103282 -0.000821682 -0.00117721 -0.000863874 -2.50643e-05 3.69962e-05 -0.000861438 -3.12228e-06 0.000142951 -0.000371073 -0.000705937 -0.000209506 0.00127802 0.0009215 0.000363636 0.000480074
internal_weight=1979 1959 1937 1585 352 1565 96 1469 1371 126 49 77 56 51 98 301 203 160 1245 1159 86 1134 809 243 193 129 54 50 566 515
internal_count=1979 1959 1937 1585 352 1565 96 1469 1371 126 49 77 56 51 98 301 203 160 1245 1159 86 1134 809 243 193 129 54 50 566 515
is_linear=0
shrinkage=0.03


Tree=54
num_leaves=31
num_cat=0
split_feature=1 4 5 9 9 0 9 9 2 1 3 0 4 3 1 9 9 3 2 4 2 5 2 1 5 4 1 9 3 8
split_gain=0.13137 0.40413 0.135092 0.204816 0.285895 0.329829 0.130101 0.217085 0.120387 0.119826 0.110674 0.0886747 0.0750551 0.0682796 0.0768381 0.0653209 0.116556 0.236711 0.0859945 0.0787511 0.081554 0.0883413 0.365992 0.198513 0.114872 0.195307 0.0885387 0.0953857 0.0851295 0.0849034
threshold=0.28185092619817714 0.26881607714569228 -0.028935352251604648 0.022493690326704525 0.02882176911975565 -0.0034306225726727364 0.045594873608079088 0.044242982010957589 0.010652482269503551 0.1682105263157895 0.005777248102525113 -0.017308527689150529 0.015204689954272712 -0.0050099788861372443 -0.020756745666892003 0.035613520529957518 0.040210937526493455 -0.00043674464967535792 0.16040943009901323 0.13965992153621712 0.18280841056504529 0.075812781176973001 0.028737979004551443 0.09358468932587817 0.13164452278614805 0.098482981180996756 0.030466098339401507 0.023260938900790899 0.032489853656799912 0.74859878724330242
decision_type=2 2 2 2 2 2 2 2 2 2 2 2 2 2 2 2 2 2 2 2 2 2 2 2 2 2 2 2 2 2
left_child=1 2 3 -1 5 11 7 9 -6 15 13 -5 -12 14 -8 19 -17 -18 -19 20 21 23 29 26 25 -24 -4 -28 -29 -23
right_child=-2 -3 6 4 8 -7 10 -9 -10 -11 12 -13 -14 -15 -16 16 17 18 -20 -21 -22 22 24 -25 -26 -27 27 28 -30 -31
leaf_value=-0.00049578985641710461 -0.0024190724297077394 0.0040678310597484762 0.00028491636397375459 -0.00015991852129809559 -0.0002338883426323857 0.0047273928646675567 5.7332700404983299e-05 0.0026317526814010404 0.0021020660293288528 0.001789531673770398 -0.0029833189710974694 0.0021466979496181011 -0.0010820515919476748 0.0013980349483899773 -0.0017577970115047309 -0.0013548142920869091 -0.0014839913955954616 0.0030832152423681692 0.00050758620499566733 -0.0016727957964086761 0.0007323528615438402 -0.004086431838638549 0.00074155622734965179 0.0029718955147175373 -0.00055961408625071658 -0.0023783521269215269 -0.001853863367519807 -0.00079315209610169711 0.001346223811359288 -0.0017407022948126968
leaf_weight=120 20 22 364 30 115 33 65 27 24 30 25 30 74 20 31 99 43 20 28 26 121 21 186 22 209 20 40 47 26 41
leaf_count=120 20 22 364 30 115 33 65 27 24 30 25 30 74 20 31 99 43 20 28 26 121 21 186 22 209 20 40 47 26 41
internal_value=2.12916e-12 2.4697e-05 -2.1224e-05 0.000510412 0.00103086 0.00231836 -0.000139291 -3.1618e-05 0.000169442 -8.5163e-05 -0.000825392 0.00099339 -0.00156217 -0.00019659 -0.000528803 -0.000127997 -0.000642429 0.000132583 0.00158076 -4.09603e-05 -2.28414e-06 -9.33611e-05 -0.000385285 0.000185692 -6.4089e-05 0.000438653 5.7188e-05 -0.000676379 -3.11826e-05 -0.00253522
internal_weight=1979 1959 1937 352 232 93 1585 1370 139 1343 215 60 99 116 96 1313 190 91 48 1123 1097 976 477 499 415 206 477 113 73 62
internal_count=1979 1959 1937 352 232 93 1585 1370 139 1343 215 60 99 116 96 1313 190 91 48 1123 1097 976 477 499 415 206 477 113 73 62
is_linear=0
shrinkage=0.03


Tree=55
num_leaves=31
num_cat=0
split_feature=8 4 5 1 2 5 9 5 0 0 7 0 5 4 1 8 7 7 1 2 8 9 9 0 4 0 5 9 1 2
split_gain=0.126941 0.112322 0.139738 0.171107 0.110688 0.376829 0.104776 0.151965 0.226797 0.21915 0.259655 0.154937 0.119186 0.101205 0.100344 0.108609 0.0805239 0.258512 0.0786975 0.0740834 0.0740684 0.0705261 0.120873 0.0661903 0.0562823 0.0559132 0.0894745 0.0999529 0.0940339 0.0877098
threshold=0.81272988961931736 0.26881607714569228 0.14661883492515207 0.12860944483650907 0.26005864042055776 0.26490353012702189 0.022107731136481443 -0.0076511548679516475 -0.01679262308950424 0.0042283487091467906 0.31119655457430678 -0.0068083118809409973 0.062598350669487837 0.13965992153621712 0.0041401479641416392 0.78472465758571697 -0.30682673219215029 -0.33463876337419579 0.044199380720278965 0.39941752928167856 0.34170668587241615 0.019454082170045846 0.017117506110269607 -0.020151147707405111 -0.030400214276148359 0.012360958318054062 0.12973940340054205 0.034650804089397261 -0.013818519744379696 -0.0055641541557034371
decision_type=2 2 2 2 2 2 2 2 2 2 2 2 2 2 2 2 2 2 2 2 2 2 2 2 2 2 2 2 2 2
left_child=14 2 3 6 23 -6 12 8 24 11 -11 -10 18 -7 15 20 17 -16 -2 -15 -1 22 -14 -4 -8 26 27 28 -9 -27
right_child=1 -3 4 -5 5 13 7 25 9 10 -12 -13 21 19 16 -17 -18 -19 -20 -21 -22 -23 -24 -25 -26 29 -28 -29 -30 -31
leaf_value=-0.0014060540708144091 -0.00041438338687437297 0.0021182269044220446 -0.0015541560029751569 0.0030715026866112434 0.0042422942630946639 0.0013521072754104221 -0.00036320001938669331 0.0017858181240850636 0.0020557914488017557 -0.00066359931552142373 0.0036938365674577655 0.0057452784189289171 -2.5968071314246327e-05 -0.0021239077299030434 -0.00064962983870392899 -0.0019547821499872951 -0.00094093254656696065 0.0031136072441004213 -0.002293667639605701 0.00015601727868551793 0.00021507012451177037 -0.00059255787933414625 0.0023128421313531114 -0.0003804949880924393 0.0014188778222623197 -0.0018420179167555437 0.00225168263134749 -0.0011067937513360299 -3.3932915567198682e-05 0.0001207226292531499
leaf_weight=27 122 27 53 21 20 21 58 43 20 32 20 21 43 29 92 24 258 20 24 23 419 33 37 235 22 27 23 37 63 85
leaf_count=27 122 27 53 21 20 21 58 43 20 32 20 21 43 29 92 24 258 20 24 23 419 33 37 235 22 27 23 37 63 85
internal_value=-2.72407e-13 0.000206337 0.000159916 0.000402705 -0.000305909 0.000593927 0.000323769 0.000599944 0.00129802 0.00230546 0.00101234 0.00394553 -0.000157138 -0.000405626 -0.000279784 1.11407e-05 -0.000649336 2.23768e-05 -0.000723307 -0.00111548 0.00011693 0.000574373 0.00105573 -0.000596481 0.000126871 0.000165528 0.000514998 0.000235672 0.000704268 -0.000352438
internal_weight=1979 1139 1112 731 381 93 710 451 173 93 52 41 259 73 840 470 370 112 146 52 446 113 80 288 80 278 166 143 106 112
internal_count=1979 1139 1112 731 381 93 710 451 173 93 52 41 259 73 840 470 370 112 146 52 446 113 80 288 80 278 166 143 106 112
is_linear=0
shrinkage=0.03


Tree=56
num_leaves=31
num_cat=0
split_feature=6 5 4 4 6 6 1 9 6 9 9 5 1 9 9 6 1 6 1 4 4 9 3 8 8 1 9 4 5 9
split_gain=0.127787 0.149617 0.159207 0.149406 0.145012 0.121544 0.160018 0.122564 0.119647 0.09824 0.0763405 0.114073 0.126251 0.271582 0.577865 0.106343 0.101728 0.0978028 0.0835344 0.0816455 0.0924609 0.0994881 0.135618 0.129679 0.100754 0.0985399 0.1143 0.0943232 0.0866339 0.0743363
threshold=87.760212447422859 0.22837135710603776 0.13685680025460237 0.16388638673622016 81.903380017103316 75.036231884057983 -0.034192930319856089 0.040462546360846639 20.37234042553192 0.02882176911975565 0.021271728295027995 0.0059211799615296332 0.019742759489116749 0.033928288260547522 0.025751445073890943 48.620624048706254 0.12860944483650907 70.17513491497813 0.0091791430771427391 -0.066916729499220548 -0.039025493348270483 0.03425257119690258 -0.0046567351895221423 0.69768224632041431 1.0535677261578558 0.0060031832787771364 0.031669268583651412 0.042884788866760289 0.091657156733415693 0.026005649447210077
decision_type=2 2 2 2 2 2 2 2 2 2 2 2 2 2 2 2 2 2 2 2 2 2 2 2 2 2 2 2 2 2
left_child=1 2 8 -2 5 6 -3 -7 -1 -8 -10 12 -12 14 -14 -15 17 19 -19 -13 -21 25 -23 -24 -25 26 -22 28 29 -27
right_child=3 4 -4 -5 -6 7 9 -9 10 -11 11 16 13 15 -16 -17 -18 18 -20 20 21 22 23 24 -26 27 -28 -29 -30 -31
leaf_value=0.0021283163304906339 -6.8893965693529353e-05 0.0011459605143006358 0.0021954072822606371 0.0035137506360188126 -0.0031097929546376689 -0.00079589701340799883 0.00054792249841349467 0.0019219513222924433 -0.00035741451522947011 -0.0016805252325959887 0.00020323063766724219 -0.0018779428572290476 0.00010297075096916939 -0.0013335935179410237 0.0065206278236987795 0.001237094124779105 0.0019727296595062529 0.0025021718703210349 0.00030021211881514474 0.0010736430810356979 0.00017915529625160356 -0.0018121844210037135 -0.0010456869899931455 0.0020987003620970865 -0.00059362406874160199 0.00063185515334563595 0.002345425144582987 0.00018903701013186946 -0.0019883429165929553 -0.0012726020130615395
leaf_weight=24 22 28 31 20 21 28 21 32 414 117 291 27 28 28 23 30 21 20 69 48 178 79 71 29 22 35 25 108 50 39
leaf_count=24 22 28 31 20 21 28 21 32 414 117 291 27 28 28 23 30 21 20 69 48 178 79 71 29 22 35 25 108 50 39
internal_value=6.46012e-13 -3.54979e-05 6.53001e-05 0.00163713 -0.000725168 -0.000503588 -0.000921857 0.000653622 2.5497e-05 -0.00134141 -5.37006e-06 0.000113996 0.000529425 0.00140027 0.00299721 -3.9275e-06 -8.84049e-05 -0.00014251 0.000795035 -0.000259867 -0.000195996 -0.000291818 -0.0008438 -0.000216731 0.000937306 -3.67642e-05 0.000445937 -0.000459128 -0.00102366 -0.000371845
internal_weight=1979 1937 1690 42 247 226 166 60 1659 138 1635 1221 400 109 51 58 821 800 89 711 684 636 201 122 51 435 203 232 124 74
internal_count=1979 1937 1690 42 247 226 166 60 1659 138 1635 1221 400 109 51 58 821 800 89 711 684 636 201 122 51 435 203 232 124 74
is_linear=0
shrinkage=0.03


Tree=57
num_leaves=31
num_cat=0
split_feature=1 4 6 9 9 3 3 4 9 7 2 3 6 3 6 7 9 2 2 3 7 1 1 1 2 6 4 7 7 1
split_gain=0.125812 0.363305 0.11725 0.0933218 0.209933 0.128525 0.11117 0.182912 0.203065 0.102291 0.0972383 0.238467 0.0856002 0.0845443 0.0807072 0.135086 0.0783139 0.0744554 0.100694 0.0437346 0.0887974 0.0406728 0.0540464 0.0643657 0.0566212 0.0528684 0.0551614 0.0518078 0.0582614 0.0510197
threshold=0.28185092619817714 0.26881607714569228 20.37234042553192 0.045594873608079088 0.044242982010957589 0.005777248102525113 0.052714158919926486 0.079048761764877865 0.038578895811532989 0.25932699034682655 -0.073593668236525397 0.022804359011428302 65.326328551222488 0.070535098361274598 26.847469967236986 -0.23442920492003069 0.042511953854959879 -0.026391140919811314 0.1242490799538173 -0.0093401809608203417 0.37423665852056692 0.11713872916849356 0.01077453292218389 -0.037063454324509908 1.0000000180025095e-35 47.814142379359787 -0.0087767497272351318 -0.23442920492003069 -0.035339116193395019 0.013631772709783442
decision_type=2 2 2 2 2 2 2 2 2 2 2 2 2 2 2 2 2 2 2 2 2 2 2 2 2 2 2 2 2 2
left_child=1 2 -1 4 6 9 10 -8 13 12 11 14 17 -9 -4 -16 21 -5 -19 20 -17 22 23 24 27 -26 -27 -12 -29 -24
right_child=-2 -3 3 5 -6 -7 7 8 -10 -11 16 -13 -14 -15 15 19 -18 18 -20 -21 -22 -23 29 -25 25 26 -28 28 -30 -31
leaf_value=0.0020644667930901049 -0.0023673448003828524 0.0038576464647088532 -0.0012876114857915256 -0.00028230655850071845 0.0025254817674867807 -0.0012887743481075052 0.0033617844362743197 -0.0014844807843061012 0.0027912244920364833 -0.0014359821836379442 -0.0022009848349262028 0.003572528419483985 -0.00094271047233507549 0.00070046336755954781 -0.00086849097668638691 0.0026865111770894142 -0.0018295880354940891 0.0031103645880585129 0.00050801293691620224 0.00032269316295591686 0.00035041605791775511 0.00092187721427762883 -0.0014028039925660079 0.00023883652562189028 0.0014201278304681181 -0.0016195053168173348 0.00019729460919065014 0.00076117445155978207 -0.0012685829900687428 -0.00028374873418007715
leaf_weight=24 20 22 28 29 30 121 22 37 22 33 24 21 29 28 46 32 25 23 32 39 27 32 39 432 20 21 53 20 35 613
leaf_count=24 20 22 28 29 30 121 22 37 22 33 24 21 29 28 46 32 25 23 32 39 27 32 39 432 20 21 53 20 35 613
internal_value=1.57968e-12 2.41689e-05 -1.93708e-05 -4.55141e-05 3.88768e-05 -0.000565767 -7.28538e-06 0.000917921 0.000299932 3.34376e-05 -7.42048e-05 0.00055458 0.00046256 -0.000543274 0.00018611 0.000472667 -0.000166561 0.000947713 0.00159627 0.00110219 0.00161745 -0.000134306 -0.000161194 4.30188e-05 -0.000445959 5.15911e-05 -0.000318284 -0.00103798 -0.000530489 -0.000350686
internal_weight=1979 1959 1937 1913 1646 267 1616 109 87 146 1507 193 113 65 172 144 1314 84 55 98 59 1289 1257 605 173 94 74 79 55 652
internal_count=1979 1959 1937 1913 1646 267 1616 109 87 146 1507 193 113 65 172 144 1314 84 55 98 59 1289 1257 605 173 94 74 79 55 652
is_linear=0
shrinkage=0.03


Tree=58
num_leaves=31
num_cat=0
split_feature=5 1 1 4 9 9 3 5 1 1 7 3 5 1 5 5 3 8 9 9 8 8 8 8 9 1 0 8 7 5
split_gain=0.121732 0.17809 0.113021 0.351758 0.128229 0.205841 0.10827 0.296177 0.236631 0.315699 0.0964484 0.0964327 0.0918759 0.106882 0.308134 0.14494 0.0870432 0.0661921 0.0856961 0.164371 0.115009 0.0991885 0.0691642 0.07782 0.0611676 0.0821603 0.0500596 0.0494166 0.0488149 0.0481459
threshold=-0.102800231474715 -0.063537939260482609 0.28185092619817714 0.26881607714569228 0.045594873608079088 0.044242982010957589 0.052714158919926486 0.29341391481563567 0.12860944483650907 0.09358468932587817 0.31665787577651677 0.005777248102525113 0.13164452278614805 0.056387430259271405 -0.0076511548679516475 0.048823848653154263 0.032205473330448105 0.81272988961931736 0.02857249563620776 0.034650804089397261 1.1010904919994602 1.1677901483951307 1.1076029651732502 0.88257305080487536 0.052705681126948463 -0.055829622685727658 -0.023850009924140821 1.1774691299980111 0.082088065890849285 0.074408905101410419
decision_type=2 2 2 2 2 2 2 2 2 2 2 2 2 2 2 2 2 2 2 2 2 2 2 2 2 2 2 2 2 2
left_child=1 -1 3 4 5 6 12 8 9 -8 11 24 13 16 -15 -16 17 26 21 20 -20 22 23 -19 25 -6 -2 -17 -23 -28
right_child=2 -3 -4 -5 10 -7 7 -9 -10 -11 -12 -13 -14 14 15 27 -18 18 19 -21 -22 28 -24 -25 -26 -27 29 -29 -30 -31
leaf_value=0.0030556911995102249 0.00097577623228125004 0.00021290829175781896 -0.0022963244626298548 0.0037419170755046333 -0.0013922925781724707 0.0025292683758869252 0.0029391126416623589 -0.0023108333362532514 0.0036626621450043537 -0.0016255462998524307 -0.0018850949294865128 -0.001176036176518263 -0.00048243733113441541 0.0039385900902561841 -0.0015498418122109386 0.0015759786695423649 -0.0014400864916387945 0.001234715718858163 0.00063829212261435502 -0.00057050300254063164 0.0033643467465881258 -0.0014643415376102847 0.0018534009897246443 -0.00017901502988804297 0.0011818976933136581 0.00056534092613430911 -0.00012952313485993459 -0.00013804470945615323 -0.00020463392680111984 -0.00084015210970740195
leaf_weight=28 29 68 20 22 35 29 25 21 33 30 50 85 392 24 31 41 39 51 26 33 30 38 29 112 36 43 338 24 102 115
leaf_count=28 29 68 20 22 35 29 25 21 33 30 50 85 392 24 31 41 39 51 26 33 30 38 29 112 36 43 338 24 102 115
internal_value=-1.97113e-12 0.00104205 -5.31265e-05 -2.90449e-05 -7.4108e-05 2.49103e-05 -2.15557e-05 0.000890383 0.00165431 0.000449299 -0.000707189 -0.000411233 -8.99197e-05 5.49644e-05 0.000898193 0.000138093 -5.24533e-05 7.47775e-06 0.000282307 0.00110898 0.00209868 6.06982e-05 0.000503487 0.000263318 0.000159015 -0.000313084 -0.00023257 0.000943108 -0.000546555 -0.000309926
internal_weight=1979 96 1883 1863 1841 1592 1563 109 88 55 249 199 1454 1062 120 96 942 903 421 89 56 332 192 163 114 78 482 65 140 453
internal_count=1979 96 1883 1863 1841 1592 1563 109 88 55 249 199 1454 1062 120 96 942 903 421 89 56 332 192 163 114 78 482 65 140 453
is_linear=0
shrinkage=0.03


Tree=59
num_leaves=31
num_cat=0
split_feature=6 1 5 2 6 2 9 5 5 4 9 1 9 5 2 4 1 9 6 3 3 9 3 6 1 5 6 7 5 5
split_gain=0.119076 0.139411 0.138208 0.144426 0.139196 0.220562 0.147542 0.108404 0.176792 0.0944322 0.0809122 0.0802734 0.209685 0.0810712 0.106881 0.119988 0.143494 0.115129 0.23622 0.075082 0.0668418 0.0645398 0.0622352 0.0619108 0.0556458 0.140772 0.0632212 0.0561632 0.117333 0.0685437
threshold=87.760212447422859 0.09922040120137933 0.22837135710603776 0.26005864042055776 81.903380017103316 0.41368158618905398 0.052261383887176681 -0.102800231474715 -0.11764291793541497 -0.11077906633424033 0.030202882576064547 0.12860944483650907 0.035027465544941204 0.15795606684376332 0.18280841056504529 0.10079489148764577 0.06774475524475522 0.033645926749482712 57.992382850163928 -0.0033723964482142983 0.013228288910924759 0.027733213634492316 0.036708952151675141 68.559423769507802 0.01077453292218389 -0.039327018520120875 70.247009447741618 -0.075665726199334246 0.11320453985386238 0.084036882248917602
decision_type=2 2 2 2 2 2 2 2 2 2 2 2 2 2 2 2 2 2 2 2 2 2 2 2 2 2 2 2 2 2
left_child=2 -2 3 7 5 10 -7 8 -1 -9 -4 13 -13 14 15 16 24 18 -18 -15 -16 -21 -23 -20 27 -26 -27 28 29 -11
right_child=1 -3 4 -5 -6 6 -8 9 -10 11 -12 12 -14 19 20 -17 17 -19 23 21 -22 22 -24 -25 25 26 -28 -29 -30 -31
leaf_value=0.00021959066469853203 -6.7632716911082913e-05 0.0033931042137555776 0.00037155494395205201 0.0023258911930024626 -0.0030334335372650197 0.0030796137024931931 -0.00035683791237798603 -0.002076186379417777 0.0032520888629369435 -0.0001638470237542476 -0.0012523827750867765 0.0035153583437204359 -0.00072891257406974374 -0.0014221542989051577 0.0023064625728875399 -0.0023069537691771981 0.0039423588549511298 -0.00063572244736580892 -0.00033467335102614013 -0.00072774696276493129 0.00015685680072593917 -0.00011835513596839093 0.0018460683145427278 0.0017930549019947648 0.0013655461850934304 -0.00066521332748413367 0.00064356016319219928 0.00034748384278849697 -0.001669719257125897 0.0011320832385789861
leaf_weight=62 22 20 34 25 21 23 22 20 24 252 147 20 22 65 30 20 27 26 32 93 23 47 21 20 39 325 37 375 42 43
leaf_count=62 22 20 34 25 21 23 22 20 24 252 147 20 22 65 30 20 27 26 32 93 23 47 21 20 39 325 37 375 42 43
internal_value=3.00004e-12 0.00158034 -3.42665e-05 6.26122e-05 -0.000697121 -0.00048003 0.00139957 2.86291e-05 0.00106587 -2.78641e-05 -0.000947334 -1.58668e-06 0.00129217 -3.74059e-05 5.4354e-05 -2.12485e-06 3.57213e-05 0.00109587 0.00166576 -0.000561574 0.00137361 -0.000214135 0.000488305 0.000483684 -6.42929e-05 -0.000346948 -0.000531444 9.48994e-05 -0.000186166 2.50513e-05
internal_weight=1979 42 1937 1690 247 226 45 1665 86 1579 181 1559 42 1517 1291 1238 1218 105 79 226 53 161 68 52 1113 401 362 712 337 295
internal_count=1979 42 1937 1690 247 226 45 1665 86 1579 181 1559 42 1517 1291 1238 1218 105 79 226 53 161 68 52 1113 401 362 712 337 295
is_linear=0
shrinkage=0.03


Tree=60
num_leaves=31
num_cat=0
split_feature=1 4 5 1 9 9 1 2 4 2 9 2 2 1 9 1 8 9 2 1 6 5 2 4 5 5 5 9 2 5
split_gain=0.112116 0.315812 0.11226 0.167969 0.116804 0.174742 0.110073 0.091094 0.198695 0.12707 0.134379 0.0981274 0.0774451 0.416787 0.102439 0.102192 0.0510573 0.048016 0.0518659 0.0854129 0.0584392 0.0469121 0.124749 0.0854114 0.0698271 0.0660193 0.0634061 0.151922 0.204955 0.183047
threshold=0.28185092619817714 0.26881607714569228 -0.102800231474715 -0.063537939260482609 0.045202141561819807 0.043849910196924392 0.1682105263157895 0.41368158618905398 0.11300410990416355 -0.029022898858176768 0.052261383887176681 0.12221776322737356 -0.038093559388732205 0.042633832399827772 0.021271728295027995 -0.081913508589486247 0.7876926902093998 0.030434215926805303 -0.1074556475224334 -0.035239729506993771 39.607776116214502 0.13164452278614805 0.18280841056504529 -0.0032588388550847665 0.14013638679495491 0.085356743140897487 0.063416478983690863 0.03057491931743107 0.088130884395740031 0.071752309426285313
decision_type=2 2 2 2 2 2 2 2 2 2 2 2 2 2 2 2 2 2 2 2 2 2 2 2 2 2 2 2 2 2
left_child=1 2 3 -1 5 6 12 8 9 -6 11 -11 13 14 -4 -16 -13 18 -17 -20 -21 22 23 25 -23 -14 -25 29 -29 -28
right_child=-2 -3 4 -5 7 -7 -8 -9 -10 10 -12 16 21 -15 15 17 -18 -19 19 20 -22 24 -24 26 -26 -27 27 28 -30 -31
leaf_value=0.0029379381071443535 -0.0022347826003096993 0.0035969601436094804 -0.0010803565951209748 0.0001771188700599048 -0.0015774244906424427 0.0026227907625877341 0.0018196251778060505 0.0011433743572105532 -0.0029209263500358375 0.00044807979434897954 0.001431340496813835 -0.0022479490539239299 -0.00035112168405269104 0.0045768436621874574 -0.0010937041887747389 0.0021629109104313623 -0.00030375577602535482 -1.2848705558453576e-05 -0.00084452080249320706 0.00023706528707407413 0.0020758491570928264 -0.0016283395924103004 0.0020310449235302467 -0.00019656709214044041 -0.00028190043214944342 -0.0017438461310922393 0.002682108116822074 0.0042957814657129346 9.9654219070957452e-05 -0.00013501238897090293
leaf_weight=28 20 22 54 68 64 23 29 23 35 44 43 31 178 20 35 28 20 59 24 28 35 38 26 294 395 37 23 20 22 213
leaf_count=28 20 22 54 68 64 23 29 23 35 44 43 31 178 20 35 28 20 59 24 28 35 38 26 294 395 37 23 20 22 213
internal_value=-8.03627e-13 2.28155e-05 -1.77788e-05 0.000982358 -6.99315e-05 2.69731e-05 -1.13477e-05 -0.000659186 -0.000834118 -0.000472542 3.98668e-05 -0.000589958 -4.60751e-05 0.000401927 8.44433e-05 0.000385396 -0.00148552 0.000682917 0.00103987 0.000678437 0.00125861 -0.000147828 -1.34891e-05 -8.10341e-05 -0.000400064 -0.0005908 0.000110574 0.000435392 0.00209781 0.000139537
internal_weight=1979 1959 1937 96 1841 1581 1558 260 237 202 138 95 1529 283 263 209 51 174 115 87 63 1246 813 787 433 215 572 278 42 236
internal_count=1979 1959 1937 96 1841 1581 1558 260 237 202 138 95 1529 283 263 209 51 174 115 87 63 1246 813 787 433 215 572 278 42 236
is_linear=0
shrinkage=0.03


Tree=61
num_leaves=31
num_cat=0
split_feature=6 5 2 6 2 9 1 8 9 6 6 0 0 5 5 9 9 1 2 9 0 5 8 3 8 3 9 3 6 9
split_gain=0.110888 0.129746 0.13434 0.131785 0.198445 0.139317 0.129223 0.110371 0.127188 0.102592 0.0845607 0.0731676 0.188446 0.0675185 0.151367 0.0830511 0.0888034 0.116849 0.200557 0.112685 0.102471 0.0937983 0.112466 0.0850966 0.0795543 0.0778178 0.0992199 0.124744 0.0751275 0.0757216
threshold=87.760212447422859 0.22837135710603776 0.26005864042055776 81.903380017103316 0.41368158618905398 0.052261383887176681 0.09922040120137933 0.8966293510729838 0.036370160250888892 20.37234042553192 61.317311665059925 0.058194183864915601 0.09231323857145525 0.14661883492515207 0.1421791749058097 0.04852483614004393 0.021352957021287425 0.056387430259271405 -0.030631540959942301 0.044242982010957589 -0.0048922625268247302 0.10801603229514468 1.1774691299980111 0.027130760046709782 1.3443971417116825 -0.011273617944211887 0.027855722416644111 0.017744882304912449 53.36569579288026 0.027480254868512455
decision_type=2 2 2 2 2 2 2 2 2 2 2 2 2 2 2 2 2 2 2 2 2 2 2 2 2 2 2 2 2 2
left_child=1 2 9 4 7 -6 -2 8 -3 -1 -9 13 -13 14 15 16 -11 19 -19 21 -20 -18 28 -22 25 -15 -27 -28 -23 -30
right_child=6 3 -4 -5 5 -7 -8 10 -10 11 -12 12 -14 24 -16 -17 17 18 20 -21 23 22 -24 -25 -26 26 27 -29 29 -31
leaf_value=0.0019752604374662038 -6.1570006020536468e-05 -3.5072356861616882e-05 0.0022436162168160078 -0.0029485731778134193 0.0029513365054584066 -0.00038794981310440391 0.0032703113062307241 0.0013066120513460851 -0.0029061127594876579 -0.0003540227081524746 -0.00075345686171203853 0.0022972789630652047 -0.0010393096438609064 -0.0012259165917269208 0.0021204293770114738 -0.00089044284213080321 0.00015393971398936656 0.0038231569316703822 0.0023750921577977181 0.0021009736863197757 -0.0015283736383373088 -0.0023960350949645921 0.0011935855778865516 0.00063885788544125498 -0.0016220389388351274 -0.00050513807574992275 -1.6673233219270787e-05 0.0026482311777770518 -0.0015400457138934269 0.00085942415054887525
leaf_weight=24 22 21 25 21 23 22 20 22 41 329 97 39 25 55 31 88 601 20 22 24 22 34 20 63 45 106 43 25 29 20
leaf_count=24 22 21 25 21 23 22 20 22 41 329 97 39 25 55 31 88 601 20 22 24 22 34 20 63 45 106 43 25 29 20
internal_value=-7.37421e-13 -3.30675e-05 6.07985e-05 -0.000675308 -0.000464076 0.0013188 0.00152504 -0.000907331 -0.00193366 2.80235e-05 -0.000372604 -4.55306e-07 0.000993924 -4.08106e-05 4.92054e-05 -1.27251e-06 6.48145e-05 0.000225981 0.00106566 7.94984e-05 0.000550242 1.05844e-05 -0.000825887 7.79274e-05 -0.000468879 -0.000242276 6.86448e-05 0.000963071 -0.00131251 -0.00056067
internal_weight=1979 1937 1690 247 226 45 42 181 62 1665 119 1641 64 1577 1303 1272 1184 855 127 728 107 704 103 85 274 229 174 68 83 49
internal_count=1979 1937 1690 247 226 45 42 181 62 1665 119 1641 64 1577 1303 1272 1184 855 127 728 107 704 103 85 274 229 174 68 83 49
is_linear=0
shrinkage=0.03


Tree=62
num_leaves=31
num_cat=0
split_feature=8 6 9 3 8 6 5 9 9 9 7 1 5 7 1 5 1 8 8 0 7 7 8 6 6 9 3 8 1 8
split_gain=0.107368 0.140218 0.31884 0.212293 0.125957 0.0907074 0.114643 0.108121 0.108253 0.220473 0.169756 0.184872 0.182692 0.179533 0.141774 0.0965589 0.0886386 0.102094 0.0872817 0.0716765 0.0706326 0.234264 0.0656986 0.0649249 0.112102 0.0616865 0.0557347 0.0542341 0.0533398 0.0511249
threshold=0.81272988961931736 32.619484302513762 0.030027112810661203 -0.025704517375839005 0.82951876394908042 87.760212447422859 0.4134632143734473 0.026444937254086965 0.045594873608079088 0.043849910196924392 0.98471158500994593 0.1682105263157895 0.0039506998552455439 0.76165205131158042 0.0084210899549692648 0.045277673542060699 0.0041401479641416392 0.78472465758571697 1.3345761561387146 -0.024191263556350314 -0.30682673219215029 -0.33463876337419579 0.34170668587241615 62.961843388889655 54.452853662329595 0.039596773088192851 0.016562801343367965 1.1677901483951307 0.072580944946284545 0.58314930351964911
decision_type=2 2 2 2 2 2 2 2 2 2 2 2 2 2 2 2 2 2 2 2 2 2 2 2 2 2 2 2 2 2
left_child=16 2 3 -2 -3 6 7 27 9 10 11 12 14 15 -9 -14 17 22 -8 -17 21 -18 -1 24 -10 -21 -22 -6 -12 -28
right_child=1 4 -4 -5 5 -7 18 8 23 -11 28 -13 13 -15 -16 19 20 -19 -20 25 26 -23 -24 -25 -26 -27 29 -29 -30 -31
leaf_value=-0.0013156707563191756 0.0010825663311074354 0.0020412574451143758 -0.00073112812712609475 0.0049276495247613638 5.4072707029730383e-05 0.0015596665713169119 -0.00046600703027491506 0.00051104654896665699 -0.00099449657173337125 0.0036919352598488329 -0.00026544737430023293 0.0032865526458329478 -0.0019161725931189722 0.0027841623062600514 0.0038796544032495307 -0.0010717503503720098 -0.00061524920914646079 -0.0018899283627979459 -0.0029144498761743305 0.00016085336067979888 -0.00052980916988640519 0.0029671540092676874 0.00021111424165942621 -0.0018465674422681331 0.0017367007071152328 0.0019543171757832167 -0.0027914736988604999 -0.00058154263514696041 -0.0024036665992545228 -0.0010935177144563543
leaf_weight=27 28 29 39 24 257 34 38 22 38 20 21 23 24 21 23 37 92 24 20 126 159 20 419 25 21 20 20 228 21 79
leaf_count=27 28 29 39 24 257 34 38 22 38 20 21 23 24 21 23 37 92 24 20 126 159 20 419 25 21 20 20 228 21 79
internal_value=1.67729e-12 0.000189764 0.00131936 0.00285722 9.16793e-05 3.61958e-05 -1.6391e-05 6.45654e-05 0.000403953 0.000631373 0.000450274 0.000703528 0.00048591 0.000141133 0.00223278 -0.000127 -0.000257311 1.6118e-05 -0.0013103 0.000107645 -0.00060464 2.44657e-05 0.000118686 -0.00056529 -2.23755e-05 0.000406533 -0.00087774 -0.000244732 -0.00133456 -0.00143654
internal_weight=1979 1139 91 52 1048 1019 985 927 442 358 338 296 273 228 45 207 840 470 58 183 370 112 446 84 59 146 258 485 42 99
internal_count=1979 1139 91 52 1048 1019 985 927 442 358 338 296 273 228 45 207 840 470 58 183 370 112 446 84 59 146 258 485 42 99
is_linear=0
shrinkage=0.03


Tree=63
num_leaves=31
num_cat=0
split_feature=1 4 5 4 6 7 7 9 9 9 5 1 6 8 6 9 9 8 6 9 8 6 1 5 0 5 9 5 9 1
split_gain=0.103793 0.292564 0.104633 0.196475 0.0932983 0.0843213 0.0648629 0.0684607 0.0567712 0.0738389 0.109483 0.161573 0.230674 0.183574 0.157581 0.231066 0.125954 0.1107 0.10307 0.0889224 0.0839469 0.0802048 0.0692669 0.0862755 0.0682178 0.0637438 0.0901276 0.136496 0.126738 0.0660273
threshold=0.28185092619817714 0.26881607714569228 0.18642551087439987 0.13028420626710693 20.37234042553192 -0.41270979975597899 0.10012849977957318 0.0447716414121564 0.04852483614004393 0.021352957021287425 0.08915297296197934 0.045727443109501061 46.498261278909098 1.4763050842564687 54.595091414944363 0.030202882576064547 0.04344103780815909 1.0449841095201335 58.947160200776402 0.023796734937602756 1.0254858535268108 49.801434087148372 -0.081913508589486247 -0.00096596689350547649 0.0046038090047537681 0.063416478983690863 0.020059812804316703 0.077497756255573771 0.015729442736725777 0.046492300010511974
decision_type=2 2 2 2 2 2 2 2 2 2 2 2 2 2 2 2 2 2 2 2 2 2 2 2 2 2 2 2 2 2
left_child=1 2 3 4 -1 -4 -7 -8 9 25 11 16 -13 17 20 -16 19 -14 -17 21 -12 -11 -21 24 -24 29 27 -27 -29 -6
right_child=-2 -3 5 -5 8 6 7 -9 -10 10 14 12 13 -15 15 18 -18 -19 -20 22 -22 -23 23 -25 -26 26 -28 28 -30 -31
leaf_value=0.0019051098090130836 -0.002150230473373085 0.0034620269311232154 -0.0021291467984421893 0.0030414146825205532 -0.00043556179836432035 4.1454531448452091e-06 -0.00043490893028412796 -0.0019349619350396096 -0.00061512934706675312 0.0014689153141967237 -0.0016689335633645896 0.0043795623981859539 0.00087800478529451143 0.0030559247695840894 -0.0005435029389162082 0.0029920959960669279 0.0024973973216089818 -0.0016448884817731122 0.00076022133227973557 -0.0011900064107806733 0.0002656550353599919 -0.00014134037603313724 0.00094027602020651092 -0.0003805166903438066 -0.00033562522991103995 0.0026322412789291276 -0.0012416582347026892 -0.0014079900472063092 0.00066789945438241343 -0.0020766197679564355
leaf_weight=24 20 22 26 20 188 190 98 38 117 73 80 20 49 25 150 25 21 23 73 45 27 45 120 193 55 22 35 37 93 25
leaf_count=24 20 22 26 20 188 190 98 38 117 73 80 20 49 25 150 25 21 23 73 45 27 45 120 193 55 22 35 37 93 25
internal_value=-1.06506e-12 2.19523e-05 -1.71192e-05 8.67885e-05 4.90297e-05 -0.000484999 -0.000353871 -0.000854041 2.01226e-05 7.23167e-05 0.000207334 0.000433302 0.00144598 0.000841113 -0.000218504 0.000196666 0.000218659 7.20805e-05 0.00132958 0.000128539 -0.00118077 0.000854835 -7.8974e-05 5.68859e-05 0.000539278 -0.000273327 0.000130857 0.000446897 7.70694e-05 -0.000628174
internal_weight=1979 1959 1937 1585 1565 352 326 136 1541 1424 1024 669 117 97 355 248 552 72 98 531 107 118 413 368 175 400 187 152 130 213
internal_count=1979 1959 1937 1585 1565 352 326 136 1541 1424 1024 669 117 97 355 248 552 72 98 531 107 118 413 368 175 400 187 152 130 213
is_linear=0
shrinkage=0.03


Tree=64
num_leaves=31
num_cat=0
split_feature=5 5 6 9 6 6 2 5 8 9 8 2 3 9 2 5 5 3 5 5 9 2 3 5 5 6 8 2 6 6
split_gain=0.101661 0.164338 0.115553 0.10205 0.119575 0.144474 0.273766 0.386671 0.170977 0.113505 0.214465 0.0846736 0.345836 0.117244 0.103811 0.199851 0.12488 0.117461 0.102366 0.10437 0.0992271 0.0744055 0.101823 0.0884796 0.172542 0.0931347 0.0672849 0.0660923 0.0655177 0.0871538
threshold=-0.102800231474715 -0.11764291793541497 87.760212447422859 0.034650804089397261 80.874520004954789 69.957627118644083 0.29532921249583372 0.37111217897379251 0.92754614878692132 0.032712336000452376 1.4958429551365862 -0.038093559388732205 0.018589532487926056 0.021271728295027995 0.028737979004551443 0.077497756255573771 0.028752033135946434 0.0051069526902878257 -0.055994623415200388 0.0059211799615296332 0.024565110435235727 0.06870132580542411 0.061108299595141642 0.063416478983690863 0.10196461175352912 51.792137718396724 0.99827187851368393 0.30200046879983394 37.974878334968366 64.5138888888889
decision_type=2 2 2 2 2 2 2 2 2 2 2 2 2 2 2 2 2 2 2 2 2 2 2 2 2 2 2 2 2 2
left_child=1 -1 3 9 5 27 8 -8 -7 11 -11 12 13 -2 15 16 26 -18 -15 -20 -21 23 -23 -16 25 -25 -13 28 -5 -30
right_child=2 -3 -4 4 -6 6 7 -9 -10 10 -12 14 -14 18 21 -17 17 -19 19 20 -22 22 -24 24 -26 -27 -28 -29 29 -31
leaf_value=0.00023565131632494738 -0.0010542755249318564 0.0031021657717064952 0.0017388233097153714 -0.0013322575631766365 -0.0025789075452749702 -0.0030233181891962885 0.0055013584792613975 0.000151017110404228 0.00055764493532478815 0.00031212368773089511 0.0036522587309379805 -0.00024641362299425066 0.0042777353329584008 -0.00065086661534773755 -0.00025454752160630257 -0.0023387677959166467 -3.7816910383601985e-05 0.0028296303749084472 0.0019193553061903278 0.0015071609210489051 -0.0013165969349211082 -3.046352145125119e-05 -0.0018974131144100935 0.00043125638470519335 -7.418435131171463e-05 0.0029002830009664067 -0.001510292888195677 -0.0019123191162943841 -0.00011287603320782251 -0.0014738277506501393
leaf_weight=72 54 24 32 65 22 20 20 31 30 81 22 122 20 43 78 50 36 20 59 21 24 431 28 20 64 44 55 30 312 49
leaf_count=72 54 24 32 65 22 20 20 31 30 81 22 122 20 43 78 50 36 20 59 21 24 431 28 20 64 44 55 30 312 49
internal_value=-7.29397e-13 0.00095228 -4.85496e-05 -7.94496e-05 -0.000409612 -0.000323931 0.00070269 0.00224919 -0.00087474 7.08367e-05 0.00102555 -1.32827e-05 0.000515523 0.000141173 -0.000136559 -0.000617794 -0.000248487 0.000986271 0.000580318 0.00108937 1.15673e-06 6.82372e-05 -0.000144352 0.000541918 0.00102726 0.00212871 -0.000639144 -0.000551318 -0.000455473 -0.000297604
internal_weight=1979 96 1883 1851 579 557 101 51 50 1272 103 1169 221 201 948 283 233 56 147 104 45 665 459 206 128 64 177 456 426 361
internal_count=1979 96 1883 1851 579 557 101 51 50 1272 103 1169 221 201 948 283 233 56 147 104 45 665 459 206 128 64 177 456 426 361
is_linear=0
shrinkage=0.03


Tree=65
num_leaves=31
num_cat=0
split_feature=8 6 9 7 8 1 8 9 7 1 4 9 2 4 9 6 1 9 2 8 8 7 6 7 8 9 9 9 4 8
split_gain=0.0967047 0.126767 0.290544 0.205093 0.11592 0.0826476 0.0963662 0.0820411 0.108789 0.148541 0.146414 0.142026 0.276757 0.289858 0.127782 0.203403 0.107143 0.0806665 0.0952227 0.11837 0.114871 0.0837512 0.072952 0.0691013 0.0910275 0.0662215 0.118605 0.12975 0.0802526 0.060071
threshold=0.81272988961931736 32.619484302513762 0.030027112810661203 0.29389943654931755 0.82951876394908042 0.0041401479641416392 0.78472465758571697 0.026444937254086965 0.98471158500994593 0.095297539117234834 0.26881607714569228 0.045594873608079088 0.047054463563002365 0.010591661124248921 0.040462546360846639 69.957627118644083 -0.088929204195398445 0.036370160250888892 0.13735909253003256 0.98910432994584541 1.3648907246978952 0.10598768200052013 45.406622925878388 0.31119655457430678 1.0782382785934359 0.02857249563620776 0.024993476182671656 0.026444937254086965 0.069399105782588247 0.34170668587241615
decision_type=2 2 2 2 2 2 2 2 2 2 2 2 2 2 2 2 2 2 2 2 2 2 2 2 2 2 2 2 2 2
left_child=5 2 3 -2 -3 6 29 -6 10 -10 11 12 13 22 17 -16 -13 18 19 -14 -20 -21 -9 24 -18 26 28 -28 -7 -1
right_child=1 4 -4 -5 7 25 -8 8 9 -11 -12 16 14 -15 15 -17 23 -19 20 21 -22 -23 -24 -25 -26 -27 27 -29 -30 -31
leaf_value=-0.0012520716988688543 0.0047571963380323721 0.0019571196605804664 -0.00070324231798832239 0.00097787289104806939 -0.00023903512202664307 -0.00098917138820707744 -0.001831982408184558 0.0019501054027300003 0.00029891014063300995 -0.0026634148014709354 0.0029093793792916195 0.0013601476916810496 -0.00081518900871742513 0.0043310496905310586 -0.00057924739044645562 0.0032599338718379534 0.00043353730386921333 -0.0014886550256051122 0.00027970648858309635 0.0032457274094922469 -0.0019749496396715667 0.00068437775079574839 -0.00034910753421071503 -0.0026223682165145874 -0.0018184685274027286 -0.00097022754493273635 0.0029553159764036537 -0.00020843385513996638 0.00089871472183149313 0.00020785844632533327
leaf_weight=27 24 29 39 28 503 107 24 23 39 25 21 20 24 33 23 27 35 36 53 20 33 27 27 20 30 190 20 28 25 419
leaf_count=27 24 29 39 28 503 107 24 23 39 25 21 20 24 33 23 27 35 36 53 20 33 27 27 20 30 190 20 28 25 419
internal_value=1.19695e-12 0.000180094 0.00125414 0.00272218 8.68327e-05 -0.000244199 1.9828e-05 3.36057e-05 0.000299378 -0.000858248 0.000463289 0.000344106 0.000653173 0.00214881 0.000142318 0.00149391 -0.000615473 -0.000207836 8.58555e-05 0.000898989 -0.000585452 0.00177431 0.00070853 -0.00108032 -0.00060585 -0.000579585 -0.000167241 0.0011098 -0.000631617 0.000119477
internal_weight=1979 1139 91 52 1048 840 470 1019 516 64 452 431 326 83 243 50 105 193 157 71 86 47 50 85 65 370 180 48 132 446
internal_count=1979 1139 91 52 1048 840 470 1019 516 64 452 431 326 83 243 50 105 193 157 71 86 47 50 85 65 370 180 48 132 446
is_linear=0
shrinkage=0.03


Tree=66
num_leaves=31
num_cat=0
split_feature=1 4 6 2 9 4 9 1 1 4 2 0 0 0 3 6 1 6 9 9 3 2 8 9 9 2 9 6 2 1
split_gain=0.0966919 0.266866 0.0907439 0.0817964 0.0886262 0.182215 0.152927 0.0919096 0.0761707 0.059733 0.0627619 0.0567321 0.168326 0.0550488 0.0853727 0.315302 0.0609267 0.113805 0.0735594 0.0863214 0.060629 0.0529235 0.074193 0.0934449 0.0512567 0.0734434 0.103782 0.0429527 0.0848568 0.073832
threshold=0.28185092619817714 0.26881607714569228 20.37234042553192 0.46320706300911046 0.045202141561819807 0.11300410990416355 0.043252421195420263 0.1682105263157895 0.045727443109501061 -0.07143164178385096 0.22143747855870968 0.09231323857145525 0.063490378259408523 1.0000000180025095e-35 0.026833708765756196 64.379280821917817 0.0067340830763650281 45.406622925878388 0.033050594405784582 0.037624811469302584 -0.018042407457376394 0.27299095689028979 1.6599866352613899 0.027073823125737716 0.04852483614004393 -0.020906177156177149 0.052705681126948463 26.847469967236986 -0.085070198292082774 -0.079207633531088381
decision_type=2 2 2 2 2 2 2 2 2 2 2 2 2 2 2 2 2 2 2 2 2 2 2 2 2 2 2 2 2 2
left_child=1 2 -1 4 6 8 7 11 9 -6 24 12 13 14 16 -16 27 -18 -19 -20 -15 22 -22 -24 -11 -26 -27 -4 29 -29
right_child=-2 -3 3 -5 5 -7 -8 -9 -10 10 -12 -13 -14 20 15 -17 17 18 19 -21 21 -23 23 -25 25 26 -28 28 -30 -31
leaf_value=0.0018171018432076378 -0.0020753699680790307 0.0033067098975350911 -0.0011104842354543508 0.0018693686882033944 -0.0012710590203865789 -0.0025229525488071345 0.001984449758460479 0.0016532973110964843 -0.0012565563140938486 0.0015440284227267566 -0.0011870239895175802 -0.0015999546926468611 0.0026374719085704001 -0.0014885084791218532 0.0041637956695631147 -0.00098659237593655348 -0.0017142740863544696 -0.00031165216499630329 0.0022682671024813316 -0.00033334489573131904 -0.00022876435245208638 -0.0015766704606357961 -0.00012464598187112382 0.0025602388913976027 -0.00092306165613562747 -0.00011807047606756288 0.0025772506456123666 -0.00015258553304842539 0.00013540469080612451 0.0020094565988983959
leaf_weight=24 20 22 20 20 26 37 35 29 52 34 22 21 21 34 20 23 44 192 24 22 641 24 28 20 34 36 20 21 369 44
leaf_count=24 20 22 20 20 26 37 35 29 52 34 22 21 21 34 20 23 44 192 24 22 641 24 28 20 34 36 20 21 369 44
internal_value=4.96758e-12 2.11881e-05 -1.61281e-05 -3.91274e-05 -5.92911e-05 -0.000572586 2.27983e-05 -2.01934e-05 -0.000250427 5.37516e-05 0.000289677 -5.11445e-05 -3.01199e-05 -6.68299e-05 0.000109615 0.00140894 3.37038e-05 -0.000312626 -5.34974e-05 0.00102402 -0.000250834 -0.000191814 -0.000143575 0.000994056 0.000551672 0.000176782 0.000844544 0.000248825 0.000311466 0.00131095
internal_weight=1979 1959 1937 1913 1893 261 1632 1597 224 172 146 1568 1547 1526 779 43 736 282 238 46 747 713 689 48 124 90 56 454 434 65
internal_count=1979 1959 1937 1913 1893 261 1632 1597 224 172 146 1568 1547 1526 779 43 736 282 238 46 747 713 689 48 124 90 56 454 434 65
is_linear=0
shrinkage=0.03


Tree=67
num_leaves=31
num_cat=0
split_feature=5 1 2 5 5 4 5 4 4 4 2 5 1 2 4 0 1 7 1 5 0 1 0 2 9 4 9 1 9 9
split_gain=0.0958022 0.155 0.0926683 0.225853 0.173463 0.225686 0.248904 0.197656 0.120466 0.0859578 0.0787035 0.0801559 0.0979201 0.0726136 0.0647363 0.108388 0.0812797 0.164463 0.0792338 0.0784381 0.0754423 0.0758773 0.0800207 0.0727476 0.113369 0.0669402 0.0663748 0.0619127 0.0617201 0.109288
threshold=-0.102800231474715 -0.063537939260482609 0.39941752928167856 0.48243215995500294 0.35767842657335708 0.15484795994745651 0.26981639188701539 0.14250170761421979 0.13360744114703929 -0.11077906633424033 0.29532921249583372 0.15795606684376332 0.11896587088546641 0.18280841056504529 0.098482981180996756 0.059892770834106941 0.05442186944674799 -0.31845096430127651 0.0067340830763650281 -0.022021851189710891 1.0000000180025095e-35 -0.01009443632371587 0.025089928057553949 -0.082731919046640609 0.026897112098672359 -0.008581852276839717 0.040462546360846639 -0.035239729506993771 0.050083738565685078 0.04344103780815909
decision_type=2 2 2 2 2 2 2 2 2 2 2 2 2 2 2 2 2 2 2 2 2 2 2 2 2 2 2 2 2 2
left_child=1 -1 4 -4 5 7 -7 9 -6 -2 11 13 28 14 15 16 18 -18 20 -19 23 26 -23 24 -11 -20 -22 -25 29 -13
right_child=2 -3 3 -5 8 6 -8 -9 -10 10 -12 12 -14 -15 -16 -17 17 19 25 -21 21 22 -24 27 -26 -27 -28 -29 -30 -31
leaf_value=0.0028029987294576129 -0.0020117448144592342 0.00015090662938960391 0.0030543500530244463 -0.00037149154039662935 -0.00041867939787435123 0.0043409866771914737 -3.4280176553875209e-05 -0.0029187449304894967 -0.0032309022395370099 0.00017817091065042308 0.0018373724436387417 -0.00044432624402583891 0.0015082554584867985 0.0010961476873949563 -0.0013306571643370547 0.0018172142202965915 0.0025861796232000472 -0.0015272891281970908 -0.0012569044874981045 0.00048279195029863329 -0.00096703702298755697 -0.00011978313136337833 0.0020463483715429899 -0.00028861451433980477 0.0026939371793663924 -0.00025315841103971037 0.00084511025925166901 0.00050282360959354785 0.0009226206105879762 -0.0019421920379520292
leaf_weight=28 20 68 29 43 29 22 25 22 26 38 20 233 21 57 32 30 31 21 75 104 136 66 20 156 28 295 21 207 22 54
leaf_count=28 20 68 29 43 29 22 25 22 26 38 20 233 21 57 32 30 31 21 75 104 136 66 20 156 28 295 21 207 22 54
internal_value=-1.85249e-12 0.000924433 -4.71299e-05 0.00100836 -8.90931e-05 -3.71312e-05 0.00201372 -9.35326e-05 -0.00174809 -5.66893e-05 -3.32333e-05 -5.59486e-05 -0.000474047 4.8814e-05 1.43461e-06 3.61471e-05 -8.45391e-06 0.000630185 -0.000104066 0.000145098 9.0049e-05 -0.000332298 0.000383968 0.000329281 0.00124547 -0.00045662 -0.000724648 0.000162701 -0.000608766 -0.000726155
internal_weight=1979 96 1883 72 1811 1756 47 1709 55 1687 1667 1647 330 1317 1260 1228 1198 156 1042 125 672 243 86 429 66 370 157 363 309 287
internal_count=1979 96 1883 72 1811 1756 47 1709 55 1687 1667 1647 330 1317 1260 1228 1198 156 1042 125 672 243 86 429 66 370 157 363 309 287
is_linear=0
shrinkage=0.03


Tree=68
num_leaves=31
num_cat=0
split_feature=5 5 2 5 4 5 4 5 4 4 2 9 9 1 2 3 9 7 7 2 0 2 0 3 5 3 1 2 9 9
split_gain=0.0901403 0.151338 0.0885696 0.163623 0.277995 0.300289 0.186208 0.109255 0.0959465 0.0810219 0.0747829 0.0771162 0.107569 0.153533 0.687314 0.137015 0.0849756 0.0706804 0.0648529 0.0622427 0.078996 0.0571357 0.0547581 0.06259 0.0540946 0.0475741 0.0411217 0.0558461 0.0777294 0.0632965
threshold=-0.102800231474715 -0.11764291793541497 0.46320706300911046 0.35767842657335708 0.15484795994745651 0.26981639188701539 0.14250170761421979 0.64120099783527407 0.11635392334398499 -0.11077906633424033 0.29532921249583372 0.03425257119690258 0.025751445073890943 0.056387430259271405 0.029326316727891547 -0.031285516697109488 0.031669268583651412 0.038806201855580931 -0.014243050889736207 -0.060916519591681088 0.035208944281524886 0.18088214004214445 -0.021270154149875483 -0.01373751872009049 0.15946415527303628 -0.0038358107086369215 0.01077453292218389 0.14273227969348659 0.023361017134076258 0.024993476182671656
decision_type=2 2 2 2 2 2 2 2 2 2 2 2 2 2 2 2 2 2 2 2 2 2 2 2 2 2 2 2 2 2
left_child=1 -1 3 4 6 -6 9 -4 -5 -2 11 12 26 15 -15 -14 -16 18 -13 -17 21 22 -21 -24 -19 -25 -11 29 -29 -28
right_child=2 -3 7 8 5 -7 -8 -9 -10 10 -12 17 13 14 16 19 -18 24 -20 20 -22 -23 23 25 -26 -27 27 28 -30 -31
leaf_value=0.00020899981379140324 -0.0019513924657367167 0.0029598024638835341 0.0023968308412566268 -0.00011790719141976701 0.0046986014225884618 7.2305796576464289e-05 -0.0028311825865371659 -0.00040677000461569561 -0.0024101138633808921 8.7656034451320366e-05 0.0016682723480398239 -0.00025014306481400701 0.0020312015818161589 0.0064651834079995753 0.00098544970001193124 -0.0012357918448590985 -0.0011022643700874012 -0.00050584948064339038 0.0013312829468542565 0.00099658297912146032 0.0016979521759785711 0.0011765316847699328 -0.0019356273053942816 0.00085818572585204885 -0.0016530310193246061 -0.00053217366866038166 -0.00063841225392916739 0.00085559380029074175 -0.0011696294114580783 0.00085178844755448937
leaf_weight=72 20 24 29 27 23 28 22 22 42 404 23 228 31 20 47 36 28 113 26 26 25 28 23 28 55 106 306 66 23 28
leaf_count=72 20 24 29 27 23 28 22 22 42 404 23 228 31 20 47 36 28 113 26 26 25 28 23 28 55 106 306 66 23 28
internal_value=-3.66827e-12 0.0008967 -4.5716e-05 -8.0045e-05 -2.39558e-05 0.00215867 -8.89758e-05 0.00118743 -0.00151316 -5.32784e-05 -3.05465e-05 -5.42701e-05 6.62155e-05 0.000471451 0.00152375 0.000141521 0.000206036 -0.000404021 -8.82648e-05 -7.38467e-05 0.000103399 -8.55289e-05 -0.000278631 -0.000489813 -0.000881415 -0.000241651 -0.000128807 -0.000335547 0.000332222 -0.000513485
internal_weight=1979 96 1883 1832 1763 51 1712 51 69 1690 1670 1647 1225 398 95 303 75 422 254 272 236 211 183 157 168 134 827 423 89 334
internal_count=1979 96 1883 1832 1763 51 1712 51 69 1690 1670 1647 1225 398 95 303 75 422 254 272 236 211 183 157 168 134 827 423 89 334
is_linear=0
shrinkage=0.03


Tree=69
num_leaves=31
num_cat=0
split_feature=6 4 5 6 4 8 6 9 1 6 9 5 1 9 9 6 4 8 6 1 1 6 4 9 1 1 9 9 9 6
split_gain=0.0909418 0.116563 0.106221 0.127866 0.109587 0.0871134 0.0819337 0.116501 0.115402 0.0818486 0.0508333 0.0771591 0.101434 0.221921 0.47369 0.102268 0.0793351 0.0698236 0.0996572 0.117312 0.0686837 0.0765145 0.0833258 0.0778402 0.108395 0.087187 0.0956245 0.0845619 0.0983961 0.123617
threshold=87.760212447422859 0.16388638673622016 0.22837135710603776 81.903380017103316 0.13685680025460237 0.76439480615657318 75.231814106579222 0.040462546360846639 -0.015756898630914336 20.37234042553192 0.021271728295027995 0.0059211799615296332 0.019742759489116749 0.033928288260547522 0.025751445073890943 48.620624048706254 -0.066916729499220548 1.1406050473993938 45.166158239761153 -0.023352810239287699 0.12860944483650907 70.17513491497813 -0.039025493348270483 0.03425257119690258 -0.016471106890938666 0.0060031832787771364 0.031669268583651412 0.041745198999884478 0.045594873608079088 48.367722561270959
decision_type=2 2 2 2 2 2 2 2 2 2 2 2 2 2 2 2 2 2 2 2 2 2 2 2 2 2 2 2 2 2
left_child=2 -2 4 5 9 -4 8 -8 -7 -1 -11 12 17 14 -14 -15 -13 18 19 -12 21 22 -18 25 -25 26 -24 -26 -29 -30
right_child=1 -3 3 -5 -6 6 7 -9 -10 10 11 16 13 15 -16 -17 20 -19 -20 -21 -22 -23 23 24 27 -27 -28 28 29 -31
leaf_value=0.001761191971017979 -0.00012580480955710465 0.0030386623819358646 -0.0015224178443301697 -0.0028502626730395214 0.0018222402024172966 0.0014249167929443975 -0.00063338295237728114 0.0022721421692727338 -0.00092335749068297437 -0.00029084062522931651 0.0017001767737742561 -0.0016718543207065925 3.9240143128803796e-05 -0.0013572046756079154 0.0058497003388955542 0.0011637491565197706 0.0010333909047039924 -0.00057435141508819447 -0.00026765399154177622 -0.0004377224846658381 0.0016746040303925317 0.00076320673569610462 0.00017277148936474906 -0.0016079027710366061 -0.0010534104637124322 -0.00043454651174246905 0.0021541792606003581 0.0022960591722512615 0.0012008975241333247 -0.0019212925766727751
leaf_weight=24 22 20 49 21 31 23 23 27 104 414 77 27 28 28 23 30 48 86 95 33 21 89 178 80 55 232 25 20 25 21
leaf_count=24 22 20 49 21 31 23 23 27 104 414 77 27 28 28 23 30 48 86 95 33 21 89 178 80 55 232 25 20 25 21
internal_value=-2.40862e-12 0.00138108 -2.99461e-05 -0.000611053 5.49849e-05 -0.000402985 -9.30851e-05 0.000935601 -0.000498079 2.19621e-05 -3.56792e-06 9.38366e-05 0.0004355 0.00121608 0.00265964 -5.3263e-05 -7.26255e-05 0.000143118 0.000444106 0.00105881 -1.82436e-05 -6.4233e-05 -0.000171897 -0.000262862 -0.000751111 -3.72574e-05 0.000416787 -0.000184637 0.000539341 -0.00022445
internal_weight=1979 42 1937 247 1690 226 177 50 127 1659 1635 1221 400 109 51 58 821 291 205 110 794 773 684 636 201 435 203 121 66 46
internal_count=1979 42 1937 247 1690 226 177 50 127 1659 1635 1221 400 109 51 58 821 291 205 110 794 773 684 636 201 435 203 121 66 46
is_linear=0
shrinkage=0.03


Tree=70
num_leaves=31
num_cat=0
split_feature=1 2 9 9 9 6 2 3 9 2 8 1 2 6 7 2 8 9 2 0 0 9 3 9 1 2 6 7 8 1
split_gain=0.0903434 0.192417 0.107879 0.0963183 0.144367 0.576495 0.173785 0.224689 0.13126 0.131375 0.196649 0.281185 0.150862 0.121501 0.0955395 0.0781011 0.0847443 0.0811764 0.0855009 0.0773251 0.0707516 0.0686994 0.0658936 0.0609689 0.0396173 0.0814879 0.0703027 0.0632863 0.0635613 0.0561815
threshold=0.28185092619817714 0.46320706300911046 0.050083738565685078 0.045202141561819807 0.040462546360846639 69.957627118644083 0.20054320501890835 0.0021964837611153647 0.035613520529957518 -0.091884476026312931 0.98910432994584541 -0.079207633531088381 -0.13036408404323549 62.961843388889655 0.17522879083498591 -0.026391140919811314 0.62496974044727471 0.052261383887176681 0.1242490799538173 0.058194183864915601 -1.0000000180025095e-35 0.025422139673677357 0.023206320426020891 0.04222417709937118 -0.037500234376464874 0.010652482269503551 32.619484302513762 -0.23442920492003069 1.1406050473993938 0.01077453292218389
decision_type=2 2 2 2 2 2 2 2 2 2 2 2 2 2 2 2 2 2 2 2 2 2 2 2 2 2 2 2 2 2
left_child=1 3 -3 4 8 6 7 23 9 10 12 -12 -1 14 15 16 -5 18 -17 24 -15 -14 -10 -6 25 27 -26 -11 -29 -28
right_child=-2 2 -4 13 5 -7 -8 -9 22 19 11 -13 21 20 -16 17 -18 -19 -20 -21 -22 -23 -24 -25 26 -27 29 28 -30 -31
leaf_value=-0.0014311823110620026 -0.0020060821822844442 0.0036378196086734533 0.00052187507977942004 0.00070487208502448121 0.00053561354940757152 0.0045879688215533067 -0.0026247747314628212 0.0028954032040201128 -0.00048696364000331134 -0.0022997592958725159 0.00016492812847718598 0.0051352508800170784 3.0465175397694111e-05 -0.00095696968703784719 -0.0011344686221065267 0.0014463217067532241 -0.001698541539090295 0.0018945669750017778 -0.0010159522052854298 0.0013368482849044675 -0.0031844791397452354 0.0024598491486077282 -0.0019348558991287761 -0.0016866562963463367 0.0015485925478144335 0.00035766405196446956 0.00025365187825570235 0.00043247358582448214 -0.0014896340596169465 -0.00019718252301264067
leaf_weight=32 20 20 20 23 20 31 20 24 103 27 20 21 20 33 70 22 31 35 30 37 21 22 39 25 26 58 395 30 32 672
leaf_count=32 20 20 20 23 20 31 20 24 103 27 20 21 20 33 70 22 31 35 30 37 21 22 39 25 26 58 395 30 32 672
internal_value=-1.08483e-12 2.04807e-05 0.00207985 -2.24452e-05 6.26282e-05 0.00106473 -0.000162471 0.00055124 -1.57628e-05 7.28711e-05 0.00104406 0.0027107 0.000120651 -0.000553431 -0.000228461 0.000221331 -0.000674865 0.00077759 2.57791e-05 -1.45892e-05 -0.00182322 0.001303 -0.000884624 -0.000698981 -5.49144e-05 -0.0005173 7.27287e-06 -0.0010875 -0.000559582 -3.02851e-05
internal_weight=1979 1959 40 1919 1654 120 89 69 1534 1392 115 41 74 265 211 141 54 87 52 1277 54 42 142 45 1240 147 1093 89 62 1067
internal_count=1979 1959 40 1919 1654 120 89 69 1534 1392 115 41 74 265 211 141 54 87 52 1277 54 42 142 45 1240 147 1093 89 62 1067
is_linear=0
shrinkage=0.03


Tree=71
num_leaves=31
num_cat=0
split_feature=8 6 0 8 0 6 5 2 4 7 5 4 2 3 0 6 5 8 3 8 2 8 8 2 6 4 2 0 2 3
split_gain=0.0846631 0.106511 0.189861 0.104095 0.0734823 0.0723652 0.0944534 0.11271 0.089625 0.068048 0.0611201 0.0983358 0.0600413 0.0672348 0.0557864 0.0537159 0.0644555 0.0805249 0.0672136 0.0541675 0.0647223 0.0534568 0.065878 0.0538722 0.0530505 0.0523183 0.0595657 0.0620274 0.0528431 0.0502357
threshold=0.81272988961931736 32.619484302513762 -0.0034306225726727364 0.82951876394908042 0.026782054742482412 87.760212447422859 0.4134632143734473 0.29532921249583372 0.21249033996806135 0.47455385396590849 0.14661883492515207 0.1096000251561985 0.17293607452618046 0.0090883203718850076 -0.021270154149875483 23.734910376783322 -0.028935352251604648 0.72164339749312767 -0.0071219415965336199 0.43209997507328746 0.17888274023508502 1.0782382785934359 0.98301964650292806 0.11883445945945938 35.632293252156288 0.097488566059224194 0.16040943009901323 0.059892770834106941 0.078893098428576738 0.023952971890598865
decision_type=2 2 2 2 2 2 2 2 2 2 2 2 2 2 2 2 2 2 2 2 2 2 2 2 2 2 2 2 2 2
left_child=4 2 9 -3 15 6 7 10 -8 14 11 24 13 -6 -2 -1 17 18 -17 -18 -21 22 -12 -23 -5 26 27 28 -26 -24
right_child=1 3 -4 5 12 -7 8 -9 -10 -11 21 -13 -14 -15 -16 16 19 -19 -20 20 -22 23 29 -25 25 -27 -28 -29 -30 -31
leaf_value=-0.0016284400796783823 -1.9867424271069466e-06 0.0018553476785470185 0.0034425620548427104 -0.0012401377083733677 -0.0019410954282752103 0.0013933314253261092 -4.9539907835423943e-05 0.0016168315995018928 -0.0024095295054472185 -0.00083082313830446864 -0.00043069644048108325 0.0021739150161322741 -0.0022926855688914652 0.00013790390955234345 0.0022387221255339681 0.0011715424381750258 -0.00089324763864099697 0.0020506704510189593 -0.00043019855448689598 -0.00023739636478809571 0.00072169260276053605 -0.0017373808794670638 0.0020981021636232201 -0.00043419804669334554 0.00023115717890683185 -0.0013609559758915566 0.0017679787982654359 0.0016280629020184278 -0.00051377702753631056 2.3031818813511301e-05
leaf_weight=21 20 29 24 26 21 34 30 40 28 27 73 21 25 42 20 37 91 25 65 439 74 37 21 125 388 20 21 24 110 21
leaf_count=21 20 29 24 26 21 34 30 40 28 27 73 21 25 42 20 37 91 25 65 439 74 37 21 125 388 20 21 24 110 21
internal_value=-3.12804e-13 0.000168509 0.00115301 8.30227e-05 -0.00022849 3.25836e-05 -1.43863e-05 5.90965e-05 -0.00118885 0.000332873 -1.11508e-05 0.000156662 -0.00104873 -0.000555096 0.00111837 -0.000132505 -8.95299e-05 0.00052481 0.000150825 -0.000218704 -9.90482e-05 -0.000380704 0.000113939 -0.000731839 8.474e-05 0.000145924 0.000201426 0.000138404 6.66135e-05 0.00106057
internal_weight=1979 1139 91 1048 840 1019 985 927 58 67 887 610 88 63 40 752 731 127 102 604 513 277 115 162 589 563 543 522 498 42
internal_count=1979 1139 91 1048 840 1019 985 927 58 67 887 610 88 63 40 752 731 127 102 604 513 277 115 162 589 563 543 522 498 42
is_linear=0
shrinkage=0.03


Tree=72
num_leaves=31
num_cat=0
split_feature=1 4 5 1 9 9 6 2 3 9 7 7 9 2 1 5 2 9 5 1 7 7 4 3 1 5 5 2 5 3
split_gain=0.082441 0.225436 0.0837536 0.143178 0.0737447 0.136281 0.491011 0.162765 0.216069 0.13718 0.0902629 0.105684 0.0672901 0.131468 0.275563 0.107401 0.0827596 0.0812309 0.0992339 0.0870538 0.0798776 0.0983983 0.083996 0.0761896 0.0726226 0.0639941 0.12911 0.0836153 0.0639009 0.0585782
threshold=0.28185092619817714 0.26881607714569228 -0.102800231474715 -0.063537939260482609 0.045202141561819807 0.040462546360846639 69.957627118644083 0.20054320501890835 0.0021964837611153647 0.035613520529957518 0.10012849977957318 -0.014243050889736207 0.021271728295027995 -0.042736895509997035 0.034977724468814204 -0.057946840175061402 -0.017908110361636417 0.018776636004492153 0.10683479779076578 1.0000000180025095e-35 -0.23442920492003069 -0.010692108450041314 -0.059946264521100349 0.065486255705470411 -0.0064275489980180614 0.062598350669487837 0.11006782200666389 0.1359824561403509 0.10007320178922031 0.055879051625124861
decision_type=2 2 2 2 2 2 2 2 2 2 2 2 2 2 2 2 2 2 2 2 2 2 2 2 2 2 2 2 2 2
left_child=1 2 3 -1 5 9 7 8 -7 12 11 -6 16 14 15 -14 24 19 -19 -18 -17 -22 -23 29 -4 -21 -27 -28 -11 -15
right_child=-2 -3 4 -5 10 6 -8 -9 -10 28 -12 -13 13 23 -16 20 17 18 -20 25 21 22 -24 -25 -26 26 27 -29 -30 -31
leaf_value=0.0026546453926130195 -0.0019163382919505237 0.0030393045999914069 -0.00025497673992312664 0.00010569553192266646 -0.00047685175589186709 -0.00082384950450719576 0.0043099549706093971 -0.0025288047040812668 0.0028120840889459941 -0.00033560414154849507 -0.0013094583173832771 0.0014577877332246111 -0.0009073620269344629 -1.0174943212844263e-05 0.0041401244833832607 -0.00030986278741197156 0.0014495400960477973 -0.0017993853115749129 5.5354356320157386e-05 -0.00081584305217802461 0.0032085547243644085 -0.00070712523135755742 0.0016462128634492936 0.001411663617883195 -0.002109704624959513 0.0019906744960826472 -0.00095086419245820827 0.00095928458877923817 -0.0016511001278861209 -0.0014605040174837294
leaf_weight=28 20 22 38 68 141 38 30 20 24 68 88 31 38 696 21 33 43 47 58 64 21 21 39 33 38 32 55 33 65 26
leaf_count=28 20 22 38 68 141 38 30 20 24 68 88 31 38 696 21 33 43 47 58 64 21 21 39 33 38 32 55 33 65 26
internal_value=5.21707e-14 1.95645e-05 -1.47331e-05 0.000849139 -5.97802e-05 1.7218e-05 0.00102595 -0.000175517 0.000583609 -5.969e-05 -0.000527988 -0.000128167 3.17799e-05 0.000172952 0.0009189 0.000473862 -0.000289318 -8.48911e-05 -0.000774862 0.000234259 0.000934271 0.00144114 0.000822545 2.02654e-06 -0.00118234 -4.97473e-05 0.000358837 -0.000234558 -0.000978516 -6.24029e-05
internal_weight=1979 1959 1937 96 1841 1581 112 82 62 1469 260 172 1336 928 173 152 408 332 105 227 114 81 60 755 76 184 120 88 133 722
internal_count=1979 1959 1937 96 1841 1581 112 82 62 1469 260 172 1336 928 173 152 408 332 105 227 114 81 60 755 76 184 120 88 133 722
is_linear=0
shrinkage=0.03


Tree=73
num_leaves=31
num_cat=0
split_feature=6 1 1 6 8 0 2 4 0 4 9 1 2 1 0 9 2 3 6 2 9 9 8 9 2 2 2 1 8 9
split_gain=0.0785318 0.110472 0.0905672 0.0787879 0.0728111 0.0505782 0.0668184 0.060635 0.0584397 0.136143 0.136592 0.0473948 0.0889875 0.0936549 0.101705 0.0860739 0.100366 0.201198 0.0684786 0.0529342 0.0522991 0.0708351 0.0549232 0.0509331 0.0947658 0.0885789 0.0801708 0.0703243 0.0705547 0.050471
threshold=87.760212447422859 0.09922040120137933 0.26662217137045513 20.37234042553192 0.32955517402827128 0.099030052258957349 0.39941752928167856 0.20351458381447632 0.058194183864915601 0.10281904388994802 0.03425257119690258 0.0077312963593871862 0.21725848778087589 -0.041963829421199798 0.021216787465608181 0.0447716414121564 -0.067048743496939553 0.01566619859730423 50.054704595186003 -0.038093559388732205 0.040210937526493455 0.049165765623419656 1.057271743843359 0.017377187333909212 0.0061117102983951907 0.088130884395740031 0.13970947495020117 0.017557872316574245 0.50510556641234905 0.026005649447210077
decision_type=2 2 2 2 2 2 2 2 2 2 2 2 2 2 2 2 2 2 2 2 2 2 2 2 2 2 2 2 2 2
left_child=2 -2 3 -1 -5 6 8 -8 11 10 -10 12 13 14 -6 16 17 -13 19 -17 22 -22 -15 24 -18 -26 -27 -25 -29 -24
right_child=1 -3 -4 4 5 -7 7 -9 9 -11 -12 15 -14 20 -16 18 23 -19 -20 -21 21 -23 29 27 25 26 -28 28 -30 -31
leaf_value=0.0017012103146407753 -0.000183591504200277 0.0028970866156741979 -0.002036171240120893 -0.001470492742598928 -0.00018891126349213907 -0.0013184246763389986 0.0023924188348464666 0.00011007382576777175 0.0036095587913878261 -0.0011848384916915426 0.00038687206531778489 -0.00080440594442188738 0.0016903416662957639 3.0925808126602969e-05 -0.0020591812628995756 -0.0011234803935936228 -0.0026279462249949571 0.0033999579842202365 -0.0016986042009024271 0.0010090135987848043 0.0023026693506667819 1.7106847270675327e-05 0.00044263365451164692 -0.00090939948386781341 0.00054258847641235931 -0.0022330726906657217 0.00021903045068029313 -0.0013127967082311898 0.00013922712779873336 0.0020258268597535788
leaf_weight=24 22 20 20 31 268 26 20 22 20 21 29 20 31 367 29 22 20 21 58 20 26 23 74 78 49 30 20 32 512 24
leaf_count=24 22 20 20 31 268 26 20 22 20 21 29 20 31 367 29 22 20 21 58 20 26 23 74 78 49 30 20 32 512 24
internal_value=-4.7814e-14 0.0012834 -2.78279e-05 -6.87496e-06 -2.85306e-05 -4.52367e-06 1.40828e-05 0.0011969 -1.36087e-05 0.000836127 0.00170225 -4.81107e-05 0.000112878 5.25806e-05 -0.00037153 -0.000201799 -9.58197e-05 0.00134905 -0.00103055 -0.000108007 0.000297641 0.00122985 0.000199408 -0.000175765 -0.000744401 -0.000363886 -0.00125223 -6.69749e-05 5.3814e-05 0.000830354
internal_weight=1979 42 1937 1917 1893 1862 1836 42 1794 70 49 1724 842 811 297 882 782 41 100 42 514 49 465 741 119 99 50 622 544 98
internal_count=1979 42 1937 1917 1893 1862 1836 42 1794 70 49 1724 842 811 297 882 782 41 100 42 514 49 465 741 119 99 50 622 544 98
is_linear=0
shrinkage=0.03


Tree=74
num_leaves=31
num_cat=0
split_feature=5 5 6 9 6 6 2 5 9 9 4 2 2 1 2 5 5 3 0 9 9 5 2 3 1 9 1 2 1 6
split_gain=0.0771654 0.172696 0.0841732 0.0837939 0.117566 0.111787 0.223142 0.308925 0.133958 0.0919387 0.0963799 0.208824 0.0666096 0.332394 0.0955114 0.185755 0.112324 0.104336 0.0857025 0.101137 0.0748127 0.0661074 0.065959 0.0973584 0.0921359 0.098023 0.0727948 0.0601484 0.0566759 0.0562468
threshold=-0.099455256383074661 -0.11193975241119357 87.760212447422859 0.034650804089397261 80.874520004954789 69.957627118644083 0.29532921249583372 0.37111217897379251 0.0447716414121564 0.032712336000452376 0.018653453514495991 0.11543940962203715 -0.038093559388732205 0.034977724468814204 0.028737979004551443 0.077497756255573771 0.028752033135946434 0.0051069526902878257 0.00066376064989104322 0.021647122449957559 0.024318107562826034 -0.055994623415200388 0.06870132580542411 0.061108299595141642 0.069267913850507137 0.018465750358328117 -0.033397068196303441 0.30200046879983394 0.01077453292218389 37.974878334968366
decision_type=2 2 2 2 2 2 2 2 2 2 2 2 2 2 2 2 2 2 2 2 2 2 2 2 2 2 2 2 2 2
left_child=1 -1 3 9 5 27 8 -8 -7 12 -11 -12 13 18 15 16 -14 -18 19 -2 -20 -21 24 -24 25 28 -27 29 -16 -5
right_child=2 -3 -4 4 -6 6 7 -9 -10 10 11 -13 14 -15 22 -17 17 -19 20 21 -22 -23 23 -25 -26 26 -28 -29 -30 -31
leaf_value=0.00012582943425513802 -0.00089063004796009727 0.0030273646808927877 0.0014813214566675014 -0.0012062363053600375 -0.0025213952141348271 0.00074597662165760991 0.0049203975456766783 0.00013809379430547835 -0.0023596564077772199 -0.00035425578864357833 0.0036962363744253075 0.00027522257142533949 -0.00059460863597312209 0.0041493254872038959 0.0023045983020399167 -0.0022393289691768586 -1.8251342213867851e-05 0.002684252405539155 -3.828481212258339e-05 -0.00029315129173203156 -0.0021855480061924973 0.0014684836997663321 -1.0916497800352668e-05 -0.0018364787131473089 0.0024586970200762151 0.0011379082690036737 -0.00055302662685808733 -0.001784487286582589 0.00044256815003351335 -0.00024696362352360617
leaf_weight=80 34 24 32 65 22 25 20 31 25 35 26 42 177 20 28 50 36 20 40 26 23 73 431 28 20 30 97 30 31 358
leaf_count=80 34 24 32 65 22 25 20 31 25 35 26 42 177 20 28 50 36 20 40 26 23 73 431 28 20 30 97 30 31 358
internal_value=-2.35634e-12 0.000795414 -4.4119e-05 -7.06052e-05 -0.000370619 -0.00028521 0.000617296 0.00201351 -0.00080684 6.57864e-05 0.000924879 0.00158326 -1.02329e-05 0.000465201 -0.00011856 -0.000580156 -0.00022411 0.000946929 8.92702e-05 0.000521022 -0.000822206 0.00100583 7.7879e-05 -0.00012228 0.000523864 0.000315817 -0.000153593 -0.00048643 0.00132624 -0.00039437
internal_weight=1979 104 1875 1843 576 554 101 51 50 1267 103 68 1164 216 948 283 233 56 196 133 63 99 665 459 206 186 127 453 59 423
internal_count=1979 104 1875 1843 576 554 101 51 50 1267 103 68 1164 216 948 283 233 56 196 133 63 99 665 459 206 186 127 453 59 423
is_linear=0
shrinkage=0.03


Tree=75
num_leaves=31
num_cat=0
split_feature=1 2 5 2 5 5 5 1 6 6 1 7 8 8 7 7 6 8 8 2 1 1 8 8 3 3 3 2 8 7
split_gain=0.0745524 0.17648 0.126584 0.104824 0.132067 0.0915369 0.150333 0.088311 0.085152 0.0704717 0.05118 0.0771289 0.0998619 0.0753127 0.0837622 0.091043 0.168079 0.129596 0.0741616 0.0740355 0.0705911 0.0635069 0.1265 0.0748731 0.0657006 0.088012 0.0800078 0.066859 0.0659355 0.0623055
threshold=0.28185092619817714 0.46320706300911046 0.35767842657335708 0.29532921249583372 0.26490353012702189 0.14661883492515207 0.1421791749058097 0.13991146512149169 20.37234042553192 73.093083387201048 -0.041963829421199798 -0.23442920492003069 1.1568341520818446 0.81272988961931736 -0.29138165212052319 -0.44342676364194833 56.464959189417421 0.63502254125695612 1.3226219475169645 0.031121537567526784 -0.066839976935684761 0.12860944483650907 2.1906286104872668 1.75085185541905 0.042736103663792331 0.035755294824749935 0.028205980954671087 0.078893098428576738 0.84477414893899805 -0.39296243683352061
decision_type=2 2 2 2 2 2 2 2 2 2 2 2 2 2 2 2 2 2 2 2 2 2 2 2 2 2 2 2 2 2
left_child=1 2 3 5 -5 6 8 -3 -1 -4 11 29 19 14 15 -12 17 -17 -14 -13 -20 22 23 24 25 26 28 -28 -15 -10
right_child=-2 7 9 4 -6 -7 -8 -9 10 -11 13 12 18 21 -16 16 -18 -19 20 -21 -22 -23 -24 -25 -26 -27 27 -29 -30 -31
leaf_value=0.0018666037042503771 -0.0018223488782532513 0.00058123495755717149 -0.00061378317652270196 0.0031159195456315169 -0.00010203621466644107 -0.00039890210673899484 0.002137207909472636 0.0034004533533006907 -0.00023979238518400159 -0.0027097421825270761 -0.00056825861384692997 0.001109399160835892 -0.0021686105223125197 0.0019650074138189665 -0.00040033765065360918 0.00091903555332324824 -0.00076359862696942103 0.0036657856199467046 0.00063244399750450001 -0.00083622886860014293 -0.0015245431997093625 0.0020244578383862974 -0.0017380041924591819 0.0019758035744038911 -0.0010128122208651247 0.0020134373657718493 -0.0021926468890160321 0.0002039753694341264 0.00033894193438796939 -0.0018565145966907342
leaf_weight=23 20 20 42 22 24 424 32 20 41 22 56 75 24 24 354 52 36 22 36 23 22 20 26 26 31 29 20 22 346 45
leaf_count=23 20 20 42 22 24 424 32 20 41 22 56 75 24 24 354 52 36 22 36 23 22 20 26 26 31 29 20 22 346 45
internal_value=3.39071e-12 1.86049e-05 -2.25048e-05 2.27528e-05 0.00143699 -1.32089e-05 0.000104866 0.00199084 5.67989e-05 -0.00133427 2.55015e-05 -0.000346698 6.40586e-06 0.000118551 -0.000139605 0.000416416 0.000917705 0.00173564 -0.000766081 0.000652772 -0.000185724 0.000365318 0.000301992 0.000408498 0.000322163 0.000416005 0.000303565 -0.000937273 0.000444416 -0.00108575
internal_weight=1979 1959 1919 1855 46 1809 1385 40 1353 64 1330 266 180 1064 520 166 110 74 82 98 58 544 524 498 472 441 412 42 370 86
internal_count=1979 1959 1919 1855 46 1809 1385 40 1353 64 1330 266 180 1064 520 166 110 74 82 98 58 544 524 498 472 441 412 42 370 86
is_linear=0
shrinkage=0.03


Tree=76
num_leaves=31
num_cat=0
split_feature=5 1 6 5 6 8 1 6 1 9 3 9 6 9 5 9 3 0 0 3 5 8 5 5 6 5 1 1 0 6
split_gain=0.0730666 0.133705 0.08003 0.0787767 0.121297 0.075469 0.0676884 0.065754 0.106061 0.0889925 0.0722896 0.0625198 0.105136 0.228658 0.136236 0.0901001 0.0971518 0.0721435 0.0674107 0.0664148 0.0630214 0.0659647 0.0607909 0.0653724 0.0848003 0.091982 0.0603417 0.0935112 0.0755798 0.0626217
threshold=-0.102800231474715 -0.063537939260482609 87.760212447422859 0.22837135710603776 81.903380017103316 0.76439480615657318 -0.10828451241527297 74.325308474999488 -0.015756898630914336 0.040462546360846639 0.065486255705470411 0.021271728295027995 69.957627118644083 0.041745198999884478 0.090506980941380558 0.047898669812329743 0.053662132779765399 0.058194183864915601 0.02823930455509405 0.034900406864320839 0.18209622758073121 1.1925252337758747 0.063416478983690863 0.075812781176973001 59.270348192503889 0.11133743275978415 0.0084210899549692648 -0.0074142788428502851 -0.010123180525347162 60.647857889237208
decision_type=2 2 2 2 2 2 2 2 2 2 2 2 2 2 2 2 2 2 2 2 2 2 2 2 2 2 2 2 2 2
left_child=1 -1 3 6 5 -5 -2 8 -7 -9 -10 22 14 -14 15 16 -13 18 19 20 21 26 -8 -24 -25 -26 27 29 -28 -16
right_child=2 -3 -4 4 -6 7 11 9 10 -11 -12 12 13 -15 17 -17 -18 -19 -20 -21 -22 -23 23 24 25 -27 28 -29 -30 -31
leaf_value=0.0025520803458389959 -0.0010879251971954898 8.8893763570334095e-05 0.0014463195789721794 -0.0014048913733235428 -0.0027465431325669797 0.0013792535784127918 -0.00069713300317744145 -0.00046568394575912791 -0.0014334466186461641 0.0019717291693918271 0.00029569123984401813 0.00034282791745519643 0.00042434817501738764 0.0039067348570679308 -0.00099759741797066873 -0.00085158622616224658 0.0023736191535664889 0.0011834260041359811 -0.0015132414605725968 0.0013273910953430458 -0.0015803243918344376 0.00084872715958716485 0.001566178316614874 -0.0013955234557292177 0.0015908228741450742 -0.00019600788201229485 0.00041870038109746846 0.0017118216030807658 -0.0016196180705628648 0.00073341792475225187
leaf_weight=28 49 68 32 49 21 23 176 26 68 28 32 584 112 20 62 55 22 24 52 20 39 39 23 38 33 121 22 22 64 27
leaf_count=28 49 68 32 49 21 23 176 26 68 28 32 584 112 20 62 55 22 24 52 20 39 39 23 38 33 121 22 22 64 27
internal_value=-1.18658e-12 0.000807323 -4.11593e-05 -6.68748e-05 -0.000565611 -0.000362958 9.92557e-06 -7.45129e-05 -0.000457638 0.00079816 -0.000880123 4.45202e-05 0.00015477 0.000951983 5.28006e-05 0.000311035 0.000416553 -0.000407287 -0.000517308 -0.000341754 -0.000463146 -0.000278527 -0.000283691 5.47554e-05 -0.0001263 0.000186884 -0.000501689 -3.95377e-05 -0.00109819 -0.000472458
internal_weight=1979 96 1883 1851 247 226 1604 177 123 54 100 1555 1164 132 1032 661 606 371 347 295 275 236 391 215 192 154 197 111 86 89
internal_count=1979 96 1883 1851 247 226 1604 177 123 54 100 1555 1164 132 1032 661 606 371 347 295 275 236 391 215 192 154 197 111 86 89
is_linear=0
shrinkage=0.03


Tree=77
num_leaves=31
num_cat=0
split_feature=1 4 6 8 4 0 9 4 4 9 9 0 8 3 8 4 0 3 1 6 3 3 7 0 1 3 6 3 9 4
split_gain=0.0702447 0.196841 0.0696759 0.064316 0.0478226 0.0822977 0.0438876 0.0706755 0.179451 0.115001 0.136224 0.0550659 0.0594883 0.097171 0.11396 0.0950102 0.0550897 0.151449 0.0785521 0.0702119 0.05303 0.0496009 0.0773993 0.0571944 0.055417 0.0762874 0.045812 0.0454962 0.0399356 0.0389487
threshold=0.28185092619817714 0.26881607714569228 20.37234042553192 0.32955517402827128 -0.090629358883831987 -0.063869007457190582 0.058393703430621696 0.15484795994745651 0.14250170761421979 0.040462546360846639 0.045202141561819807 -0.042745947714907577 2.5074070652001095 0.053662132779765399 1.78639697119737 0.071666241255051624 1.0000000180025095e-35 0.026833708765756196 0.0077312963593871862 45.406622925878388 -0.018042407457376394 0.014349013512615973 0.94470053983661284 0.033002788460638761 0.09358468932587817 0.036708952151675141 69.035594035594059 -0.044617093628265207 0.0447716414121564 0.02488920374977344
decision_type=2 2 2 2 2 2 2 2 2 2 2 2 2 2 2 2 2 2 2 2 2 2 2 2 2 2 2 2 2 2
left_child=1 2 -1 -4 -5 -6 7 8 11 -9 -11 27 13 16 15 -15 17 18 26 -20 -18 23 24 -22 28 -26 29 -7 -23 -13
right_child=-2 -3 3 4 5 6 -8 9 -10 10 -12 12 -14 14 -16 -17 20 -19 19 -21 21 22 -24 -25 25 -27 -28 -29 -30 -31
leaf_value=0.0015923959854990243 -0.0017689168956130741 0.0028397857073022433 -0.0013894952458870266 -0.00080507403165525331 0.001575262868311256 -0.0019489436519696658 -0.0013408095749433745 -0.00040755725232884284 -0.0024592248598734536 0.0036554988047906331 0.00027748603500764475 0.00039031263616487336 -0.0014770392044042438 -0.0011446813097402561 0.0028785461365528728 0.0015112159279589024 -0.0012495754739771095 0.0020616616550329569 -0.0013875670673918318 -8.837190351230501e-05 1.6105518314781454e-05 -0.00049827268056908689 0.0010996016916150467 0.0012548896096230141 0.001733015752195016 -0.00071040768482540117 0.0016015592842362821 -0.00017548046074807643 -0.0016846884615370071 -0.00050528590644244103
leaf_weight=24 20 22 31 66 30 23 22 34 27 21 22 347 23 22 23 27 39 37 44 251 286 290 31 38 23 23 25 30 28 50
leaf_count=24 20 22 31 66 30 23 22 34 27 21 22 347 23 22 23 27 39 37 44 251 286 290 31 38 23 23 25 30 28 50
internal_value=-8.2417e-13 1.80594e-05 -1.39891e-05 -3.41424e-05 -1.18173e-05 1.70125e-05 -9.16187e-06 7.44598e-06 -3.3123e-05 0.000896276 0.00192721 6.33769e-06 3.77167e-05 5.97112e-05 0.00113648 0.000318772 8.43663e-06 0.00019 9.34154e-05 -0.00028215 -0.000172169 -0.000113728 -0.000339399 0.000161395 -0.000461952 0.000511304 0.000355955 -0.000945097 -0.000602737 0.000277517
internal_weight=1979 1959 1937 1913 1882 1816 1786 1764 1687 77 43 1660 1607 1584 72 49 1512 754 717 295 758 719 395 324 364 46 422 53 318 397
internal_count=1979 1959 1937 1913 1882 1816 1786 1764 1687 77 43 1660 1607 1584 72 49 1512 754 717 295 758 719 395 324 364 46 422 53 318 397
is_linear=0
shrinkage=0.03


Tree=78
num_leaves=31
num_cat=0
split_feature=5 5 6 1 4 5 4 2 4 9 9 6 9 6 2 2 1 9 0 3 1 6 2 3 2 9 0 9 5 5
split_gain=0.069901 0.130131 0.0739719 0.0760629 0.0705654 0.0605982 0.160187 0.0864558 0.125235 0.079114 0.0819125 0.128601 0.112579 0.0725629 0.0450107 0.0482385 0.0599479 0.117841 0.046909 0.126812 0.090139 0.0858612 0.0618553 0.0640943 0.0572109 0.0982501 0.0552316 0.0478596 0.048334 0.0690453
threshold=-0.102800231474715 -0.11764291793541497 87.760212447422859 0.26662217137045513 -0.11077906633424033 0.18642551087439987 0.12717284450004943 0.36684808217887105 0.21249033996806135 0.030960297732354741 0.047898669812329743 60.906697489244202 0.04344103780815909 54.06051984999354 0.18280841056504529 0.17131386427169462 0.10398154267949379 0.03207229321133117 1.0000000180025095e-35 0.026833708765756196 0.0060031832787771364 39.607776116214502 -0.082731919046640609 0.052714158919926486 -0.082731919046640609 0.026897112098672359 0.0030877144477865497 0.023361017134076258 -0.0067475689022324916 0.12112508614373053
decision_type=2 2 2 2 2 2 2 2 2 2 2 2 2 2 2 2 2 2 2 2 2 2 2 2 2 2 2 2 2 2
left_child=1 -1 3 4 -2 6 14 9 -9 -7 12 13 -11 -12 15 16 18 -18 19 20 24 -22 -20 26 25 -6 -24 -23 -29 -30
right_child=2 -3 -4 -5 5 7 -8 8 -10 10 11 -13 -14 -15 -16 -17 17 -19 22 -21 21 27 23 -25 -26 -27 -28 28 29 -31
leaf_value=0.00015194283924453581 -0.0018170998797286302 0.0027027347381226715 0.0013898131551104598 -0.0019050484418403357 0.00010112483351564918 0.00011453644562310441 0.0027257607886567712 0.0019349996378878131 -0.00083930003456771367 -0.0008706687992803522 -0.00029651515139266849 -0.0017615904592908917 -0.0029227026068838311 0.0022590011805295944 0.00064308762065983112 -0.0013025113640910255 0.0026043181218530823 -0.00027114738156248268 -0.0010910621967858203 0.0022747769328998399 -0.0020058455936876789 -0.00068793395026388792 -0.0011924634835061927 0.0015423674932681024 0.00015239573017864923 0.0024197707527541909 -9.1662626511041984e-05 0.0015044413502751427 -0.00083874497838093832 0.0012358930516480045
leaf_weight=72 20 24 32 20 38 95 20 32 27 97 20 25 32 20 98 26 23 29 67 24 28 94 45 20 372 29 464 22 42 22
leaf_count=72 20 24 32 20 38 95 20 32 27 97 20 25 32 20 98 26 23 29 67 24 28 94 45 20 372 29 464 22 42 22
internal_value=-2.50213e-12 0.000789641 -4.02578e-05 -6.49808e-05 -4.48818e-05 -2.53101e-05 5.93267e-05 -0.000381125 0.000665405 -0.000594777 -0.000942121 -7.36929e-05 -0.0013797 0.000981243 2.23699e-05 -2.28571e-05 2.3673e-06 0.00100069 -3.86058e-05 0.000133432 5.39999e-05 -0.00046043 -0.000232292 -0.000123525 0.000297739 0.00110472 -0.000188983 -0.000220032 0.000291396 -0.000125588
internal_weight=1979 96 1883 1851 1831 1811 1463 348 59 289 194 65 129 40 1443 1345 1319 52 1267 671 647 208 596 529 439 67 509 180 86 64
internal_count=1979 96 1883 1851 1831 1811 1463 348 59 289 194 65 129 40 1443 1345 1319 52 1267 671 647 208 596 529 439 67 509 180 86 64
is_linear=0
shrinkage=0.03


Tree=79
num_leaves=31
num_cat=0
split_feature=5 5 6 5 6 2 4 2 8 4 6 8 8 5 5 4 3 8 5 2 7 7 2 2 0 7 3 5 3 6
split_gain=0.0657699 0.12244 0.0696001 0.0716784 0.115941 0.136114 0.099941 0.0901861 0.0864757 0.0684967 0.0643763 0.0610858 0.0524456 0.0448937 0.143976 0.0586816 0.100586 0.0567964 0.0936608 0.101537 0.0915458 0.0965017 0.0553697 0.0543573 0.150831 0.0852544 0.0545284 0.0987853 0.0681999 0.0697623
threshold=-0.102800231474715 -0.11764291793541497 87.760212447422859 0.22837135710603776 81.903380017103316 0.41368158618905398 0.21249033996806135 0.26005864042055776 0.90294832502276401 -0.11077906633424033 61.317311665059925 1.239384729457863 1.0535677261578558 0.14661883492515207 0.1421791749058097 0.12040022802883311 0.042736103663792331 0.67512991006227818 0.08915297296197934 0.048058577405857734 -0.39296243683352061 -0.44342676364194833 0.11883445945945938 -0.085070198292082774 0.0021691999487108986 0.11796317021536419 0.052714158919926486 0.077497756255573771 0.032205473330448105 53.195181706819113
decision_type=2 2 2 2 2 2 2 2 2 2 2 2 2 2 2 2 2 2 2 2 2 2 2 2 2 2 2 2 2 2
left_child=1 -1 3 7 5 8 -7 9 -5 -2 -10 12 -12 14 17 16 -15 18 22 -20 21 -19 -11 24 25 -22 28 -28 29 -25
right_child=2 -3 -4 4 -6 6 -8 -9 10 13 11 -13 -14 15 -16 -17 -18 20 19 -21 23 -23 -24 26 -26 -27 27 -29 -30 -31
leaf_value=0.00014738455167389474 -0.001762586886245117 0.0026216527924407271 0.0013481187655997927 -0.0016051681918491209 -0.0026710052016590325 0.0026473356969654556 -0.00018656135987839661 0.0017979902126826345 0.0012351472235538742 -0.00014143988593812688 -0.00028065830259583894 0.00011758740742049479 -0.0023811984349690054 -0.00040728390996577578 0.0020684456220442372 -0.0017849784060988737 0.0014628155739046633 0.00044105171838410841 -0.0026860267022210688 -0.00041844316431357024 0.0031949794667095622 0.0028568068671632895 0.0014916874617920256 -0.00032580246853690603 -0.00077086273688057965 0.00078400462812913414 0.0024832761101424693 -0.00046273652231320738 -0.00098090555979390894 0.00033122267845113039
leaf_weight=72 20 24 32 63 21 21 24 25 22 284 20 53 23 241 32 23 29 46 27 52 22 22 20 274 35 33 21 20 68 310
leaf_count=72 20 24 32 63 21 21 24 25 22 284 20 53 23 241 32 23 29 46 27 52 22 22 20 274 35 33 21 20 68 310
internal_value=3.57005e-12 0.000765952 -3.90501e-05 -6.30314e-05 -0.000538767 -0.000340639 0.00113592 1.02271e-05 -0.00070774 -1.80782e-05 -0.000228605 -0.000564048 -0.0014042 4.30168e-06 8.17493e-05 -0.000330335 -0.000206421 3.02304e-05 -0.000273151 -0.00119344 0.00016677 0.00122262 -3.39973e-05 7.50743e-05 0.000768683 0.00174839 -1.50048e-05 0.0010462 -8.17368e-05 2.29609e-05
internal_weight=1979 96 1883 1851 247 226 45 1604 181 1579 118 96 43 1559 1266 293 270 1234 383 79 851 68 304 783 90 55 693 41 652 584
internal_count=1979 96 1883 1851 247 226 45 1604 181 1579 118 96 43 1559 1266 293 270 1234 383 79 851 68 304 783 90 55 693 41 652 584
is_linear=0
shrinkage=0.03


Tree=80
num_leaves=31
num_cat=0
split_feature=9 2 5 4 5 4 9 5 1 4 2 0 3 5 1 9 2 9 5 8 2 9 2 0 3 4 1 1 4 2
split_gain=0.0645408 0.0982159 0.102977 0.121181 0.358676 0.16512 0.09323 0.0763122 0.112163 0.0634722 0.0586167 0.0651029 0.0625762 0.0462888 0.0851454 0.0508213 0.0831354 0.110841 0.0877315 0.0823979 0.208383 0.293635 0.0820534 0.074619 0.135306 0.0585078 0.0551683 0.0702017 0.0589373 0.0582997
threshold=0.059663773258629163 0.5496430889033096 0.4134632143734473 0.15484795994745651 0.28633597144600037 0.14250170761421979 0.05611114668110799 -0.102800231474715 -0.063537939260482609 -0.11077906633424033 0.29532921249583372 -0.063869007457190582 -0.051282134527377614 0.16663751850763478 0.11896587088546641 0.021647122449957559 0.033488022074501529 0.018776636004492153 0.092944987330033882 1.4958429551365862 0.048058577405857734 0.026444937254086965 0.073570914725250361 0.0027210934723372886 0.026833708765756196 0.015947824395366132 0.0077312963593871862 -0.076672920575359557 0.059218730145739647 -0.064189528230731027
decision_type=2 2 2 2 2 2 2 2 2 2 2 2 2 2 2 2 2 2 2 2 2 2 2 2 2 2 2 2 2 2
left_child=1 2 3 5 -5 7 -4 8 -1 -9 11 -11 -13 15 -15 16 25 22 -19 23 21 -21 -18 24 26 -14 27 -17 -28 -29
right_child=-2 -3 6 4 -6 -7 -8 9 -10 10 -12 12 13 14 -16 19 17 18 -20 20 -22 -23 -24 -25 -26 -27 28 29 -30 -31
leaf_value=0.0024442803745789985 -0.0016542927927470632 0.0016661288353861891 -0.0023347839427879081 0.0036458300228320783 -0.00075644914992153642 -0.0024400482282042504 0.00020215315828946503 -0.0017097092599142342 0.00014477943518431856 0.0014873338194563983 0.0014037370742656862 -0.0012749248554904918 -0.00048176845184984973 -0.00053518506460282611 0.0014530754944176547 -0.00092762902169488365 0.0015596963264661924 -0.0020239197609480471 0.00027039724076166746 -0.00024558124531592641 -0.00057344537317896116 0.0045239690084081996 1.6062888529964946e-05 -0.00023929212861811724 0.0024709792055189607 -0.0019578816304946767 -0.00055732333334397534 0.0014633060025828724 0.00079310454507848548 0.0003738950990456422
leaf_weight=28 21 32 32 31 36 25 22 20 60 25 26 37 145 252 21 30 55 30 30 21 39 26 71 382 25 29 124 56 38 210
leaf_count=28 21 32 32 31 36 25 22 20 60 25 26 37 145 252 21 30 55 30 30 21 39 26 71 382 25 29 124 56 38 210
internal_value=-4.57293e-13 1.77427e-05 -9.64485e-06 2.7612e-05 0.00128043 -1.88913e-05 -0.00130122 1.51137e-05 0.000876439 -2.96834e-05 -9.58735e-06 -3.1912e-05 -5.53427e-05 -2.6855e-05 -0.000382242 4.71501e-05 -0.000256436 0.000184506 -0.000876761 0.000162072 0.00104769 0.00239289 0.000689871 7.4022e-05 0.000321819 -0.000727787 0.000204507 0.000448089 -0.000240556 0.000603245
internal_weight=1979 1958 1926 1872 67 1805 54 1780 88 1692 1672 1646 1621 1584 273 1311 360 186 60 951 86 47 126 865 483 174 458 296 162 266
internal_count=1979 1958 1926 1872 67 1805 54 1780 88 1692 1672 1646 1621 1584 273 1311 360 186 60 951 86 47 126 865 483 174 458 296 162 266
is_linear=0
shrinkage=0.03


Tree=81
num_leaves=31
num_cat=0
split_feature=1 4 5 4 2 7 6 4 0 0 0 2 3 2 6 0 3 1 6 7 4 4 5 3 4 5 1 2 3 1
split_gain=0.0638148 0.181616 0.065545 0.139416 0.0956813 0.0627937 0.0604405 0.0507274 0.0551404 0.149237 0.0485178 0.0481213 0.0411832 0.0480367 0.0699663 0.0415368 0.0829406 0.0558895 0.0897362 0.0485536 0.0455716 0.0630406 0.149316 0.0678902 0.0645829 0.0613077 0.0668897 0.0577012 0.056934 0.0535534
threshold=0.28185092619817714 0.26881607714569228 0.18642551087439987 0.13028420626710693 0.46320706300911046 -0.41270979975597899 20.37234042553192 -0.090629358883831987 0.09231323857145525 0.059892770834106941 -0.058303068734267154 -0.19537668905363861 -0.051282134527377614 0.20255892623308605 70.419661880360465 1.0000000180025095e-35 0.026833708765756196 0.0067340830763650281 39.607776116214502 0.31119655457430678 -0.0058793802101408379 0.012697813461414078 0.091657156733415693 0.0063701704027702153 0.03738013952757769 0.052810446981947042 0.040993852079552646 0.088130884395740031 0.023952971890598865 0.058715794009911677
decision_type=2 2 2 2 2 2 2 2 2 2 2 2 2 2 2 2 2 2 2 2 2 2 2 2 2 2 2 2 2 2
left_child=1 2 3 6 5 -4 -1 11 9 10 -9 -8 -12 15 -15 16 17 -14 -19 -20 28 22 23 -22 29 26 -26 -27 -17 -23
right_child=-2 -3 4 -5 -6 -7 7 8 -10 -11 12 -13 13 14 -16 20 -18 18 19 -21 21 24 -24 -25 25 27 -28 -29 -30 -31
leaf_value=0.0015307697583921253 -0.0016860141162760554 0.0027276197383815253 -0.0019206985874244801 0.0025575555386021733 0.0016313123758882285 -0.00038501789914638113 0.0001551303789684815 0.0013416061274707316 -0.0015142047638073562 0.0023696751538664104 -0.0011307254972468528 -0.0014749764464795589 0.00030196371562414055 5.3896275710792752e-05 0.0021609546782660207 -0.00039681041476990472 0.0016491202090401201 -0.0017560708145174431 0.00017233233485397048 -0.00099000440281815823 0.00025980779351812087 -0.00044522255843057376 -0.0015141985570715571 0.0020939843882141367 0.00033930662487234391 0.0014457281410264282 -0.0014784535340425606 0.00011744873190764338 -0.0020711571560241282 -0.0020147736362465048
leaf_weight=24 20 22 26 20 20 306 28 25 20 25 28 39 399 37 23 141 32 32 169 40 32 131 22 42 35 39 38 120 21 23
leaf_count=24 20 22 26 20 20 306 28 25 20 25 28 39 399 37 23 141 32 32 169 40 32 131 22 42 35 39 38 120 21 23
internal_value=-8.74411e-13 1.7213e-05 -1.35712e-05 6.86688e-05 -0.000383885 -0.000505282 3.68619e-05 1.35954e-05 5.02923e-05 7.18122e-05 3.16117e-05 -0.000793738 8.28558e-06 3.14631e-05 0.000861602 -6.38515e-06 0.000158609 8.40832e-05 -0.00027664 -5.01245e-05 -0.000178553 -3.22477e-05 0.000655717 0.00130083 -0.000203348 0.000112809 -0.000606925 0.000443253 -0.000613855 -0.000679636
internal_weight=1979 1959 1937 1585 352 332 1565 1541 1474 1454 1429 67 1404 1376 60 1316 672 640 241 209 644 482 96 74 386 232 73 159 162 154
internal_count=1979 1959 1937 1585 352 332 1565 1541 1474 1454 1429 67 1404 1376 60 1316 672 640 241 209 644 482 96 74 386 232 73 159 162 154
is_linear=0
shrinkage=0.03


Tree=82
num_leaves=31
num_cat=0
split_feature=9 2 5 6 2 5 1 5 1 3 1 9 5 1 7 6 9 2 9 5 1 9 6 2 5 1 9 6 5 5
split_gain=0.0613105 0.0881301 0.0959882 0.124566 0.115745 0.0750794 0.10527 0.0643407 0.104474 0.0749547 0.0582935 0.0446086 0.0807123 0.180615 0.168954 0.0977099 0.0797091 0.07203 0.0721733 0.089834 0.0731969 0.0695779 0.0752567 0.161772 0.0667683 0.0663705 0.193143 0.0600286 0.0577246 0.114473
threshold=0.059663773258629163 0.5496430889033096 0.4134632143734473 71.164648910411643 0.36684808217887105 -0.102800231474715 -0.063537939260482609 0.23937365660558688 0.1682105263157895 0.016869772471205472 -0.10828451241527297 0.021271728295027995 -0.0076511548679516475 0.019742759489116749 -0.29138165212052319 46.333671004441698 0.030202882576064547 -0.017908110361636417 0.018776636004492153 0.10683479779076578 1.0000000180025095e-35 0.052261383887176681 69.957627118644083 0.23853723769733595 -0.055994623415200388 -0.052922718070592449 0.026110614122931867 67.698687115934348 0.062598350669487837 0.11006782200666389
decision_type=2 2 2 2 2 2 2 2 2 2 2 2 2 2 2 2 2 2 2 2 2 2 2 2 2 2 2 2 2 2
left_child=1 2 4 -4 5 6 -1 8 10 -9 -7 17 13 15 -15 25 -16 24 20 -20 -19 22 27 -24 -12 26 -13 -14 -22 -30
right_child=-2 -3 3 -5 -6 7 -8 9 -10 -11 11 12 21 14 16 -17 -18 18 19 -21 28 -23 23 -25 -26 -27 -28 -29 29 -31
leaf_value=0.0023711997103444964 -0.0016123613542211907 0.0015787509306392166 -1.4526298243342147e-05 -0.0029284124910507509 0.0018757559806108473 -0.001030502398777753 0.00014348343454184941 0.00025840082758804783 0.0020592262968420981 -0.0012309487353931797 -0.00010583652087542064 -0.00036189458158332851 -0.00011896165827835743 0.0041974684826564038 0.0022020511789014562 -0.0009268160071519945 -0.00017409356310963629 0.00134311888101619 -0.0016927378598484209 0.00011697086930955545 -0.00075820894886419405 0.0017195713307010009 0.00013400742821321535 0.0030921167009510097 -0.0018941718219347031 4.5820650103199014e-05 0.0035777063411660489 -0.0013425141438461938 0.0018917895040794974 -0.00021335614978691892
leaf_weight=28 21 32 31 23 30 50 60 48 22 83 34 24 717 20 24 59 27 43 47 52 64 20 99 20 42 83 21 38 32 85
leaf_count=28 21 32 31 23 30 50 60 48 22 83 34 24 717 20 24 59 27 43 47 52 64 20 99 20 42 83 21 38 32 85
internal_value=8.26859e-13 1.72929e-05 -8.65028e-06 -0.00125563 2.73202e-05 -2.78465e-06 0.000852302 -4.56852e-05 5.93567e-06 -0.000685233 -2.22794e-05 1.02229e-05 0.000104909 0.000572347 0.00186054 8.32478e-05 0.000944092 -0.000263156 -6.7633e-05 -0.000742184 0.000230494 -2.99894e-05 -7.00251e-05 0.000631169 -0.00109413 0.000548824 0.00147659 -0.000180544 -3.38308e-05 0.00036241
internal_weight=1979 1958 1926 54 1872 1842 88 1754 1623 131 1601 1551 1152 258 71 187 51 399 323 99 224 894 874 119 76 128 45 755 181 117
internal_count=1979 1958 1926 54 1872 1842 88 1754 1623 131 1601 1551 1152 258 71 187 51 399 323 99 224 894 874 119 76 128 45 755 181 117
is_linear=0
shrinkage=0.03


Tree=83
num_leaves=31
num_cat=0
split_feature=6 6 9 0 3 0 7 5 2 5 4 0 3 5 2 9 5 3 2 9 5 0 9 2 0 3 2 6 6 9
split_gain=0.0591105 0.05705 0.0940128 0.0701985 0.0663937 0.0780599 0.113008 0.196769 0.0528589 0.0955849 0.0457932 0.0621883 0.0528187 0.0452388 0.153291 0.0682484 0.0506322 0.0535279 0.0425696 0.0409301 0.0631976 0.0810103 0.0789886 0.139278 0.0838321 0.0890409 0.0729379 0.0633781 0.059925 0.121625
threshold=20.37234042553192 87.760212447422859 0.028344313438426562 0.099030052258957349 0.10301933228705952 0.058194183864915601 0.94470053983661284 0.17666932920669601 0.41368158618905398 0.4134632143734473 -0.090629358883831987 -0.063869007457190582 -0.051282134527377614 0.20721051133530391 0.24745382294502918 0.030202882576064547 0.28633597144600037 0.016134921364985625 -0.19537668905363861 0.021271728295027995 0.08915297296197934 0.031941961650673763 0.027480254868512455 -0.091884476026312931 0.034174964438122298 -0.0046567351895221423 0.10621388133658184 33.882039470713096 54.783239729917341 0.030202882576064547
decision_type=2 2 2 2 2 2 2 2 2 2 2 2 2 2 2 2 2 2 2 2 2 2 2 2 2 2 2 2 2 2
left_child=-1 3 -3 4 5 8 7 -7 9 10 18 -12 -13 14 19 -15 -17 -18 -2 -14 22 28 23 -21 25 -24 27 -25 -22 -30
right_child=1 2 -4 -5 -6 6 -8 -9 -10 -11 11 12 13 15 -16 16 17 -19 -20 20 21 -23 24 26 -26 -27 -28 -29 29 -31
leaf_value=0.0014797843265114351 0.00014807021990418434 -0.00041306873643770812 0.0024288586268878796 -0.0014819456786863156 -0.0017385374765144662 0.004059072004398331 -0.00089770927280187604 0.00016300364430727702 0.0011510017937557263 -0.0016855137271340936 0.0014275012817233799 -0.001194182724061915 -0.00025453796047503267 0.0003814118661518608 0.0020757209860973735 -0.00140920488225193 0.00098340233122663832 -0.0011851941893692129 -0.0014377678716958214 0.0024304974299988575 -0.00056802046004420599 -0.0013226789542328335 0.00043396571907462512 0.0018796411060611716 0.0018687155899096979 -0.00056915572642985172 0.002151517025922658 0.00011404853299389414 -0.00033438875943131278 0.0011119714804614584
leaf_weight=24 25 20 22 30 20 20 20 28 33 32 27 34 389 56 33 68 21 20 39 35 119 50 141 20 20 183 20 215 125 90
leaf_count=24 25 20 22 30 20 20 20 28 33 32 27 34 389 56 33 68 21 20 39 35 119 50 141 20 20 183 20 215 125 90
internal_value=-3.49544e-12 -1.81662e-05 0.00107556 -4.2179e-05 -1.92406e-05 -7.83267e-07 0.000996932 0.00178637 -3.85797e-05 -6.0859e-05 -3.08076e-05 -5.55829e-07 -2.40809e-05 7.06335e-07 5.46201e-05 -0.000469814 -0.000907141 -7.44496e-05 -0.0008183 7.2169e-06 0.000107239 -0.000196483 0.000291197 0.0006559 -1.62559e-05 -0.000132612 0.000412328 0.000264312 -2.7891e-05 0.000271064
internal_weight=1979 1955 42 1913 1883 1863 68 48 1795 1762 1730 1666 1639 1605 1440 165 109 41 64 1407 1018 384 634 290 344 324 255 235 334 215
internal_count=1979 1955 42 1913 1883 1863 68 48 1795 1762 1730 1666 1639 1605 1440 165 109 41 64 1407 1018 384 634 290 344 324 255 235 334 215
is_linear=0
shrinkage=0.03


Tree=84
num_leaves=31
num_cat=0
split_feature=8 6 3 8 0 6 2 3 5 4 8 5 7 3 3 4 3 7 0 2 2 3 7 0 0 0 6 2 6 2
split_gain=0.0615984 0.0792309 0.175067 0.0852562 0.064159 0.0585523 0.0568591 0.0611204 0.0526418 0.148014 0.051385 0.04793 0.0722876 0.0646678 0.0518809 0.0584165 0.0644322 0.0505933 0.0714496 0.0485238 0.0506776 0.0454223 0.0414517 0.0743689 0.0412159 0.122851 0.0404158 0.0513627 0.0380432 0.0771417
threshold=0.81272988961931736 32.619484302513762 -0.025704517375839005 0.82951876394908042 0.026782054742482412 23.734910376783322 0.17293607452618046 0.0090883203718850076 0.48243215995500294 0.21753091218199852 1.2576000627017001 -0.028935352251604648 -0.31845096430127651 -0.018042407457376394 0.016329330595970862 0.069399105782588247 0.0054920337312478482 -0.49265763877968155 0.01323044607170998 0.048058577405857734 0.10297931691648 0.025293154499284268 0.094387468902473307 -0.021739130434782646 0.07086102372007487 0.058194183864915601 35.632293252156288 -0.085070198292082774 86.817279046673306 0.23853723769733595
decision_type=2 2 2 2 2 2 2 2 2 2 2 2 2 2 2 2 2 2 2 2 2 2 2 2 2 2 2 2 2 2
left_child=4 2 -2 -3 5 -1 7 -6 9 24 -10 12 -7 -14 15 17 -17 -13 22 -16 -21 -22 23 -19 25 26 -5 -28 29 -29
right_child=1 3 -4 8 6 11 -8 -9 10 -11 -12 14 13 -15 19 16 -18 18 -20 20 21 -23 -24 -25 -26 -27 27 28 -30 -31
leaf_value=-0.0016670360110167945 -4.7412339050164781e-05 0.0016739568184261614 0.0026572688047973706 -0.0011637721019080625 -0.001802437706584377 0.0015857017960248364 -0.0021718796169385313 0.00017977475752039545 5.9522791765630249e-05 0.0024466661789009103 -0.0020652220576136771 -0.0012084091538752152 0.0015149628720246256 -0.00041933162174453693 -0.0015522329806117341 1.2357408180832862e-05 0.0021498385794587772 0.0013297841528599912 0.0011373138680511789 0.0010147636314213741 -0.0015199915698218729 0.00016309779396073685 -0.00076759665926926705 -0.00019030053917498362 -0.00084548112507036415 0.0022710308102382852 0.0011795013295555047 -6.1272989348749266e-05 -0.0010413103786507442 0.00098846916119446583
leaf_weight=21 56 29 35 26 21 37 25 42 20 23 21 37 20 70 42 30 22 33 41 20 31 27 84 237 48 22 34 725 31 69
leaf_count=21 56 29 35 26 21 37 25 42 20 23 21 37 20 70 42 30 22 33 41 20 31 27 84 237 48 22 34 725 31 69
internal_value=-5.96296e-13 0.000143734 0.00099285 7.00041e-05 -0.000194897 -0.000105207 -0.000961337 -0.000480963 2.43567e-05 6.85058e-05 -0.00102876 -6.03395e-05 0.000469425 1.05116e-05 -0.00017173 -3.32863e-05 0.000916676 -0.000147634 -4.82699e-05 -0.000730122 -0.000287446 -0.000736484 -0.000185583 -4.51241e-06 1.12308e-05 5.65694e-05 1.52068e-06 3.67915e-05 -1.0302e-05 2.99515e-05
internal_weight=1979 1139 91 1048 840 752 88 63 1019 978 41 731 127 90 604 484 52 432 395 120 78 58 354 270 955 907 885 859 825 794
internal_count=1979 1139 91 1048 840 752 88 63 1019 978 41 731 127 90 604 484 52 432 395 120 78 58 354 270 955 907 885 859 825 794
is_linear=0
shrinkage=0.03


Tree=85
num_leaves=31
num_cat=0
split_feature=1 4 5 1 4 4 4 8 5 2 5 9 9 2 9 2 2 9 1 5 4 4 0 0 0 1 2 3 4 4
split_gain=0.0595841 0.16229 0.0577215 0.114712 0.252523 0.0728431 0.063668 0.0704545 0.0706659 0.0585961 0.131862 0.112984 0.225749 0.0709609 0.0559477 0.0559276 0.0670535 0.0630003 0.0550269 0.0767629 0.442577 0.0724344 0.0739694 0.0555577 0.0556667 0.052357 0.108187 0.053743 0.0999289 0.0496527
threshold=0.28185092619817714 0.26881607714569228 -0.077985740794959665 -0.069267908464507741 -0.13010286371217242 -0.059946264521100349 -0.090629358883831987 0.43209997507328746 0.058979009696924496 -0.069312288251256446 -0.057946840175061402 0.031774094411758776 0.025751445073890943 -0.091884476026312931 0.035842223953902193 -0.0517955007090024 -0.043894500169694921 0.02882176911975565 -0.091084365505959317 0.29341391481563567 0.15484795994745651 0.13360744114703929 -1.0000000180025095e-35 -0.035069632844999081 0.079414282656773985 0.01077453292218389 0.20424682239780137 0.051845029729737042 0.084325706976777451 0.08185109615590859
decision_type=2 2 2 2 2 2 2 2 2 2 2 2 2 2 2 2 2 2 2 2 2 2 2 2 2 2 2 2 2 2
left_child=1 2 3 4 -1 -5 -4 8 -8 10 -9 12 -12 -13 -7 17 -17 -11 -18 20 23 29 -23 -20 25 26 -25 -27 -29 -21
right_child=-2 -3 6 5 -6 14 7 9 -10 15 11 13 -14 -15 -16 16 18 -19 19 21 -22 22 -24 24 -26 27 -28 28 -30 -31
leaf_value=-0.00039287096554679527 -0.0016291672785300759 0.002578778670338744 -0.00132717213673251 -0.0012149463740643114 0.0043173217488219956 6.4101318125498521e-05 0.00019006722187623381 -0.0013134994823485611 -0.001422227375525316 -0.00010157924595064131 0.00062847399497583788 -0.0012935088486483437 0.0041979036455892993 0.0010653003902089866 0.0018925170495640486 0.0016737156986658061 0.00107745416677342 -0.0022305382716215467 -0.00089853773744527621 -0.0010293137608096002 0.0036039285962469873 1.1334943018205787e-05 -0.0020509643529598807 0.00014399858670939661 -0.0014640734693966806 -0.0002547761488360577 0.0023994831248419358 0.0022939685778692364 -0.00025920601284785852 0.00092781366077750648
leaf_weight=21 20 22 35 30 20 61 40 27 63 29 52 24 23 22 20 21 39 22 71 20 30 23 49 445 24 619 20 22 37 28
leaf_count=21 20 22 35 30 20 61 40 27 63 29 52 24 23 22 20 21 39 22 71 20 30 23 49 445 24 619 20 22 37 28
internal_value=-1.72064e-14 1.66326e-05 -1.24676e-05 0.000548739 0.00190478 4.7857e-05 -6.02566e-05 -3.49183e-05 -0.000796094 1.2684e-05 0.000582164 0.00100516 0.0017231 -0.000165383 0.000515562 -4.35422e-05 -9.152e-06 -0.00101995 -3.39174e-05 -6.51447e-05 3.48833e-06 -0.000790367 -0.00139217 -8.37598e-05 -3.41889e-05 -4.16511e-06 0.000241009 -0.000172315 0.000692825 0.000112344
internal_weight=1979 1959 1937 152 41 111 1785 1750 103 1647 148 121 75 46 81 1499 1448 51 1427 1388 1268 120 72 1238 1167 1143 465 678 59 48
internal_count=1979 1959 1937 152 41 111 1785 1750 103 1647 148 121 75 46 81 1499 1448 51 1427 1388 1268 120 72 1238 1167 1143 465 678 59 48
is_linear=0
shrinkage=0.03


Tree=86
num_leaves=31
num_cat=0
split_feature=8 6 1 0 2 8 0 6 1 1 8 2 3 5 4 8 4 0 3 1 2 5 5 6 2 5 2 2 6 0
split_gain=0.0576124 0.071422 0.202318 0.220657 0.0800651 0.0798889 0.0593813 0.053525 0.0639389 0.0641622 0.0911968 0.0523937 0.057217 0.0496232 0.135883 0.0483892 0.0459144 0.0441818 0.0622708 0.0495467 0.0556566 0.071483 0.0429366 0.0415524 0.0561055 0.0387487 0.0627178 0.044084 0.0385444 0.039785
threshold=0.81272988961931736 32.619484302513762 -0.097919193335080354 -0.0088888959122140881 -0.08946872599846388 0.82951876394908042 0.026782054742482412 23.734910376783322 0.0041401479641416392 0.06774475524475522 0.72689775101397058 0.17293607452618046 0.0090883203718850076 0.48243215995500294 0.21753091218199852 1.2576000627017001 0.069399105782588247 0.015566532305039684 0.013228288910924759 -0.064374472538740998 -0.043894500169694921 -0.012936649124033304 0.1421791749058097 50.51454373621759 0.058595582437544265 0.032825892397653773 0.044562420370503293 0.13324958123953104 35.632293252156288 0.07086102372007487
decision_type=2 2 2 2 2 2 2 2 2 2 2 2 2 2 2 2 2 2 2 2 2 2 2 2 2 2 2 2 2 2
left_child=6 2 -2 4 -4 -3 7 -1 17 16 -11 12 -8 14 28 -15 23 18 19 -9 21 -21 -22 24 -10 -25 -27 -28 -7 -30
right_child=1 5 3 -5 -6 13 11 8 9 10 -12 -13 -14 15 -16 -17 -18 -19 -20 20 22 -23 -24 25 -26 26 27 -29 29 -31
leaf_value=-0.0015954750230801956 -0.0012326473753071494 0.0016216471299513018 0.0020782136013731359 0.0044767398945987219 -0.0004918786321650259 -0.0011264528265019179 -0.001743292342206197 -0.00056574446493043342 -0.00067991664123186256 -0.00038735726495852339 0.0020517164258027068 -0.0020878731218981557 0.00017457982113618136 5.8420774061232802e-05 0.0023463040266347968 -0.0020034552807919677 0.0003020487159180144 0.0010781226981198416 -0.0015041680979941572 0.00027368521217156099 -6.0769932250415536e-05 0.0023038433336963256 0.0011323249200358987 -0.00059590358185865311 0.0010661880350248379 -0.0029635992486562045 1.6284799868507046e-05 -0.001927584760955402 9.0512903250444373e-05 -0.00079639883442723654
leaf_weight=21 27 29 20 20 24 26 21 65 67 37 22 25 42 20 23 21 45 45 21 37 179 27 32 69 22 21 21 21 881 48
leaf_count=21 27 29 20 20 24 26 21 65 67 37 22 25 42 20 23 21 45 45 21 37 179 27 32 69 22 21 21 21 881 48
internal_value=3.62429e-12 0.000139006 0.000945192 0.00186397 0.000676345 6.90034e-05 -0.000188486 -0.0001022 -5.93016e-05 -0.000372895 0.000522128 -0.000925837 -0.000464711 2.48163e-05 6.76809e-05 -0.000997662 -0.000571415 0.000191727 8.12349e-05 0.000179157 0.000355224 0.00113016 0.000120173 -0.000749269 -0.000248295 -0.00108705 -0.00162497 -0.00095565 1.28031e-05 4.46875e-05
internal_weight=1979 1139 91 64 44 1048 840 752 731 325 59 88 63 1019 978 41 266 406 361 340 275 64 211 221 89 132 63 42 955 929
internal_count=1979 1139 91 64 44 1048 840 752 731 325 59 88 63 1019 978 41 266 406 361 340 275 64 211 221 89 132 63 42 955 929
is_linear=0
shrinkage=0.03


Tree=87
num_leaves=31
num_cat=0
split_feature=9 2 5 6 4 5 1 6 4 4 2 4 9 2 9 1 6 2 1 9 5 9 5 3 2 5 5 4 5 2
split_gain=0.0569289 0.0815768 0.0814747 0.116647 0.104182 0.0673007 0.095473 0.0617565 0.0925512 0.127954 0.0596499 0.0515323 0.0576177 0.12531 0.0711937 0.10626 0.0566077 0.0476123 0.284368 0.0737495 0.0647327 0.0733579 0.0813077 0.0762216 0.0561458 0.182554 0.057914 0.101049 0.0996929 0.0474921
threshold=0.059663773258629163 0.5496430889033096 0.4134632143734473 68.709430756159733 0.20351458381447632 -0.102800231474715 -0.063537939260482609 86.817279046673306 0.15484795994745651 0.14250170761421979 0.29532921249583372 -0.11077906633424033 0.052261383887176681 -0.0073575849437917942 0.035613520529957518 0.12860944483650907 64.5138888888889 -0.042736895509997035 0.035904593894752097 0.021271728295027995 -0.057946840175061402 0.023590133075291005 0.0039506998552455439 -0.0090388922043458924 0.026251184425876487 0.077497756255573771 0.13164452278614805 0.098482981180996756 0.063416478983690863 0.14273227969348659
decision_type=2 2 2 2 2 2 2 2 2 2 2 2 2 2 2 2 2 2 2 2 2 2 2 2 2 2 2 2 2 2
left_child=1 2 4 -4 5 6 -1 8 9 10 11 -7 14 -14 15 17 -16 18 19 -13 -21 -22 23 -23 25 -19 27 28 -26 -28
right_child=-2 -3 3 -5 -6 7 -8 -9 -10 -11 -12 12 13 -15 16 -17 -18 24 -20 20 21 22 -24 -25 26 -27 29 -29 -30 -31
leaf_value=0.0022554790042340757 -0.0015536801969366412 0.0015189455672589246 0.00018645874690264463 -0.0026040909711558084 0.0019886988727375867 -0.0015563118795398623 0.00013395386666525155 -0.0016206446383148431 0.0015286749369218286 -0.0022745295395345789 0.0014956315396272616 -0.00093023583143949512 -0.00070709969429299233 0.0025081905163824554 -0.00027707690249288177 0.0019821708206087352 -0.0013524659266360411 -0.00010394306070568515 0.0038194598103873426 -0.00070187603420587645 0.0020293417139910161 0.0020855265202200306 -0.00088343426847131918 -0.00030541880588446339 -0.00015514939309165733 -0.0020926239455536918 -0.00061288167119178413 -0.0017376017459485281 0.00079610480187557956 0.00016029562389038884
leaf_weight=28 21 32 28 26 24 20 60 22 34 23 23 50 20 24 261 25 53 273 20 36 30 28 32 21 171 49 156 21 236 132
leaf_count=28 21 32 28 26 24 20 60 22 34 23 23 50 20 24 261 25 53 273 20 36 30 28 32 21 171 49 156 21 236 132
internal_value=6.59634e-13 1.66636e-05 -8.29646e-06 -0.00115714 2.48432e-05 -6.61377e-07 0.000808985 -4.11437e-05 -2.115e-05 -5.20737e-05 -2.16654e-05 -4.27135e-05 -2.42324e-05 0.00104669 -5.37938e-05 4.55082e-05 -0.000458592 6.92922e-06 0.000411065 6.50354e-05 0.000403563 0.000762084 0.000292729 0.00106084 -7.75578e-05 -0.000406568 7.04051e-05 0.00029173 0.000396438 -0.000258509
internal_weight=1979 1958 1926 54 1872 1848 88 1760 1738 1704 1681 1658 1638 44 1594 1280 314 1255 217 197 147 111 81 49 1038 322 716 428 407 288
internal_count=1979 1958 1926 54 1872 1848 88 1760 1738 1704 1681 1658 1638 44 1594 1280 314 1255 217 197 147 111 81 49 1038 322 716 428 407 288
is_linear=0
shrinkage=0.03


Tree=88
num_leaves=31
num_cat=0
split_feature=6 6 9 4 2 6 5 8 9 9 2 4 9 5 7 8 7 9 9 9 6 2 6 9 8 2 6 8 6 9
split_gain=0.057238 0.0544739 0.0834624 0.0638212 0.126648 0.0738216 0.0727534 0.0682749 0.0847988 0.0709118 0.0635577 0.0450764 0.0473864 0.0762203 0.163964 0.173875 0.0943883 0.0720398 0.188098 0.0497342 0.0810539 0.0727273 0.0550795 0.0480372 0.0873407 0.152273 0.225988 0.183714 0.139885 0.0967726
threshold=20.37234042553192 87.760212447422859 0.028344313438426562 0.21753091218199852 0.41368158618905398 77.994872907793734 0.22837135710603776 0.97393993446874505 0.036370160250888892 0.049165765623419656 0.26005864042055776 -0.090629358883831987 0.021271728295027995 -0.020858235975145297 -0.31845096430127651 0.67512991006227818 -0.24597443960221918 0.030202882576064547 0.025304057079850211 0.023796734937602756 47.776975934234883 0.1509125211766518 42.434710871638877 0.027733213634492316 0.94682167303262987 0.048058577405857734 55.153921258938063 1.8508703691222912 69.634407732438248 0.03145531123427376
decision_type=2 2 2 2 2 2 2 2 2 2 2 2 2 2 2 2 2 2 2 2 2 2 2 2 2 2 2 2 2 2
left_child=-1 3 -3 4 6 -5 10 8 -8 -9 11 -2 -13 14 15 -14 -16 18 -18 20 22 -22 -15 -21 -25 26 -26 28 29 -27
right_child=1 2 -4 5 -6 -7 7 9 -10 -11 -12 12 13 19 16 -17 17 -19 -20 23 21 -23 -24 24 25 27 -28 -29 -30 -31
leaf_value=0.0014561572851380332 -0.00076558423530894196 -0.0003517439367715269 0.0023259756523607805 0.0001212466824799776 0.0021498835063539445 -0.0023970761524767363 2.192080237677899e-06 -0.00050165295602969953 -0.0020445648862086998 0.0014474097659279192 0.0015515824141039045 -0.00024836379654205793 0.00050212182453833519 0.00030830848686905069 -0.0015766852126335321 0.0042400514366038667 4.7696601939197555e-05 -0.00018178873586991467 0.003204584450521417 -0.00049904000117993437 -0.00018209258700056241 0.0017601690737574244 0.00228457656968385 -0.00023192289581223458 0.00041338169025134685 0.0016387796572045138 0.0042340286220000547 -0.0021171271423648659 0.0027714294331547405 -0.00068493122907562387
leaf_weight=24 67 20 22 20 24 22 29 84 49 21 24 410 24 22 23 21 49 73 26 201 131 20 30 356 38 23 22 29 21 54
leaf_count=24 67 20 22 20 24 22 29 84 49 21 24 410 24 22 23 21 49 73 26 201 131 20 30 356 38 23 22 29 21 54
internal_value=-2.04161e-13 -1.78761e-05 0.00105087 -4.13405e-05 -1.53787e-05 -0.00119787 -4.35143e-05 -0.000611275 -0.00128359 -0.00011184 1.89258e-05 -3.50332e-06 2.89566e-05 0.000126722 0.00063525 0.00224649 0.00021124 0.000489093 0.00114208 1.07327e-05 0.000426943 7.51606e-05 0.00144846 -0.00010283 4.38334e-05 0.000568803 0.00181429 -1.96144e-05 0.000601078 9.16423e-06
internal_weight=1979 1955 42 1913 1871 42 1847 183 78 105 1664 1640 1573 1163 216 45 171 148 75 947 203 151 52 744 543 187 60 127 98 77
internal_count=1979 1955 42 1913 1871 42 1847 183 78 105 1664 1640 1573 1163 216 45 171 148 75 947 203 151 52 744 543 187 60 127 98 77
is_linear=0
shrinkage=0.03


Tree=89
num_leaves=31
num_cat=0
split_feature=1 4 2 5 4 4 2 6 9 1 4 2 6 6 9 9 1 4 6 4 3 1 3 5 2 5 9 3 3 3
split_gain=0.0576057 0.147804 0.0572344 0.0962093 0.196532 0.0628251 0.0728285 0.0538004 0.0432502 0.0419957 0.0495217 0.0859174 0.0454438 0.088806 0.137343 0.0340314 0.0319708 0.0671522 0.105868 0.0390994 0.0312652 0.0305034 0.0295609 0.0375307 0.0259586 0.108058 0.183351 0.0695891 0.0682804 0.104011
threshold=0.28185092619817714 0.26881607714569228 0.46320706300911046 0.25548383301046113 0.15188383163927302 0.19068137225043238 0.15689852583369127 20.37234042553192 0.05611114668110799 -0.079207633531088381 -0.020746552288520789 -0.060916519591681088 26.847469967236986 32.619484302513762 0.030027112810661203 0.045202141561819807 0.13991146512149169 0.1096000251561985 71.718621821164902 0.10281904388994802 -0.052939743443340619 0.10505093378607812 0.014472633765155842 0.29341391481563567 0.028737979004551443 0.085356743140897487 0.039596773088192851 0.005777248102525113 0.028588905783765054 0.02169093755574392
decision_type=2 2 2 2 2 2 2 2 2 2 2 2 2 2 2 2 2 2 2 2 2 2 2 2 2 2 2 2 2 2
left_child=1 2 3 4 7 6 -5 -1 15 10 11 20 -11 14 -14 22 17 19 -19 21 -9 24 -8 -24 25 28 27 -27 29 -15
right_child=-2 -3 -4 5 -6 -7 8 9 -10 12 -12 -13 13 16 -16 -17 -18 18 -20 -21 -22 -23 23 -25 -26 26 -28 -29 -30 -31
leaf_value=0.0014124724426073953 -0.0016018921077484264 0.0024614753889512608 0.0015851280698552727 -0.0020126972836442291 0.0029217018319260594 -0.0022984681078232825 0.00085621516812534537 -0.00028000289759160402 0.0010711607630364596 -0.0011325574074871837 -0.0016098312758258543 0.00099675277318216527 0.0022900762973892454 4.4945680336760624e-06 -0.00053959867111049017 -0.0013907412310632374 -0.00098709949981702215 0.0024354847227704549 -0.00022299932448991707 -0.0011111753797138529 -0.0016474022747327885 0.00086369244420590502 0.00032680817418552645 -0.001256064357418966 9.2797334371965689e-05 -0.0012220385000744664 0.00073616213380144188 -0.0035820980560358454 -0.00096871433855267241 0.0021205986820330676
leaf_weight=24 20 22 20 24 21 20 20 34 20 30 30 34 38 420 26 26 29 26 28 29 27 36 26 28 768 22 26 23 60 22
leaf_count=24 20 22 20 24 21 20 20 34 20 30 30 34 38 420 26 26 29 26 28 29 27 36 26 28 768 22 26 23 60 22
internal_value=-1.91372e-12 1.63542e-05 -1.14169e-05 -2.80736e-05 3.69318e-05 -0.000722919 -0.000504092 1.9548e-06 -0.000202371 -1.78651e-05 -0.000547242 -0.000211688 2.39366e-05 4.62771e-05 0.00114052 -0.000457078 -7.55491e-07 1.88363e-05 0.00105701 -2.10367e-05 -0.000885245 1.92188e-06 -0.000129034 -0.000493941 -2.12129e-05 -0.000174022 -0.00126948 -0.00242829 -1.90876e-05 0.000109821
internal_weight=1979 1959 1937 1917 1753 164 144 1732 120 1708 125 95 1583 1553 64 100 1489 1460 54 1406 61 1377 74 54 1341 573 71 45 502 442
internal_count=1979 1959 1937 1917 1753 164 144 1732 120 1708 125 95 1583 1553 64 100 1489 1460 54 1406 61 1377 74 54 1341 573 71 45 502 442
is_linear=0
shrinkage=0.03


Tree=90
num_leaves=31
num_cat=0
split_feature=1 4 2 6 8 7 7 4 0 3 0 2 2 6 2 8 1 2 1 3 7 6 8 6 4 4 7 0 4 0
split_gain=0.0542012 0.139069 0.0538519 0.0527276 0.0468988 0.0379781 0.0854745 0.0407009 0.0597268 0.0487527 0.0465734 0.0385314 0.0412275 0.0412137 0.0366467 0.0362469 0.0480052 0.130913 0.0571765 0.0533013 0.0467986 0.146037 0.0815828 0.0717095 0.0525737 0.164651 0.104829 0.0517028 0.0560939 0.0495912
threshold=0.28185092619817714 0.26881607714569228 0.46320706300911046 20.37234042553192 0.32955517402827128 -0.43033673741546813 -0.40385724677167273 -0.090629358883831987 -0.063869007457190582 -0.044617093628265207 -0.042745947714907577 0.22468404354151697 -0.018781305441823156 52.040816326530617 -0.069312288251256446 0.43209997507328746 0.01077453292218389 0.21725848778087589 0.013631772709783442 0.028588905783765054 -0.31845096430127651 57.368637955903573 0.96195451443535129 45.406622925878388 0.15188383163927302 0.1793577177761341 -0.21933652992102312 0.01526899340214294 0.063169531086828115 0.079414282656773985
decision_type=2 2 2 2 2 2 2 2 2 2 2 2 2 2 2 2 2 2 2 2 2 2 2 2 2 2 2 2 2 2
left_child=1 2 3 -1 -5 11 -7 -8 -9 10 -10 12 14 -14 -6 -11 17 19 -18 -17 21 -20 27 -24 26 -26 -25 28 -22 -28
right_child=-2 -3 -4 4 5 6 7 8 9 15 -12 -13 13 -15 -16 16 18 -19 20 -21 22 -23 23 24 25 -27 29 -29 -30 -31
leaf_value=0.0013700984217575752 -0.0015538353786687365 0.0023876311661760238 0.0015375742251053453 -0.001202220733990074 -0.0002948067541648116 0.0014041300322144078 -0.00081918489145623005 0.0013842011432695601 -0.0019709308544935827 -0.00074751764768734576 -9.5448395810448204e-05 -0.0016993102692067622 0.0011761270374383616 -0.00028763614698047084 -0.0019891078714281319 0.00021032485124231195 -0.0012103748703666496 0.0024642115252841586 0.0022202230196806689 -0.0013646550866542382 -0.00051927369377860553 -0.0005888173459485794 0.0019104966226732357 -0.001980730784125626 0.0028011277492623774 -0.00048600419106151091 0.00017286522894917114 -0.0010352820701219196 0.00054647641585043238 -0.0013349867365988238
leaf_weight=24 20 22 20 31 27 39 55 28 22 54 26 20 23 70 20 585 40 23 31 20 157 36 20 24 24 32 301 102 62 21
leaf_count=24 20 22 20 31 27 39 55 28 22 54 26 20 23 70 20 585 40 23 31 20 157 36 20 24 24 32 301 102 62 21
internal_value=1.4374e-12 1.58636e-05 -1.10744e-05 -2.72314e-05 -4.49472e-05 -2.568e-05 1.58611e-05 -1.6696e-05 1.07523e-05 -1.35873e-05 -0.000955045 -0.000467573 -0.000291611 7.43698e-05 -0.00101579 1.591e-05 4.38025e-05 0.000242713 -0.000103157 0.000158259 -4.84798e-05 0.000710888 -0.000116956 0.000157216 6.99878e-05 0.000922767 -6.80342e-05 -0.000477393 -0.000217554 7.45271e-05
internal_weight=1979 1959 1937 1917 1893 1862 1702 1663 1608 1580 48 160 140 93 47 1532 1478 628 850 605 810 67 743 422 402 56 346 321 219 322
internal_count=1979 1959 1937 1917 1893 1862 1702 1663 1608 1580 48 160 140 93 47 1532 1478 628 850 605 810 67 743 422 402 56 346 321 219 322
is_linear=0
shrinkage=0.03


Tree=91
num_leaves=31
num_cat=0
split_feature=5 2 1 5 4 0 0 1 4 5 5 3 4 4 0 7 8 4 5 3 2 3 3 0 4 4 7 1 4 8
split_gain=0.0513604 0.195438 0.070187 0.0649987 0.160731 0.0495817 0.120861 0.0743207 0.0889057 0.0587271 0.130788 0.0519811 0.129781 0.0437661 0.0432813 0.0424922 0.0400256 0.0398035 0.0384911 0.0676624 0.131294 0.0514577 0.0503904 0.0343271 0.0312314 0.0581421 0.0312952 0.0323083 0.0625126 0.0735425
threshold=0.48243215995500294 0.39941752928167856 0.19108154717910811 0.23937365660558688 0.15188383163927302 0.09231323857145525 0.059892770834106941 0.14549211493666073 0.11300410990416355 -0.102800231474715 -0.11764291793541497 0.035755294824749935 0.03032492431953349 -0.11077906633424033 0.0021691999487108986 -0.075665726199334246 1.1568341520818446 0.14250170761421979 0.15795606684376332 0.028588905783765054 0.049198203318109986 0.025930908647775034 -0.0033723964482142983 0.033690288195815328 0.092005343396325948 0.069399105782588247 -0.52761097272836999 0.0060031832787771364 -0.023641192891662773 0.77752151693114346
decision_type=2 2 2 2 2 2 2 2 2 2 2 2 2 2 2 2 2 2 2 2 2 2 2 2 2 2 2 2 2 2
left_child=1 3 -2 4 5 6 7 8 9 10 -1 13 -13 -11 15 -5 -16 -18 19 21 -21 24 -20 -14 25 26 -15 -28 -29 -30
right_child=2 -3 -4 14 -6 -7 -8 -9 -10 11 -12 12 23 18 16 -17 17 -19 22 20 -22 -23 -24 -25 -26 -27 27 28 29 -31
leaf_value=0.00011767548106893496 -0.00015992506342225296 0.0024717874497432132 -0.0023110746778693281 -0.00086427640850440812 0.0026523292631775676 -0.0013423082261579111 0.0018570275275851598 -0.0017777741035180433 0.0014721695590462233 -0.0015031001237221062 0.0028685023278230801 0.0023309052131974435 0.00045223096591036983 -0.00086761402303205896 -0.0015471513241601105 0.00074683332445976485 0.000593347040491856 -0.0011404746279675656 -0.0011169755927116518 -0.0026107818339593135 0.00022121967282146216 0.0014991948425969375 -0.00011619450834346935 -0.0008012535341094917 -0.0011746415714733304 0.0011160048569685648 0.00014018982780697253 -0.0013663064435393991 -0.0005887565311422804 0.00031642819820183868
leaf_weight=70 43 29 20 26 21 24 32 21 37 20 20 28 51 38 52 34 22 26 71 26 34 21 125 32 20 42 628 38 144 184
leaf_count=70 43 29 20 26 21 24 32 21 37 20 20 28 51 38 52 34 22 26 71 26 34 21 125 32 20 42 628 38 144 184
internal_value=-4.0038e-13 2.77131e-05 -0.00084283 -9.84821e-06 4.3744e-05 1.16336e-05 3.09526e-05 -4.46214e-06 1.83982e-05 -1.53892e-05 0.00072897 -5.99913e-05 0.000564766 -0.000109846 -0.000588309 4.86858e-05 -0.000970506 -0.000345806 -8.95214e-05 -2.45994e-05 -0.00100598 2.82104e-05 -0.000478722 -3.10402e-05 -2.60926e-08 2.18476e-05 -2.26821e-05 9.61913e-06 -0.00021442 -8.097e-05
internal_weight=1979 1916 63 1887 1727 1706 1682 1650 1629 1592 90 1502 111 1391 160 60 100 48 1371 1175 60 1115 196 83 1094 1074 1032 994 366 328
internal_count=1979 1916 63 1887 1727 1706 1682 1650 1629 1592 90 1502 111 1391 160 60 100 48 1371 1175 60 1115 196 83 1094 1074 1032 994 366 328
is_linear=0
shrinkage=0.03


Tree=92
num_leaves=31
num_cat=0
split_feature=1 4 2 6 8 7 7 4 0 3 0 2 2 6 4 4 2 1 1 0 1 3 1 1 2 1 7 8 1 6
split_gain=0.0488423 0.129669 0.0496323 0.0490817 0.0433219 0.0349462 0.0803698 0.0376848 0.0564218 0.0456096 0.0440693 0.0361589 0.0388471 0.0387375 0.0349855 0.0680602 0.0855397 0.075694 0.0830479 0.127801 0.0684528 0.0682155 0.0639565 0.0501571 0.0435976 0.0399924 0.0621382 0.0848835 0.0796671 0.0474466
threshold=0.28185092619817714 0.26881607714569228 0.46320706300911046 20.37234042553192 0.32955517402827128 -0.43033673741546813 -0.40385724677167273 -0.090629358883831987 -0.063869007457190582 -0.044617093628265207 -0.042745947714907577 0.22468404354151697 -0.018781305441823156 52.040816326530617 -0.016125575520690657 -0.0058793802101408379 -0.067048743496939553 -0.033397068196303441 -0.055829622685727658 -0.0073875617077224223 -0.025941742890310811 0.01236325578270925 0.041915199587574732 0.0091791430771427391 0.029326316727891547 -0.029878644162365738 -0.23442920492003069 1.0222029684501288 -0.05166557391270981 41.633333333333347
decision_type=2 2 2 2 2 2 2 2 2 2 2 2 2 2 2 2 2 2 2 2 2 2 2 2 2 2 2 2 2 2
left_child=1 2 3 -1 -5 11 -7 -8 -9 10 -10 12 -6 -14 22 21 -17 18 -18 -20 -19 24 23 25 -16 26 -11 28 -28 -27
right_child=-2 -3 -4 4 5 6 7 8 9 14 -12 -13 13 -15 15 16 17 20 19 -21 -22 -23 -24 -25 -26 29 27 -29 -30 -31
leaf_value=0.0013216901895066256 -0.001475022573256865 0.0023052746470255607 0.0014757860619574784 -0.0011558217097884945 -0.00098142530308402269 0.0013609855965926096 -0.00078894264702896832 0.0013445592794700393 -0.0019128071374937214 -0.0013451387668744876 -8.8440900167020473e-05 -0.0016421394743956624 0.0011449364428130057 -0.00027417157766675311 -0.0010362467510052597 0.0019505291012465022 -0.00045645508270424144 -0.0018337710464838891 0.0033242280675436961 0.00018909311369061469 -6.1241727154426589e-05 -0.002212934965500608 0.0019353829657193275 -0.00085105025907978411 0.00045783479996316598 0.00031815511302421475 0.001841512207772482 -0.00094599303623129217 -7.8550268466110208e-05 0.001568788367556408
leaf_weight=24 20 22 20 31 47 39 55 28 22 26 26 20 23 70 39 20 26 20 22 25 1002 24 20 37 32 86 37 35 41 40
leaf_count=24 20 22 20 31 47 39 55 28 22 26 26 20 23 70 39 20 26 20 22 25 1002 24 20 37 32 86 37 35 41 40
internal_value=3.60673e-14 1.50589e-05 -1.09528e-05 -2.64639e-05 -4.35562e-05 -2.50383e-05 1.48101e-05 -1.67598e-05 9.6519e-06 -1.40047e-05 -0.000924609 -0.000448927 -0.000278468 7.67906e-05 1.4526e-05 -5.94297e-05 6.24526e-06 -2.92668e-05 0.000904007 0.0016566 -9.59292e-05 -0.000830246 0.000292434 0.000183629 -0.000362858 0.000328094 -2.27912e-05 0.000281466 0.000832249 0.000715182
internal_weight=1979 1959 1937 1917 1893 1862 1702 1663 1608 1580 48 160 140 93 1532 1210 1115 1095 73 47 1022 95 322 302 71 265 139 113 78 126
internal_count=1979 1959 1937 1917 1893 1862 1702 1663 1608 1580 48 160 140 93 1532 1210 1115 1095 73 47 1022 95 322 302 71 265 139 113 78 126
is_linear=0
shrinkage=0.03


Tree=93
num_leaves=31
num_cat=0
split_feature=5 2 1 5 4 5 1 6 1 8 6 8 8 7 4 1 8 4 2 6 3 5 1 1 2 2 4 2 5 5
split_gain=0.0502546 0.180673 0.0641246 0.0601767 0.151814 0.0463255 0.104456 0.0495679 0.0462716 0.0797202 0.0675607 0.146379 0.0416587 0.0983172 0.0821166 0.0699265 0.0581748 0.132777 0.0481737 0.154363 0.0748748 0.0636641 0.0657396 0.0620389 0.0334354 0.10093 0.0404301 0.0550377 0.103157 0.0780313
threshold=0.48243215995500294 0.39941752928167856 0.19108154717910811 0.23937365660558688 0.15188383163927302 -0.102800231474715 -0.063537939260482609 27.554571338184129 -0.076672920575359557 1.3226219475169645 32.619484302513762 0.84819901043548807 1.1677901483951307 -0.21933652992102312 0.11300410990416355 -0.034192930319856089 1.1010904919994602 0.023146118072014724 0.078893098428576738 60.834057881008583 0.0066937130691693278 0.10196461175352912 0.024570288263209953 0.071010186757215724 -0.13036408404323549 -0.1074556475224334 -0.047041021250622532 0.028737979004551443 0.077497756255573771 0.10885384615683859
decision_type=2 2 2 2 2 2 2 2 2 2 2 2 2 2 2 2 2 2 2 2 2 2 2 2 2 2 2 2 2 2
left_child=1 3 -2 4 5 6 -1 -7 9 -9 11 -10 14 -14 16 -15 24 -18 19 20 -17 -20 -23 -24 -12 -26 -27 28 -28 -30
right_child=2 -3 -4 -5 -6 7 -8 8 10 -11 12 -13 13 15 -16 18 17 -19 21 -21 -22 22 23 -25 25 26 27 -29 29 -31
leaf_value=0.0021940161250365367 -0.00018096150332238786 0.0023773545373616547 -0.0022371110196691005 -0.00056529203752870671 0.002578056537147079 -0.00094685232348959241 1.6858753969084801e-05 -0.0010878234665171094 -0.00055713720870419192 0.0009628681944344531 -0.0010992078634444625 0.0025428199833700564 -0.0016421740941171136 -0.00122697432001587 0.0019117875869216563 0.00099109562667685429 0.0027479701922477583 -0.00024033232351939658 -0.0013573523608313219 0.0023537505252827556 -0.00077771664572147913 -0.0012245258487761021 0.0015478605552539193 -0.00021471557389127045 0.0019978572627904053 0.0012879549020103046 -0.00011471376275767982 0.00014571755530749371 -0.0025559592954814431 -0.00031051479047164318
leaf_weight=28 43 29 20 160 21 51 68 76 26 22 24 29 42 42 22 35 23 32 37 31 56 25 32 41 23 21 311 553 30 26
leaf_count=28 43 29 20 160 21 51 68 76 26 22 24 29 42 42 22 35 23 32 37 31 56 25 32 41 23 21 311 553 30 26
internal_value=5.24023e-13 2.74131e-05 -0.000833707 -8.70149e-06 4.28645e-05 1.16576e-05 0.000651863 -2.65162e-05 3.59105e-06 -0.000627464 4.59206e-05 0.00107739 5.57163e-06 -0.000283017 9.79741e-05 -9.20984e-05 5.97154e-05 0.00100932 9.33677e-05 0.00052543 -9.74042e-05 -0.000297089 0.000103215 0.000557921 6.85268e-06 3.43895e-05 -1.36018e-05 -4.33112e-05 -0.000328142 -0.00151343
internal_weight=1979 1916 63 1887 1727 1706 96 1610 1559 98 1461 55 1406 341 1065 299 1043 55 257 122 91 135 98 73 988 964 941 920 367 56
internal_count=1979 1916 63 1887 1727 1706 96 1610 1559 98 1461 55 1406 341 1065 299 1043 55 257 122 91 135 98 73 988 964 941 920 367 56
is_linear=0
shrinkage=0.03


Tree=94
num_leaves=31
num_cat=0
split_feature=9 8 8 6 9 7 9 7 1 8 7 6 7 3 5 5 4 9 9 8 5 8 9 5 4 9 8 4 6 1
split_gain=0.0551391 0.0565076 0.0688229 0.0679691 0.218797 0.186128 0.0778108 0.0849887 0.119757 0.0893475 0.122272 0.119762 0.141692 0.176714 0.16385 0.0972548 0.155515 0.0872115 0.0720733 0.0617928 0.061097 0.0801329 0.0735821 0.0545593 0.0669121 0.0598362 0.0528944 0.0507219 0.0499262 0.0526258
threshold=0.059663773258629163 0.81272988961931736 0.82951876394908042 32.619484302513762 0.030027112810661203 0.29389943654931755 0.028998311757234354 0.98471158500994593 0.095297539117234834 1.1568341520818446 0.049189296355432795 77.42332111240276 0.36892180898236754 0.030794033035557281 0.08915297296197934 0.20991920078606133 0.087982118486931507 0.048182875776256122 0.033928288260547522 1.1677901483951307 0.10885384615683859 1.063283924425467 0.024642349145958586 0.16945842195388885 0.068593875906527005 0.034529509676496574 0.66260886698370525 0.016802888469034886 23.734910376783322 0.0041401479641416392
decision_type=2 2 2 2 2 2 2 2 2 2 2 2 2 2 2 2 2 2 2 2 2 2 2 2 2 2 2 2 2 2
left_child=1 23 -3 4 5 -4 19 9 -9 10 15 12 13 -11 -14 16 27 -17 -12 20 21 -5 -22 24 28 -25 -26 -8 -1 -30
right_child=-2 2 3 6 -6 -7 7 8 -10 11 18 -13 14 -15 -16 17 -18 -19 -20 -21 22 -23 -24 25 26 -27 -28 -29 29 -31
leaf_value=-0.0015800591892496283 -0.0015290610984499964 0.0015491317106681244 0.0040874391264515003 9.6398791153750823e-05 -0.00094612792990279978 0.00048709646981608655 -0.00048237699391320344 0.00046986271296778028 -0.0023528542980784549 0.0011515709092120893 0.00054372545032362843 0.0026347137503034898 0.0040238899036921794 -0.0013126828108448534 0.0006199852049384 -0.00113734272578241 0.0036025246724020687 0.0013101151655428112 -0.0015445123959387486 -0.0005166155786908511 -1.4955895917060283e-05 0.0015761333698703145 -0.0018245991920300116 0.00014733773876366246 0.002156142230212156 -0.0011904602783635772 7.3672632848762945e-05 0.0014484417968196792 0.00012555861047400493 -0.00043354703741448265
leaf_weight=21 21 31 24 131 34 28 25 31 24 55 21 32 20 50 35 38 20 20 51 269 91 44 26 46 21 87 23 24 387 249
leaf_count=21 21 31 24 131 34 28 25 31 24 55 21 32 20 50 35 38 20 20 51 269 91 44 26 46 21 87 23 24 387 249
internal_value=-2.64328e-12 1.63995e-05 0.000155225 0.00011569 0.00092522 0.00214879 4.65547e-05 0.000342315 -0.000761868 0.000497635 5.21862e-05 0.000959325 0.000624247 -2.18832e-05 0.00185777 0.000612102 0.00137324 -0.000293392 -0.000935443 -0.000188578 0.000113622 0.000468446 -0.000417099 -0.000170698 -6.50069e-05 -0.000727763 0.00106758 0.00046333 -0.000140857 -9.33365e-05
internal_weight=1979 1958 1124 1093 86 52 1007 446 55 391 199 192 160 105 55 127 69 58 72 561 292 175 117 834 701 133 44 49 657 636
internal_count=1979 1958 1124 1093 86 52 1007 446 55 391 199 192 160 105 55 127 69 58 72 561 292 175 117 834 701 133 44 49 657 636
is_linear=0
shrinkage=0.03


Tree=95
num_leaves=31
num_cat=0
split_feature=9 2 5 4 9 5 1 4 9 5 9 9 5 3 2 3 2 7 1 5 3 5 4 5 1 8 9 8 5 7
split_gain=0.0518804 0.0677371 0.070525 0.0926369 0.0781411 0.0577303 0.0869545 0.0452937 0.0548335 0.112585 0.0713216 0.140963 0.062352 0.103533 0.0937268 0.061035 0.0682656 0.0617723 0.0477728 0.206143 0.136053 0.106885 0.0513288 0.0938867 0.095733 0.0615192 0.156549 0.0840482 0.0590963 0.052368
threshold=0.059663773258629163 0.5496430889033096 0.4134632143734473 0.20351458381447632 0.05611114668110799 -0.102800231474715 -0.063537939260482609 -0.11077906633424033 0.052261383887176681 0.021733596137403114 0.045202141561819807 0.043252421195420263 0.13345014101486311 0.053662132779765399 0.18280841056504529 0.005777248102525113 0.14544628878985891 -0.20671021612451615 0.05442186944674799 -0.0076511548679516475 0.032205473330448105 0.048823848653154263 -0.0058793802101408379 0.075812781176973001 1.0000000180025095e-35 1.0603026664631681 0.027733213634492316 1.1677901483951307 -0.013816482939258077 -0.39296243683352061
decision_type=2 2 2 2 2 2 2 2 2 2 2 2 2 2 2 2 2 2 2 2 2 2 2 2 2 2 2 2 2 2
left_child=1 2 3 5 -4 6 -1 -7 10 -10 11 12 13 14 18 16 17 -12 20 -20 22 -21 23 24 -9 29 27 -27 -26 -24
right_child=-2 -3 4 -5 -6 7 -8 8 9 -11 15 -13 -14 -15 -16 -17 -18 -19 19 21 -22 -23 25 -25 28 26 -28 -29 -30 -31
leaf_value=0.0021302741135670136 -0.0014831892693681376 0.0013848380651324988 -0.0020219348691171033 0.0018758453405462207 0.000300649325363338 -0.0014570744913071393 0.00010560499336861539 0.00017244908788653651 -0.00036095439747441555 0.0026867067280691116 0.0016924882866442203 0.0020133688748483697 -0.00033462971375500201 0.0017998344320503453 0.0018559521289542317 -0.0014619910457154869 -0.0014120795837204369 -0.00033492634140298161 0.0030459183949278663 -0.0013879133941871781 -0.001913059721700847 0.0006576297207433146 0.00098983264960614704 -0.0013754797587783908 -0.0019083830120507628 0.0015615359258147016 0.0029620327003067356 -0.00031899369526755707 -0.00017719043287382061 -0.00014512392628116493
leaf_weight=28 21 32 32 24 22 20 60 294 24 20 21 31 433 31 25 56 28 38 24 35 35 67 42 57 36 31 24 69 35 284
leaf_count=28 21 32 32 24 22 20 60 294 24 20 21 31 433 31 25 56 28 38 24 35 35 67 42 57 36 31 24 69 35 284
internal_value=-1.91101e-12 1.59075e-05 -6.83689e-06 2.39956e-05 -0.0010757 -5.43857e-08 0.000749818 -3.7548e-05 -2.12316e-05 0.00102435 -4.83574e-05 1.06764e-05 -3.01143e-05 9.09648e-05 4.0894e-05 -0.000689473 -0.00019222 0.000386696 -3.0329e-06 0.000544335 -7.9073e-05 -4.42723e-05 -5.46119e-06 -0.000243142 -6.63107e-05 0.00021743 0.000786176 0.00026397 -0.00105498 1.09747e-06
internal_weight=1979 1958 1926 1872 54 1848 88 1760 1740 44 1696 1553 1522 1089 1058 143 87 59 1033 126 907 102 872 422 365 450 124 100 71 326
internal_count=1979 1958 1926 1872 54 1848 88 1760 1740 44 1696 1553 1522 1089 1058 143 87 59 1033 126 907 102 872 422 365 450 124 100 71 326
is_linear=0
shrinkage=0.03


Tree=96
num_leaves=31
num_cat=0
split_feature=9 2 6 8 4 0 2 2 9 9 1 0 0 8 0 9 4 9 3 4 0 1 2 2 2 2 1 6 9 8
split_gain=0.0488142 0.0637339 0.0457714 0.0391165 0.0370536 0.0486225 0.0415241 0.0320708 0.078634 0.258827 0.0637823 0.0358141 0.0348362 0.0704592 0.0906826 0.169819 0.21368 0.0658204 0.0532844 0.0630495 0.0469865 0.0435604 0.085557 0.0640638 0.042332 0.0420645 0.0657196 0.0469952 0.0805693 0.0496943
threshold=0.059663773258629163 0.5496430889033096 20.37234042553192 0.32955517402827128 -0.090629358883831987 -0.063869007457190582 -0.19537668905363861 -0.075497864029012804 0.027645910497391662 0.025422139673677357 0.034088441562252443 -0.0016168412907543448 0.035846690235404995 0.93796243167416338 0.079414282656773985 0.027733213634492316 0.084325706976777451 0.041053905502406618 0.063935039669831287 0.1586284293646161 -0.042745947714907577 0.0077312963593871862 0.22468404354151697 -0.020906177156177149 0.18088214004214445 -0.0020229913271149753 0.032672851367452578 47.326387599531053 0.04222417709937118 0.50510556641234905
decision_type=2 2 2 2 2 2 2 2 2 2 2 2 2 2 2 2 2 2 2 2 2 2 2 2 2 2 2 2 2 2
left_child=1 2 -1 -4 6 -6 -5 8 9 -7 11 -10 18 -14 15 -15 -17 -18 19 20 -9 22 -22 -23 -16 26 -25 -27 29 -29
right_child=-2 -3 3 4 5 7 -8 12 10 -11 -12 -13 13 14 24 16 17 -19 -20 -21 21 23 -24 25 -26 27 -28 28 -30 -31
leaf_value=0.0012953053671299129 -0.0014386935884665164 0.001343292962446867 -0.0010977628002874552 0.00028399369355453099 0.0012593048777697342 3.9869823376648127e-05 -0.0013232104852963509 -0.0010242487481446005 0.00115127627859297 0.0037503669366402465 -0.0016999957949987478 -0.00034860754918650185 -0.00060831284800466775 -0.00025868336169762498 -0.0015315325101837515 0.0045949967627945754 -0.00024364484194930726 0.0021342892656102774 -0.00144067003714064 0.0011872176055663399 4.6936561845945195e-05 -0.001199699660314114 0.0018407596994424239 -0.00028284749092999845 0.00037548204217190768 0.00084390764500615967 0.0020243784966878595 -0.0014043194286724819 -0.0015385465849457043 -0.00010603971100314493
leaf_weight=24 21 32 30 23 28 64 39 48 23 23 21 38 54 47 20 21 22 20 26 35 559 56 25 25 22 36 20 28 42 507
leaf_count=24 21 32 30 23 28 64 39 48 23 23 21 38 54 47 20 21 22 20 26 35 559 56 25 25 22 36 20 28 42 507
internal_value=1.71723e-12 1.54303e-05 -6.63178e-06 -2.306e-05 -5.83721e-06 1.88653e-05 -0.00072699 -6.25384e-07 0.000392559 0.00102081 -0.000273996 0.000216922 -4.18208e-05 0.000322541 0.000653239 0.00110602 0.00212414 0.000888705 -9.51673e-05 -6.98356e-05 -0.000102523 -6.84373e-05 0.000123727 -0.000225614 -0.00053262 -0.000142713 0.000742586 -0.000207702 -0.000273314 -0.000173987
internal_weight=1979 1958 1926 1902 1872 1810 62 1782 169 87 82 61 1613 206 152 110 63 42 1407 1381 1346 1298 584 714 42 658 45 613 577 535
internal_count=1979 1958 1926 1902 1872 1810 62 1782 169 87 82 61 1613 206 152 110 63 42 1407 1381 1346 1298 584 714 42 658 45 613 577 535
is_linear=0
shrinkage=0.03


Tree=97
num_leaves=31
num_cat=0
split_feature=1 4 2 9 4 9 7 3 4 1 1 3 2 2 9 4 7 9 0 3 1 0 0 3 8 1 3 7 1 8
split_gain=0.0461653 0.110356 0.046492 0.0450734 0.127018 0.0893913 0.0797339 0.0626462 0.0619803 0.182954 0.0610666 0.058396 0.0481848 0.0568192 0.0716648 0.0455109 0.0545991 0.0428918 0.0404254 0.0393948 0.128648 0.0260287 0.0302904 0.0731831 0.131294 0.0536654 0.0539754 0.0327964 0.0547991 0.0418189
threshold=0.28185092619817714 0.26881607714569228 0.46320706300911046 0.045202141561819807 0.11300410990416355 0.043849910196924392 0.25932699034682655 0.005777248102525113 -0.098905246456421833 -0.10828451241527297 0.1682105263157895 -0.0096219608441130405 -0.14534120734908132 -0.1074556475224334 0.027301073329092995 0.13965992153621712 0.31119655457430678 0.052261383887176681 -0.03616014445378412 0.052714158919926486 0.09358468932587817 0.053531437378091414 0.02956083189773551 0.035755294824749935 1.2010145158157643 -0.01009443632371587 0.023952971890598865 0.45425375885109759 0.029230762831019001 1.6121830693392873
decision_type=2 2 2 2 2 2 2 2 2 2 2 2 2 2 2 2 2 2 2 2 2 2 2 2 2 2 2 2 2 2
left_child=1 2 3 5 6 8 7 11 9 -1 12 18 -10 14 -14 19 -17 -9 -5 21 -21 22 23 27 -25 -24 -27 29 -29 -15
right_child=-2 -3 -4 4 -6 -7 -8 17 10 -11 -12 -13 13 15 -16 16 -18 -19 -20 20 -22 -23 25 24 -26 26 -28 28 -30 -31
leaf_value=-0.00078034845260183572 -0.0014340311391279103 0.0021274225939520294 0.0014295801166445015 0.0013077928905840962 -0.0020179839404551566 0.0018911013444480689 -0.0010409704048276668 -0.0012228115532738489 -0.001259623427638495 0.0031344150299472467 0.001341210330900704 0.0019755710242316126 0.0020545115585152347 1.5725798520120662e-05 -0.00030176738526539081 -0.0016981144262899761 0.00030002465896541248 0.00033733466182482135 -0.00017197390811310873 0.0023760343889705836 -0.00040975088694500985 0.00089948943760246041 -0.0018729737409475175 0.0022841724648242235 -0.00065116302284877741 0.00062972303085888804 -0.00081866531988213716 -0.00017598908096958549 -0.0014172417999148686 -0.0012787537328119429
leaf_weight=22 20 22 20 24 37 23 62 35 29 21 29 24 26 958 21 32 20 29 54 25 37 25 22 32 24 39 57 146 41 23
leaf_count=22 20 22 20 24 37 23 62 35 29 21 29 24 26 958 21 32 20 29 54 25 37 25 22 32 24 39 57 146 41 23
internal_value=-7.1925e-13 1.46404e-05 -9.35605e-06 -2.43684e-05 -0.000387574 3.3894e-05 -0.00012299 0.00021987 7.6719e-06 0.00113151 -2.27979e-05 0.000681511 -4.82034e-05 -2.52117e-05 0.00100171 -5.78013e-05 -0.000929599 -0.00051587 0.000283339 -2.60774e-05 0.00071355 -5.9623e-05 -7.74902e-05 -3.32367e-05 0.00102617 -0.000536527 -0.000230258 -8.40303e-05 -0.000448135 -1.46239e-05
internal_weight=1979 1959 1937 1917 265 1652 228 166 1629 43 1586 102 1557 1528 47 1481 52 64 78 1429 62 1367 1342 1224 56 118 96 1168 187 981
internal_count=1979 1959 1937 1917 265 1652 228 166 1629 43 1586 102 1557 1528 47 1481 52 64 78 1429 62 1367 1342 1224 56 118 96 1168 187 981
is_linear=0
shrinkage=0.03


Tree=98
num_leaves=31
num_cat=0
split_feature=5 2 1 5 2 1 5 5 1 9 9 5 8 9 2 9 5 1 5 1 7 8 9 5 2 5 5 5 2 9
split_gain=0.0487028 0.160564 0.0594914 0.0522965 0.0519572 0.0460281 0.0468596 0.116796 0.0421498 0.0421009 0.0678566 0.0461332 0.058916 0.0314833 0.0652538 0.0743516 0.0772057 0.0637493 0.0627636 0.154528 0.144542 0.0771901 0.0629058 0.069213 0.0617681 0.0611481 0.0525436 0.105445 0.0792455 0.0500859
threshold=0.48243215995500294 0.39941752928167856 0.19108154717910811 0.23937365660558688 0.26005864042055776 0.1682105263157895 -0.102800231474715 -0.11764291793541497 -0.10828451241527297 0.049883758264755482 0.04344103780815909 0.3389522767846353 1.2434150153598267 0.021271728295027995 -0.017908110361636417 0.018776636004492153 0.10683479779076578 1.0000000180025095e-35 -0.0076511548679516475 0.019742759489116749 -0.29138165212052319 0.96195451443535129 0.023796734937602756 0.074408905101410419 -0.12442317916002125 -0.055994623415200388 0.062598350669487837 0.11006782200666389 0.1359824561403509 0.052261383887176681
decision_type=2 2 2 2 2 2 2 2 2 2 2 2 2 2 2 2 2 2 2 2 2 2 2 2 2 2 2 2 2 2
left_child=1 3 -2 4 5 6 7 -1 -8 10 11 12 -5 14 25 17 -17 -16 19 24 -21 -22 23 -20 -15 -10 -19 -28 -29 -24
right_child=2 -3 -4 9 -6 -7 8 -9 13 -11 -12 -13 -14 18 15 16 -18 26 22 20 21 -23 29 -25 -26 -27 27 28 -30 -31
leaf_value=5.4613225390009276e-05 -0.00019201225222110056 0.0022422947541906914 -0.0021724877182859926 -0.00070777721906779335 0.0013227983099932316 0.0013831871223043311 -0.00089401352126151326 0.0025102633602269316 -8.35007698247757e-05 0.00069287967783483587 -0.0019309845875250175 -0.0015436339450230741 0.00091075816557609603 0.0012997927185918749 0.0012871070632299538 -0.0016184779936249585 7.5071763060986996e-05 -0.00068901752247484181 0.0011015131625463253 0.0038301725964993236 -0.00032668831901481516 0.0019850061991466927 -0.00023487583627810571 -3.9585064944983339e-05 -0.00020645577278720578 -0.001794916724783044 0.0018479597991972695 -0.00084898147056810559 0.0010678154011256992 0.001220386938128451
leaf_weight=72 43 29 20 48 28 22 50 23 34 22 32 23 35 29 43 47 50 64 80 20 26 26 655 119 158 42 32 55 30 22
leaf_count=72 43 29 20 48 28 22 50 23 34 22 32 23 35 29 43 47 50 64 80 20 26 26 655 119 158 42 32 55 30 22
internal_value=-6.63881e-13 2.69866e-05 -0.000820735 -7.05897e-06 4.10123e-05 1.98881e-05 2.00344e-06 0.000649139 -3.68574e-05 -0.000525928 -0.000720231 -0.00035472 -2.52623e-05 -8.88235e-06 -0.000238833 -5.1686e-05 -0.000745514 0.000248766 7.15497e-05 0.000481829 0.00166277 0.000829159 -4.97543e-05 0.000419148 2.71336e-05 -0.00102928 2.0888e-06 0.00038013 -0.000172465 -0.000187585
internal_weight=1979 1916 63 1887 1727 1699 1677 95 1582 160 138 106 83 1532 397 321 97 224 1135 259 72 52 876 199 187 76 181 117 85 677
internal_count=1979 1916 63 1887 1727 1699 1677 95 1582 160 138 106 83 1532 397 321 97 224 1135 259 72 52 876 199 187 76 181 117 85 677
is_linear=0
shrinkage=0.03


Tree=99
num_leaves=31
num_cat=0
split_feature=9 2 5 6 4 5 1 6 4 4 2 6 9 1 2 5 5 6 2 9 5 8 7 9 5 7 9 9 5 1
split_gain=0.0480441 0.0585223 0.0656314 0.104303 0.0831329 0.0500562 0.0813703 0.0592078 0.0747539 0.115916 0.0512013 0.0464775 0.0363315 0.0769013 0.0828892 0.135823 0.289133 0.0644891 0.0626963 0.115398 0.131585 0.0613837 0.0848924 0.0608591 0.0547516 0.0476688 0.0469325 0.0589895 0.0492192 0.0387278
threshold=0.059663773258629163 0.5496430889033096 0.4134632143734473 68.709430756159733 0.20351458381447632 -0.102800231474715 -0.063537939260482609 86.817279046673306 0.15484795994745651 0.14250170761421979 0.29532921249583372 27.554571338184129 0.034650804089397261 0.11713872916849356 -0.073593668236525397 -0.0017014098400014996 -0.050160564623131558 64.5138888888889 -0.033366976665945729 0.052261383887176681 -0.0076511548679516475 0.69768224632041431 -0.14680024605457162 0.046030817408956877 0.068091687420117078 0.26975155819315438 0.046951899307722554 0.040628441186054708 -0.018847530210344406 0.10505093378607812
decision_type=2 2 2 2 2 2 2 2 2 2 2 2 2 2 2 2 2 2 2 2 2 2 2 2 2 2 2 2 2 2
left_child=1 2 4 -4 5 6 -1 8 9 10 11 -7 13 14 15 16 -13 18 26 20 -20 24 -23 25 -22 -24 27 -14 -28 -16
right_child=-2 -3 3 -5 -6 7 -8 -9 -10 -11 -12 12 17 -15 29 -17 -18 -19 19 -21 21 22 23 -25 -26 -27 28 -29 -30 -31
leaf_value=0.0020347769845310334 -0.0014272991993597576 0.0012877230913545645 0.0002335729371822838 -0.0024051903850900438 0.0017781956668477506 -0.00092416453093071194 7.6199287286726763e-05 -0.0015803494449408554 0.0013786556583021165 -0.0021573255939976027 0.0013926865476305069 -0.00049493150700899685 -0.00091726693121849416 0.0014842487301896599 -1.6458155486746099e-05 -0.0007524504004554315 0.0033205330425586837 -0.0011772475761746796 0.0018863633730345304 0.0019828903488814829 0.00046933774743229152 0.0018125441687350922 -0.0019834413156578582 0.0010273231206727879 -0.001310484852051429 -9.2631344616945292e-05 -0.00044353670653198723 0.0010385336497995962 -0.0024061716784743348 -0.0013176194897719792
leaf_weight=28 21 32 28 26 24 51 60 22 34 23 23 33 35 34 1048 33 39 58 27 28 20 22 21 21 70 28 23 23 23 21
leaf_count=28 21 32 28 26 24 51 60 22 34 23 23 33 35 34 1048 33 39 58 27 28 20 22 21 21 70 28 23 23 23 21
internal_value=2.89114e-12 1.53081e-05 -5.83274e-06 -0.00103694 2.39108e-05 1.1279e-06 0.000699383 -3.37849e-05 -1.42081e-05 -4.2e-05 -1.30574e-05 -3.25581e-05 -4.2619e-06 7.77181e-05 3.69838e-05 0.000841307 0.00157178 -0.000252462 -9.51671e-05 0.000174301 -6.79979e-05 -0.000357931 0.000186998 -0.000323888 -0.000914969 -0.000902978 -0.000709244 -0.000141691 -0.00142485 -4.20189e-05
internal_weight=1979 1958 1926 54 1872 1848 88 1760 1738 1704 1681 1658 1607 1208 1174 105 72 399 341 237 209 182 92 70 90 49 104 58 46 1069
internal_count=1979 1958 1926 54 1872 1848 88 1760 1738 1704 1681 1658 1607 1208 1174 105 72 399 341 237 209 182 92 70 90 49 104 58 46 1069
is_linear=0
shrinkage=0.03


Tree=100
num_leaves=31
num_cat=0
split_feature=9 2 5 4 9 5 1 4 9 5 9 9 5 3 2 2 2 9 5 4 1 8 7 1 5 3 5 4 5 1
split_gain=0.0452047 0.0550636 0.0617526 0.0782197 0.0703178 0.0470979 0.0765613 0.0412702 0.0461087 0.099306 0.059263 0.126012 0.0557595 0.0952045 0.0861041 0.0543894 0.0828855 0.0637977 0.047113 0.0558445 0.0994992 0.051803 0.0747844 0.042245 0.182036 0.128317 0.0975886 0.04798 0.0841604 0.0876553
threshold=0.059663773258629163 0.5496430889033096 0.4134632143734473 0.20351458381447632 0.05611114668110799 -0.102800231474715 -0.063537939260482609 -0.11077906633424033 0.052261383887176681 0.021733596137403114 0.045202141561819807 0.043252421195420263 0.13345014101486311 0.053662132779765399 0.18280841056504529 0.12221776322737356 -0.0014595513933864377 0.047898669812329743 0.14013638679495491 0.13965992153621712 0.11713872916849356 1.063283924425467 -0.030901467239006827 0.05442186944674799 -0.0076511548679516475 0.032205473330448105 0.048823848653154263 -0.0058793802101408379 0.075812781176973001 1.0000000180025095e-35
decision_type=2 2 2 2 2 2 2 2 2 2 2 2 2 2 2 2 2 2 2 2 2 2 2 2 2 2 2 2 2 2
left_child=1 2 3 5 -4 6 -1 -7 10 -10 11 12 13 14 23 16 -12 -17 -14 20 21 -20 -23 25 -25 27 -26 28 29 -9
right_child=-2 -3 4 -5 -6 7 -8 8 9 -11 15 -13 18 -15 -16 17 -18 -19 19 -21 -22 22 -24 24 26 -27 -28 -29 -30 -31
leaf_value=0.0019737336590333141 -0.0013844802523297923 0.0012490914086083647 -0.0019034564263711218 0.001724849788006395 0.00029979743952439591 -0.0013877816568128765 7.3913295869715509e-05 0.00016362868565400796 -0.000359448224917287 0.0025028496226295826 -0.00096003509795314856 0.0019052564704249945 -0.0013867923087330864 0.0017263689296950976 0.0017793439267203212 -0.0023450194671750068 0.001022095049265772 -0.00045778963445244648 8.0666449290192889e-05 -0.0011018158066144678 0.0018717178603136827 -0.0021310475443561488 -0.00031316101225340701 0.0028630512394011019 -0.0013247171291815383 -0.0018550292016672235 0.00062984535388940419 0.00021303720917973502 -0.0013043387636150184 -0.0010108738286342001
leaf_weight=28 21 32 32 24 22 20 60 294 24 20 43 31 34 31 25 28 34 38 201 56 22 26 94 24 35 35 67 450 57 71
leaf_count=28 21 32 32 24 22 20 60 294 24 20 43 31 34 31 25 28 34 38 201 56 22 26 94 24 35 35 67 450 57 71
internal_value=-4.16938e-13 1.48489e-05 -5.65776e-06 2.31935e-05 -0.00100583 1.09406e-06 0.000678402 -3.27713e-05 -1.71965e-05 0.000941596 -4.20708e-05 1.17416e-05 -2.68254e-05 8.7674e-05 3.96593e-05 -0.000626481 -8.48088e-05 -0.00125843 -0.000314793 -0.000223444 -8.00368e-05 -0.000213802 -0.000707036 -2.44339e-06 0.000512284 -7.39491e-05 -4.08379e-05 -2.46075e-06 -0.000232257 -6.48362e-05
internal_weight=1979 1958 1926 1872 54 1848 88 1760 1740 44 1696 1553 1522 1089 1058 143 77 66 433 399 343 321 120 1033 126 907 102 872 422 365
internal_count=1979 1958 1926 1872 54 1848 88 1760 1740 44 1696 1553 1522 1089 1058 143 77 66 433 399 343 321 120 1033 126 907 102 872 422 365
is_linear=0
shrinkage=0.03


Tree=101
num_leaves=31
num_cat=0
split_feature=5 2 5 4 0 0 0 6 7 4 0 3 6 2 2 6 4 3 9 9 5 9 5 5 4 9 2 9 9 9
split_gain=0.0452264 0.148796 0.0485356 0.130952 0.0455799 0.10324 0.0415028 0.0407117 0.0394411 0.0390039 0.0417938 0.0402373 0.0361034 0.0329885 0.0325555 0.108811 0.0527065 0.0319553 0.0679088 0.0552146 0.0418182 0.0426748 0.10433 0.0430504 0.0897988 0.150617 0.0588407 0.0420349 0.0391486 0.0386606
threshold=0.48243215995500294 0.39941752928167856 0.23937365660558688 0.15188383163927302 0.09231323857145525 0.059892770834106941 0.0021691999487108986 20.37234042553192 -0.075665726199334246 -0.090629358883831987 -0.063869007457190582 -0.051282134527377614 77.762128325508613 -0.19537668905363861 0.22468404354151697 70.419661880360465 0.11476857114426543 0.041148105608228243 0.026005649447210077 0.035842223953902193 0.16663751850763478 0.040876310896538905 0.12626255907969733 0.11711141146367955 0.016222139784863424 0.027175250218554152 0.10746900826446283 0.030202882576064547 0.04852483614004393 0.030784065261534582
decision_type=2 2 2 2 2 2 2 2 2 2 2 2 2 2 2 2 2 2 2 2 2 2 2 2 2 2 2 2 2 2
left_child=1 2 3 4 5 7 8 -1 -4 13 -11 -12 -2 -9 16 -16 17 20 -19 -20 21 23 28 -13 27 26 -26 -25 -23 -22
right_child=12 -3 6 -5 -6 -7 -8 9 -10 10 11 14 -14 -15 15 -17 -18 18 19 -21 29 22 -24 24 25 -27 -28 -29 -30 -31
leaf_value=0.0012229240592569112 -0.00028308024862781165 0.0021585897664571627 -0.00076243773810207266 0.0023941043875778888 -0.0012875946841813858 0.0017168001825120882 -0.00088089446236845094 0.00010306077925488353 0.00078975342974231077 0.0013063188733279027 -0.0010468355269933288 5.1893111058827281e-05 -0.0018065414431371858 -0.0012929538518297843 -0.0006306475133544976 0.001810056719014288 -0.0015470473329769446 -0.00043788478280683713 0.0021286055486617159 7.9651793625089339e-05 -0.00010458477028878405 0.00087845124092630358 0.0022049204177326627 -0.00071882142601838411 -0.0013926602770516182 0.0017354278775746934 -7.7483975865806518e-06 -0.0025530664800581609 -0.00043778415123013918 -0.0011573296111439251
leaf_weight=24 42 29 26 21 24 32 100 25 34 22 33 905 21 39 31 35 20 35 29 20 75 33 27 23 48 32 65 22 53 54
leaf_count=24 42 29 26 21 24 32 100 25 34 22 33 905 21 39 31 35 20 35 29 20 75 33 27 23 48 32 65 22 53 54
internal_value=1.18239e-13 2.60056e-05 -6.76861e-06 3.95419e-05 1.05584e-05 2.90814e-05 -0.000506633 -3.65011e-06 0.000117137 -2.17545e-05 7.98708e-06 -1.05605e-05 -0.000790901 -0.000747636 1.21316e-05 0.000663665 -1.77096e-05 3.81521e-06 0.000571388 0.0012923 -3.18438e-05 2.29838e-05 0.000578046 -3.42966e-05 -0.000444832 -8.1501e-05 -0.00059603 -0.00161556 6.72829e-05 -0.000545269
internal_weight=1979 1916 1887 1727 1706 1682 160 1650 60 1626 1562 1540 63 64 1507 66 1441 1421 84 49 1337 1208 113 1095 190 145 113 45 86 129
internal_count=1979 1916 1887 1727 1706 1682 160 1650 60 1626 1562 1540 63 64 1507 66 1441 1421 84 49 1337 1208 113 1095 190 145 113 45 86 129
is_linear=0
shrinkage=0.03


Tree=102
num_leaves=31
num_cat=0
split_feature=6 1 4 2 6 5 8 9 2 2 8 1 9 6 2 9 5 5 5 9 4 8 2 9 9 2 9 4 1 4
split_gain=0.0438852 0.0705245 0.0689676 0.0930054 0.0668413 0.050351 0.0660807 0.0986805 0.0893503 0.062619 0.0594691 0.0565518 0.0528279 0.0866645 0.0606316 0.0877727 0.107971 0.172401 0.0754707 0.0599973 0.0511013 0.0516622 0.111005 0.148651 0.103305 0.0507772 0.17336 0.273941 0.0950093 0.0495786
threshold=87.760212447422859 0.09922040120137933 0.21753091218199852 0.41368158618905398 77.994872907793734 0.16663751850763478 0.89044968851846251 0.036370160250888892 0.14141414141414135 0.12624319300877165 1.0782382785934359 0.039230297185938408 0.021647122449957559 22.494331065759635 0.033488022074501529 0.018776636004492153 0.040029539137272814 0.10196461175352912 0.092944987330033882 0.017627386851773497 -0.090629358883831987 1.4123790956357365 0.096738745125841921 0.026110614122931867 0.033645926749482712 -0.069312288251256446 0.027645910497391662 -0.028696426597962007 0.034977724468814204 0.015947824395366132
decision_type=2 2 2 2 2 2 2 2 2 2 2 2 2 2 2 2 2 2 2 2 2 2 2 2 2 2 2 2 2 2
left_child=2 -2 3 5 -4 12 7 -7 -8 -9 11 -10 14 -14 29 16 -16 -18 -17 -19 -15 25 23 -23 -25 26 27 -22 -28 -1
right_child=1 -3 4 -5 -6 6 8 9 10 -11 -12 -13 13 20 15 18 17 19 -20 -21 21 22 -24 24 -26 -27 28 -29 -30 -31
leaf_value=-0.00041766935030714594 -0.00021271964323452927 0.0022487220154143871 3.1976721715182063e-05 0.0018615234119351953 -0.0023643278451742264 0.00010485075752930257 -0.0009609101249952799 4.1895888280123474e-06 0.0023071867674165831 -0.0019086625890844542 -6.2686399286869372e-05 0.00040494489359284318 0.0020783807496939383 -0.00071824842078058279 -0.0006144096179656228 -0.0019045207332819701 0.0029990508745540863 -0.00039901339767100071 0.0002062150481487474 0.0015572757699659893 0.00018120954034384339 -4.3876984688852516e-05 -0.00067549156975777196 0.0035008110015478451 0.00079429418356581172 -1.1300790299815086e-06 0.00040982488584552848 0.0046487135333674297 -0.0017815442405117209 -0.0017671348252494272
leaf_weight=158 22 20 20 24 22 61 66 20 22 67 118 39 21 60 49 30 30 43 31 21 30 42 36 30 22 732 69 21 24 29
leaf_count=158 22 20 20 24 22 61 66 20 22 67 118 39 21 60 49 30 30 43 31 21 30 42 36 30 22 732 69 21 24 29
internal_value=3.20194e-13 0.000959395 -2.08026e-05 5.84753e-06 -0.00122323 -1.79559e-05 -0.000319763 -0.000820275 -1.74127e-05 -0.00146893 0.000330469 0.001091 6.22945e-05 0.000169864 -0.000236754 0.00012092 0.000527347 0.00112252 -0.000831852 0.000242894 0.000132267 0.000182993 0.000741064 0.00128357 0.00235575 0.000100175 0.00061514 0.00202077 -0.00015569 -0.000626945
internal_weight=1979 42 1937 1895 42 1871 393 148 245 87 179 61 1478 1087 391 204 143 94 61 64 1066 1006 130 94 52 876 144 51 93 187
internal_count=1979 42 1937 1895 42 1871 393 148 245 87 179 61 1478 1087 391 204 143 94 61 64 1066 1006 130 94 52 876 144 51 93 187
is_linear=0
shrinkage=0.03


Tree=103
num_leaves=31
num_cat=0
split_feature=5 2 1 5 4 9 9 0 0 1 4 6 5 6 0 5 1 6 9 9 9 2 5 0 0 8 8 9 9 0
split_gain=0.0425779 0.13744 0.0561683 0.0448396 0.22162 0.0513386 0.0601895 0.0454927 0.0842284 0.078141 0.0611464 0.122584 0.0450514 0.0454897 0.0431593 0.0517466 0.0394696 0.0782022 0.154425 0.0383727 0.0488239 0.0398773 0.0381292 0.0380448 0.032562 0.0629254 0.0784998 0.077855 0.0420429 0.0702337
threshold=0.48243215995500294 0.39941752928167856 0.19108154717910811 0.25548383301046113 0.15484795994745651 0.049883758264755482 0.04344103780815909 0.09231323857145525 0.059892770834106941 0.14549211493666073 0.1096000251561985 71.718621821164902 0.15795606684376332 20.37234042553192 -1.0000000180025095e-35 0.33125470625560843 0.064754652706459984 58.258875149581179 0.033645926749482712 0.030784065261534582 0.047489943291374452 0.13970947495020117 0.048823848653154263 0.0085203074183056744 0.017938318324631778 1.3527358297302097 0.75255196920753764 0.024884777120394736 0.039878017894946986 0.007869969040247728
decision_type=2 2 2 2 2 2 2 2 2 2 2 2 2 2 2 2 2 2 2 2 2 2 2 2 2 2 2 2 2 2
left_child=1 3 -2 4 7 6 14 8 9 10 12 -12 13 -1 -5 -16 24 18 -18 21 -21 -14 -19 -24 28 26 -26 -28 -15 -30
right_child=2 -3 -4 5 -6 -7 -8 -9 -10 -11 11 -13 19 16 15 -17 17 22 -20 20 -22 -23 23 -25 25 -27 27 -29 29 -31
leaf_value=0.0013653146975633242 -0.00015648341759346253 0.0020748258276906766 -0.0020808499505510555 0.00068721081217518079 0.0031737847899785264 0.000860572088509798 -0.0019940861956482489 -0.0012728430721443145 0.0014944767602719366 -0.001713276421651244 0.0026040727039799093 -0.00025176714895473371 -0.00056024771314472528 -3.7136989928370835e-05 -0.00019509160215966403 -0.0020640206958632912 0.0026734250656921758 -0.0012370541137643159 -0.00057141479858811091 -0.0012361470511409846 0.00017652685002934548 0.00052184837424710129 -0.00053001046968767279 0.0010636658483001936 0.00016239586565781203 0.00079868180818656192 -0.00035815928324029362 -0.0019735494010616091 0.00023727277773494796 0.0021278800476076348
leaf_weight=23 43 29 20 24 20 20 28 25 34 24 24 31 65 865 40 20 33 20 22 76 31 58 26 28 74 35 58 50 112 21
leaf_count=23 43 29 20 24 20 20 28 25 34 24 24 31 65 865 40 20 33 20 22 76 31 58 26 28 74 35 58 50 112 21
internal_value=2.64074e-12 2.52327e-05 -0.000767393 -6.26611e-06 3.38404e-05 -0.0005395 -0.000789513 -2.35496e-06 1.62194e-05 -1.37691e-05 1.09211e-05 0.000994418 -2.29501e-05 4.24085e-05 -0.000387988 -0.000818068 1.97695e-05 0.000518707 0.00137549 -0.000411408 -0.000826868 -4.9991e-05 -0.000118091 0.00029634 -3.32041e-05 -0.000366265 -0.000590293 -0.00110603 3.9215e-05 0.00053579
internal_weight=1979 1916 63 1887 1755 132 112 1735 1710 1676 1652 55 1597 1367 84 60 1344 129 55 230 107 123 74 54 1215 217 182 108 998 133
internal_count=1979 1916 63 1887 1755 132 112 1735 1710 1676 1652 55 1597 1367 84 60 1344 129 55 230 107 123 74 54 1215 217 182 108 998 133
is_linear=0
shrinkage=0.03


Tree=104
num_leaves=31
num_cat=0
split_feature=9 2 5 6 2 5 2 6 9 0 0 5 1 6 9 2 5 5 9 8 2 5 8 3 5 5 6 9 9 5
split_gain=0.0416645 0.0532117 0.053822 0.0933656 0.0674174 0.0484508 0.0976846 0.07857 0.0659691 0.053801 0.117831 0.0457083 0.0855816 0.0456351 0.039068 0.075823 0.116462 0.266693 0.0781416 0.0975636 0.0766174 0.169284 0.0707365 0.0531803 0.0501838 0.0835341 0.0793866 0.0712653 0.124218 0.109637
threshold=0.059663773258629163 0.5496430889033096 0.4134632143734473 68.709430756159733 0.36684808217887105 0.18642551087439987 0.24745382294502918 57.822516897597609 0.04344103780815909 0.058194183864915601 0.09231323857145525 -0.102800231474715 -0.063537939260482609 27.554571338184129 0.034650804089397261 -0.073593668236525397 -0.0017014098400014996 -0.050160564623131558 0.032712336000452376 0.88257305080487536 0.029326316727891547 0.085356743140897487 0.92754614878692132 -0.030574504572442315 0.13164452278614805 0.040029539137272814 56.098901098901102 0.018776636004492153 0.020985020732670171 0.10196461175352912
decision_type=2 2 2 2 2 2 2 2 2 2 2 2 2 2 2 2 2 2 2 2 2 2 2 2 2 2 2 2 2 2
left_child=1 2 4 -4 5 6 9 -7 -9 11 -11 12 -1 -13 15 16 17 -15 20 -20 21 -17 -23 -22 25 -25 -26 29 -29 -27
right_child=-2 -3 3 -5 -6 7 -8 8 -10 10 -12 13 -14 14 -16 18 -18 -19 19 -21 23 22 -24 24 26 27 -28 28 -30 -31
leaf_value=0.0020716478724110252 -0.0013291629892773925 0.0012275653560936915 0.0002624083659611642 -0.0022341745178430126 0.0014317438518919516 0.00089249087289269813 0.0020469598558900712 -0.00034197247300677352 -0.0016551639432353632 0.0022053285413421689 -0.00068522093320180744 -0.00092090101145646144 2.6969240292412997e-05 -0.00047219074077226898 -0.00031505354608261487 -0.00017517683860875067 -0.00068660154608228509 0.0031922164377577314 -3.455071927562944e-05 0.0022540353738004339 0.0015308487617585341 -0.0034171613096259535 -0.0010089428294652505 -0.00046164026565504135 -0.0021243718068581076 0.0027182873889743803 -0.00010196286397884883 -0.001638010061131074 0.00059299723427367007 0.00017424653781927192
leaf_weight=27 21 32 28 26 30 38 22 191 42 30 22 51 58 33 291 324 31 39 38 30 24 21 23 97 20 31 138 26 165 30
leaf_count=27 21 32 28 26 30 38 22 191 42 30 22 51 58 33 291 324 31 39 38 30 24 21 23 97 20 31 138 26 165 30
internal_value=-8.06599e-13 1.42556e-05 -5.90326e-06 -0.00093965 2.10317e-05 -1.94402e-06 6.19593e-05 -0.000372395 -0.000578685 3.37669e-05 0.000982404 8.1495e-07 0.000676455 -3.98575e-05 -6.8426e-06 7.69793e-05 0.000850772 0.0015127 -5.44126e-06 0.00097512 -7.96105e-05 -0.000412292 -0.00215832 0.000150948 8.56276e-05 0.000286451 -0.000357964 0.000574407 0.0002893 0.00146712
internal_weight=1979 1958 1926 54 1872 1842 1571 271 233 1549 52 1497 85 1412 1361 1070 103 72 967 68 899 368 44 531 507 349 158 252 191 61
internal_count=1979 1958 1926 54 1872 1842 1571 271 233 1549 52 1497 85 1412 1361 1070 103 72 967 68 899 368 44 531 507 349 158 252 191 61
is_linear=0
shrinkage=0.03


Tree=105
num_leaves=31
num_cat=0
split_feature=1 4 7 7 6 5 7 4 2 3 9 7 1 3 5 3 7 5 2 2 1 2 5 2 1 3 3 6 4 5
split_gain=0.0403869 0.0935354 0.0427452 0.0685542 0.0713215 0.0550205 0.0418919 0.105798 0.107739 0.202061 0.0731834 0.0676383 0.0583031 0.0558917 0.0507254 0.0457475 0.105841 0.132773 0.0441697 0.066444 0.0547176 0.0363254 0.0554261 0.0359986 0.050016 0.0489846 0.0698777 0.0358054 0.0853912 0.200234
threshold=0.28185092619817714 0.26881607714569228 -0.43033673741546813 -0.40385724677167273 57.368637955903573 0.17469865937252774 0.075236517684014195 -0.098905246456421833 0.24745382294502918 0.0059692067715014794 0.0447716414121564 -0.22194586380615652 -0.094047474906836945 -0.059729658891815356 0.012033374747666527 0.050948044034159208 0.98471158500994593 0.19419778114080469 -0.076904593734353696 -0.097527005910727591 0.052105010738786824 0.23638833992094868 0.048823848653154263 0.18576446773041203 0.025455492592686649 0.032205473330448105 0.021335210788531182 33.678839957035457 -0.040962874832235534 -0.039327018520120875
decision_type=2 2 2 2 2 2 2 2 2 2 2 2 2 2 2 2 2 2 2 2 2 2 2 2 2 2 2 2 2 2
left_child=1 2 5 4 -4 -1 7 -5 27 -10 13 -11 -12 -8 -14 18 17 -17 19 -15 23 22 -22 25 -25 26 -20 -9 29 -29
right_child=-2 -3 3 6 -6 -7 10 8 9 11 12 -13 14 15 -16 16 -18 -19 20 -21 21 -23 -24 24 -26 -27 -28 28 -30 -31
leaf_value=-0.00021307346173032667 -0.0013412847071886062 0.0019588097216116942 0.0025300510413944722 0.0021095762576442212 -3.510109148919582e-06 -0.0016279263137839734 -0.0015297718077305364 -0.00071919297728891246 0.0033743360124528408 0.0015886574842297705 0.00055501924501731993 -0.0005480660991015611 -8.6549000589002386e-05 -2.3812336175767489e-05 -0.0017223905667788902 0.0033625265377174528 -0.000759742702357471 -1.0978790399219308e-05 -0.00012286764701313681 0.0020032172997228124 -0.0017657940907646779 -0.0018847153641815698 -5.5630484712310133e-05 -0.00021333683423498378 0.0018571917190482571 -0.001477589089719748 0.0016600090069446845 -0.001139315028420242 -4.3973937741534876e-05 0.0026871898752870039
leaf_weight=141 20 22 20 24 20 30 22 60 25 20 20 40 24 43 59 21 26 21 342 22 23 21 66 21 21 22 21 20 710 32
leaf_count=141 20 22 20 24 20 30 22 60 25 20 20 40 24 43 59 21 26 21 342 22 23 21 66 21 21 22 21 20 710 32
internal_value=2.05986e-12 1.36936e-05 -8.39861e-06 3.54547e-05 0.00126327 -0.000461293 7.00012e-06 0.000143576 9.15541e-05 0.00110834 -0.00015294 0.000164175 -0.000899008 -4.18922e-05 -0.00124938 6.96357e-06 0.000744547 0.00167577 -7.63515e-05 0.000662259 -0.000165755 -0.000762399 -0.000497583 -1.20528e-05 0.000821927 -0.000103032 -1.9726e-05 -1.3588e-05 4.19715e-05 0.00121546
internal_weight=1979 1959 1937 1766 40 171 1726 931 907 85 795 60 103 692 83 670 68 42 602 65 537 110 89 427 42 385 363 822 762 52
internal_count=1979 1959 1937 1766 40 171 1726 931 907 85 795 60 103 692 83 670 68 42 602 65 537 110 89 427 42 385 363 822 762 52
is_linear=0
shrinkage=0.03


Tree=106
num_leaves=31
num_cat=0
split_feature=5 2 1 5 4 9 9 1 4 0 0 1 4 9 0 5 5 4 9 2 1 4 2 9 9 9 1 9 5 0
split_gain=0.0409622 0.123952 0.0520387 0.0395679 0.204332 0.0470413 0.055313 0.0415831 0.193733 0.0516705 0.0868373 0.0705323 0.0578372 0.0827502 0.0390537 0.0480978 0.0324655 0.0478314 0.0571035 0.0421216 0.0325702 0.098452 0.0554743 0.105377 0.117357 0.157641 0.142912 0.0537851 0.0415798 0.0388485
threshold=0.48243215995500294 0.39941752928167856 0.19108154717910811 0.25548383301046113 0.15484795994745651 0.049883758264755482 0.04344103780815909 -0.10152449255941552 -0.098905246456421833 0.09231323857145525 0.059892770834106941 0.14549211493666073 0.1096000251561985 0.036597633248879498 -1.0000000180025095e-35 0.33125470625560843 0.16663751850763478 0.03032492431953349 0.030784065261534582 0.14544628878985891 -0.039721393487061434 -0.066916729499220548 -0.043894500169694921 0.021352957021287425 0.028759439491269873 0.025422139673677357 -0.004703585711095081 0.04222417709937118 -0.059932782827528945 0.021216787465608181
decision_type=2 2 2 2 2 2 2 2 2 2 2 2 2 2 2 2 2 2 2 2 2 2 2 2 2 2 2 2 2 2
left_child=1 3 -2 4 7 6 14 -1 -9 10 11 12 16 -14 -5 -16 20 -18 19 -19 29 -22 23 28 25 -25 -26 -28 -23 -10
right_child=2 -3 -4 5 -6 -7 -8 8 9 -11 -12 -13 13 -15 15 -17 17 18 -20 -21 21 22 -24 24 26 -27 27 -29 -30 -31
leaf_value=-0.00069806649212763216 -0.00016466847079437834 0.0019711754055179915 -0.0020169441477682994 0.00066230317390363774 0.0030474982105661184 0.00083412197604775418 -0.0019001388393475539 0.0026497137927683069 -0.00018115472360777902 -0.0014231958500433551 0.0015319391077553682 -0.0016369085723999888 7.7774838145290101e-05 0.0024967872791457923 -0.0001689798051047546 -0.0019708117357322406 0.00059670862111756032 -0.00082339452535961754 -0.0014603354205267832 0.00046165687825784759 -0.0019491441235212341 0.00022854995727539061 3.0137872771747515e-05 0.00096005998260807236 0.0019779398618265985 0.0041301749157719309 -0.0020495645797345787 7.7632580701585686e-05 -0.0017059218375943602 -0.0015083664840494747
leaf_weight=74 43 29 20 24 20 20 28 25 203 23 33 24 35 20 40 20 34 48 51 44 21 20 903 48 24 20 20 23 20 22
leaf_count=74 43 29 20 24 20 20 28 25 203 23 33 24 35 20 40 20 34 48 51 44 21 20 903 48 24 20 20 23 20 22
internal_value=1.02436e-12 2.47493e-05 -0.000752692 -5.16399e-06 3.25112e-05 -0.000506073 -0.000745393 -2.2437e-06 2.87562e-05 -1.12951e-05 8.83742e-06 -2.29742e-05 1.91939e-06 0.000957416 -0.000360478 -0.00076959 -3.30921e-05 -0.000414684 -0.000655155 -0.000208805 1.79213e-05 8.52468e-05 0.000124878 0.000613736 0.00101445 0.00189245 0.000123355 -0.000911761 -0.000738686 -0.000310927
internal_weight=1979 1916 63 1887 1755 132 112 1735 1661 1636 1613 1580 1556 55 84 60 1501 177 143 92 1324 1099 1078 175 135 68 67 43 40 225
internal_count=1979 1916 63 1887 1755 132 112 1735 1661 1636 1613 1580 1556 55 84 60 1501 177 143 92 1324 1099 1078 175 135 68 67 43 40 225
is_linear=0
shrinkage=0.03


Tree=107
num_leaves=31
num_cat=0
split_feature=6 9 4 6 4 5 4 4 4 6 0 5 6 6 9 4 0 0 5 1 5 3 3 5 7 7 6 9 0 5
split_gain=0.0394274 0.0663918 0.0620616 0.062321 0.0585563 0.121892 0.117135 0.0355815 0.171628 0.0749556 0.0553595 0.0326903 0.0795351 0.0663965 0.0646292 0.0541725 0.0481269 0.042466 0.0383774 0.0358783 0.0484345 0.0514144 0.052674 0.046673 0.0410276 0.111787 0.181656 0.170513 0.141418 0.0591229
threshold=87.760212447422859 0.028344313438426562 0.21753091218199852 77.994872907793734 0.15484795994745651 0.31238069662908435 0.14250170761421979 -0.11885780319867155 -0.098905246456421833 23.734910376783322 -0.063869007457190582 0.22837135710603776 54.783239729917341 61.133266548722965 0.030960297732354741 0.11300410990416355 0.056173674288992677 0.079414282656773985 0.29341391481563567 -0.041963829421199798 0.049944855632939829 -0.044617093628265207 -0.03269278701920552 -0.062165258003855965 -0.31535795751668877 -0.43033673741546813 57.368637955903573 0.024446188169023771 0.001516544117647012 0.098560881919946733
decision_type=2 2 2 2 2 2 2 2 2 2 2 2 2 2 2 2 2 2 2 2 2 2 2 2 2 2 2 2 2 2
left_child=2 -2 4 -4 6 -6 7 -1 -9 -10 -11 15 -13 -14 -15 16 19 -18 -16 20 23 -22 -23 -12 25 -21 27 -27 -29 -28
right_child=1 -3 3 -5 5 -7 -8 8 9 10 11 12 13 14 18 -17 17 -19 -20 24 21 22 -24 -25 -26 26 29 28 -30 -31
leaf_value=-0.00088113586501276586 -0.0003416165169328451 0.0020466178053439679 5.1665440667420618e-05 -0.0022621930109082973 0.0023781136007580373 -0.00029481175650075518 -0.0020243995677446947 0.0025433371879626065 -0.0016759768169595189 0.0013118822930444931 -0.0010129367960118024 -0.0021538072558385988 0.0012956522016421607 0.00072724634538947914 -0.0017367689368653703 0.0011958617960501994 0.0016341016311198471 -5.8958372210327074e-05 -0.00027868157083503318 -0.00033197679176131108 -0.0020156435872893778 0.00083742577682382297 -0.00088147355349707036 0.00039140506933006361 -5.131977971406158e-05 6.4171757549047469e-07 -0.0016388295328413898 0.0044750111874192955 0.001396071120598835 0.00045626591063208051
leaf_weight=40 20 22 20 22 28 34 26 24 24 29 28 21 23 27 33 35 30 24 32 108 25 21 68 89 993 30 22 25 29 27
leaf_count=40 20 22 20 22 28 34 26 24 24 29 28 21 23 27 33 35 30 24 32 108 25 21 68 89 993 30 22 25 29 27
internal_value=1.03404e-12 0.000909363 -1.97177e-05 -0.00116036 5.56289e-06 0.000912316 -2.51074e-05 3.65937e-06 2.36887e-05 -1.10053e-05 1.22404e-05 -1.00611e-05 -0.00045607 -0.000146048 -0.000506473 2.89718e-05 2.08493e-06 0.000881631 -0.00101894 -3.03352e-05 -0.000373474 -0.000813556 -0.000475891 5.53233e-05 3.38991e-05 0.000385029 0.00096726 0.00181405 0.00282151 -0.000484389
internal_weight=1979 42 1937 42 1895 62 1833 1807 1767 1743 1719 1690 136 115 92 1554 1519 54 65 1465 231 114 89 117 1234 241 133 84 54 49
internal_count=1979 42 1937 42 1895 62 1833 1807 1767 1743 1719 1690 136 115 92 1554 1519 54 65 1465 231 114 89 117 1234 241 133 84 54 49
is_linear=0
shrinkage=0.03


Tree=108
num_leaves=31
num_cat=0
split_feature=9 8 8 6 3 0 1 3 1 8 6 0 1 1 8 1 9 9 3 7 3 1 0 7 6 0 7 1 9 3
split_gain=0.0393701 0.0453985 0.0649685 0.10282 0.10361 0.109398 0.0604162 0.114179 0.0889282 0.0483682 0.0446772 0.0464415 0.0387646 0.0587127 0.0862412 0.0438427 0.0471716 0.0368978 0.0365776 0.0520785 0.0520559 0.0358911 0.0372347 0.126552 0.114491 0.065246 0.0562051 0.0476139 0.0403439 0.0290849
threshold=0.059663773258629163 0.81272988961931736 1.8508703691222912 25.362364375183279 0.060125714037574059 0.058194183864915601 0.09358468932587817 0.045826998586562924 0.12860944483650907 0.82951876394908042 23.734910376783322 0.026782054742482412 0.0041401479641416392 0.06774475524475522 0.72689775101397058 -0.076672920575359557 0.046321695696809155 0.026444937254086965 0.045826998586562924 0.13269376741982589 0.041522961960855372 0.14549211493666073 0.027179012427511088 0.60547134575830297 54.25396825396826 0.017938318324631778 0.89888400601532314 0.028475381773953704 0.024884777120394736 0.0090883203718850076
decision_type=2 2 2 2 2 2 2 2 2 2 2 2 2 2 2 2 2 2 2 2 2 2 2 2 2 2 2 2 2 2
left_child=1 10 3 -3 9 -6 7 17 -8 -5 -1 12 15 -14 -15 -12 -17 -4 20 -20 21 22 25 24 -24 26 -11 -26 -27 -13
right_child=-2 2 6 4 5 -7 8 -9 -10 18 11 29 13 14 -16 16 -18 -19 19 -21 -22 -23 23 -25 27 28 -28 -29 -30 -31
leaf_value=-0.0015200522919518074 -0.0012920473514324319 0.0023527108230628072 -0.0011504719915011753 0.0012938071594770259 0.00029805234214290975 0.0026140921182870383 -0.0024699260936015184 0.002018375274259597 -7.7414318341119539e-05 0.00018578201248799261 -0.00072808858542703085 -0.0016645396302919836 -0.0004741270549184607 -0.00030403687929113707 0.0021150710027930991 0.00014889104342886069 0.0012797555182682903 0.00036455690982225148 0.00017119985816461849 -0.0018301268527284263 0.0015345884537832303 -0.0011995580345392227 -0.0014393526393566922 0.0026944962562993166 0.0018568298378319012 -0.00033572097463362225 -0.0010070344442685477 0.00012112696800613775 -0.0018167316868901253 -0.00043454537416466572
leaf_weight=21 21 20 39 29 45 31 27 20 29 552 45 24 265 36 21 323 37 23 25 22 22 20 29 21 25 49 38 33 25 62
leaf_count=21 21 20 39 29 45 31 27 20 29 552 45 24 265 36 21 323 37 23 25 22 22 20 29 21 25 49 38 33 25 62
internal_value=-1.10868e-12 1.38575e-05 0.000138291 0.000223618 0.000179538 0.00124275 -0.00047137 4.73647e-05 -0.00123095 8.87464e-05 -0.000153844 -0.000118554 -4.05691e-05 -0.00028625 0.000587213 0.000154762 0.000265119 -0.000588445 4.81578e-05 -0.000765591 9.51433e-05 5.51587e-05 8.76643e-05 0.00060427 9.97323e-05 3.63817e-06 0.000108957 0.000869275 -0.000836062 -0.0007778
internal_weight=1979 1958 1124 986 966 76 138 82 56 890 834 813 727 322 57 405 360 62 861 47 814 792 772 108 87 664 590 58 74 86
internal_count=1979 1958 1124 986 966 76 138 82 56 890 834 813 727 322 57 405 360 62 861 47 814 792 772 108 87 664 590 58 74 86
is_linear=0
shrinkage=0.03


Tree=109
num_leaves=31
num_cat=0
split_feature=5 4 1 5 1 4 4 6 6 6 4 5 4 8 5 5 5 6 9 4 4 9 9 1 4 6 4 1 5 4
split_gain=0.0376479 0.110625 0.0498103 0.0351698 0.0792093 0.213098 0.0631942 0.0799138 0.0581537 0.0566516 0.0648859 0.125851 0.0801993 0.0443905 0.063222 0.0596496 0.0629069 0.157406 0.124869 0.041271 0.0572984 0.0742519 0.0711395 0.0514884 0.0495577 0.036352 0.0301435 0.0640953 0.0408674 0.0407589
threshold=0.48243215995500294 0.23271976271406883 0.19108154717910811 -0.077985740794959665 -0.069267908464507741 -0.13010286371217242 -0.018496906225513806 58.56032568467802 23.734910376783322 86.817279046673306 0.15484795994745651 0.31238069662908435 0.14250170761421979 0.43209997507328746 0.058979009696924496 -0.059932782827528945 -0.040788062972407273 42.434710871638877 0.025751445073890943 -0.090629358883831987 -0.039025493348270483 0.040210937526493455 0.03425257119690258 -0.049671802493217336 -0.033627086168460489 52.963125548726957 0.1096000251561985 0.051094405298589447 0.20139099170538913 0.10281904388994802
decision_type=2 2 2 2 2 2 2 2 2 2 2 2 2 2 2 2 2 2 2 2 2 2 2 2 2 2 2 2 2 2
left_child=1 3 -2 4 5 -1 -6 -8 -5 10 12 -12 13 14 25 -15 17 18 -17 -18 21 22 23 -21 -22 -10 29 -28 -29 -26
right_child=2 -3 -4 8 6 -7 7 -9 9 -11 11 -13 -14 15 -16 16 19 -19 -20 20 24 -23 -24 -25 26 -27 27 28 -30 -31
leaf_value=-0.0005464799804446687 -0.00014630363647674403 0.0021891569186534197 -0.0019584858810994775 -0.0015369517117252815 -0.00059225256423815146 0.0037804305036552252 0.0022937692073173822 -0.00020821253924320141 0.001157189996447414 -0.0015309852514077316 0.0023248171070590611 -0.0005572273775003851 -0.0017542246700031682 -0.001030726370828115 -0.0012482638201741423 0.00051633682547380091 -0.0013339402423007414 -0.00059953105219544029 0.0036777325203663416 0.0017901654086179201 -0.0012611683507150573 0.0023307053398873125 -0.0012153893834911287 -0.00014142547855558601 9.435748523135876e-06 -0.00062992690969258542 0.0019173842972225468 -0.0010456066830083727 0.00071715647448054995 -0.0010298407546610437
leaf_weight=21 43 21 20 23 64 20 20 27 21 22 30 25 24 46 59 23 20 36 22 27 28 21 20 23 1146 20 23 20 29 35
leaf_count=21 43 21 20 23 64 20 20 27 21 22 30 25 24 46 59 23 20 36 22 27 28 21 20 23 1146 20 23 20 29 35
internal_value=-3.51182e-12 2.37269e-05 -0.0007216 -2.69936e-07 0.000437382 0.00156421 2.11665e-05 0.000856461 -3.84358e-05 -1.83975e-05 1.20025e-06 0.0010148 -3.27303e-05 -7.21088e-06 -0.000619451 3.30946e-05 6.63164e-05 0.000879046 0.00206191 1.9024e-05 3.87465e-05 0.00076614 0.00029677 0.000901634 -1.29263e-05 0.000285426 1.49674e-05 0.000610906 -2.33869e-06 -2.13641e-05
internal_weight=1979 1916 63 1895 152 41 111 47 1743 1720 1698 55 1643 1619 100 1519 1473 81 45 1392 1372 91 70 50 1281 41 1253 72 49 1181
internal_count=1979 1916 63 1895 152 41 111 47 1743 1720 1698 55 1643 1619 100 1519 1473 81 45 1392 1372 91 70 50 1281 41 1253 72 49 1181
is_linear=0
shrinkage=0.03


Tree=110
num_leaves=31
num_cat=0
split_feature=6 9 8 8 7 6 7 2 7 2 5 3 3 0 0 8 5 2 5 0 2 3 8 0 0 9 9 7 2 5
split_gain=0.0384929 0.0606691 0.054051 0.0653066 0.0659245 0.0644921 0.0458552 0.0722536 0.0638425 0.0536818 0.160693 0.070141 0.0444512 0.043634 0.089203 0.0701108 0.0546637 0.0328747 0.0461617 0.0338799 0.0329276 0.0296975 0.0328093 0.0593545 0.0473015 0.0420885 0.0368312 0.0308466 0.0346789 0.111489
threshold=87.760212447422859 0.028344313438426562 1.915845702081213 2.1657085105182188 0.80405522717174849 20.37234042553192 -0.43033673741546813 0.22800541271989175 -0.40385724677167273 0.29532921249583372 0.33125470625560843 0.022305167320503142 0.060125714037574059 0.053531437378091414 0.079414282656773985 1.1406050473993938 0.35767842657335708 -0.018781305441823156 0.10007320178922031 0.0094323735200849707 -0.069312288251256446 -0.069124451844052456 1.6599866352613899 0.031548170063952503 0.035208944281524886 0.052261383887176681 0.025304057079850211 0.86696771438884301 -0.042736895509997035 -0.050160564623131558
decision_type=2 2 2 2 2 2 2 2 2 2 2 2 2 2 2 2 2 2 2 2 2 2 2 2 2 2 2 2 2 2
left_child=2 -2 5 -4 -5 -1 7 17 -8 13 -11 -12 -6 16 15 -15 21 20 19 -19 -7 -10 23 25 -25 27 -24 28 29 -23
right_child=1 -3 3 4 12 6 8 -9 9 10 11 -13 -14 14 -16 -17 -18 18 -20 -21 -22 22 26 24 -26 -27 -28 -29 -30 -31
leaf_value=0.0016728761901945938 -0.00029732753784628585 0.0019856582806360994 -0.0017790966385721483 0.00083478623249737369 -0.00012054327205179205 -0.00022577047989310312 0.00124858433380723 -0.0021164802634822469 -0.0009094968980506939 0.0030301125873146316 0.001459168906855796 -0.00063328505235562182 -0.0019865576326847075 0.00032229302683845163 -0.00068013674088288089 0.002804173683564711 -0.0015405095101926815 0.0012461859526742688 -0.00063114182837307456 -0.00030990472272969782 -0.0018080570348538458 -0.00043582679708893207 -9.7423990373499687e-05 -0.0017093428146214254 -0.00030772233418247192 0.0011298950562486426 0.0017014325200580059 -0.00079673190748719711 -5.7313464185124506e-05 0.00093331850825279612
leaf_weight=21 20 22 33 33 27 29 39 21 34 21 21 46 20 20 25 21 22 34 45 20 20 92 20 31 72 30 21 43 948 128
leaf_count=21 20 22 33 33 27 29 39 21 34 21 21 46 20 20 25 21 22 34 45 20 20 92 20 31 72 30 21 43 948 128
internal_value=1.64975e-12 0.000898522 -1.94827e-05 -0.000656178 -0.000192973 1.99617e-05 7.09782e-07 -0.000469726 4.93656e-05 2.00431e-05 0.00074027 2.25587e-05 -0.000914592 -2.2014e-05 0.000732274 0.0015935 -5.65616e-05 -0.000236065 7.84934e-05 0.000669856 -0.000871602 -3.35546e-05 -1.20513e-05 -3.75541e-05 -0.000729569 1.98815e-05 0.000823942 -7.61679e-06 2.14345e-05 0.000360767
internal_weight=1979 42 1937 113 80 1824 1803 169 1634 1595 88 67 47 1507 66 41 1441 148 99 54 49 1419 1385 1344 103 1241 41 1211 1168 220
internal_count=1979 42 1937 113 80 1824 1803 169 1634 1595 88 67 47 1507 66 41 1441 148 99 54 49 1419 1385 1344 103 1241 41 1211 1168 220
is_linear=0
shrinkage=0.03


Tree=111
num_leaves=31
num_cat=0
split_feature=9 2 5 6 4 5 9 2 6 4 4 6 2 9 6 6 9 8 6 9 2 2 5 8 5 3 4 2 5 5
split_gain=0.0365045 0.0475197 0.0452059 0.0857066 0.0607257 0.0392208 0.0583477 0.156671 0.0535593 0.0519097 0.0890122 0.042221 0.039597 0.0274111 0.0578753 0.0553447 0.193044 0.175583 0.055299 0.0508276 0.0947074 0.0694209 0.173726 0.0619088 0.0577343 0.0976663 0.064584 0.052858 0.0600183 0.124425
threshold=0.059663773258629163 0.5496430889033096 0.4134632143734473 68.709430756159733 0.20351458381447632 -0.102800231474715 0.023996326200353583 -0.17912212412677816 86.817279046673306 0.15484795994745651 0.14250170761421979 27.554571338184129 0.29532921249583372 0.03425257119690258 64.5138888888889 40.141369047619058 0.026444937254086965 0.95969115122099635 36.863675582398635 0.032712336000452376 0.034711268839817795 0.029326316727891547 0.077497756255573771 0.92754614878692132 0.016202726586180275 0.010725626139786117 -0.013674352897910911 0.06870132580542411 0.05194595603988595 0.10196461175352912
decision_type=2 2 2 2 2 2 2 2 2 2 2 2 2 2 2 2 2 2 2 2 2 2 2 2 2 2 2 2 2 2
left_child=1 2 4 -4 5 6 -1 -8 9 10 11 -7 13 15 18 16 -13 -18 -15 21 -21 22 24 -24 -17 26 -26 28 -23 -30
right_child=-2 -3 3 -5 -6 8 7 -9 -10 -11 -12 12 -14 14 -16 19 17 -19 -20 20 -22 27 23 -25 25 -27 -28 -29 29 -31
leaf_value=-0.00022863372715073638 -0.0012441365567792673 0.0011599246539117302 0.00029024387061196781 -0.0021017476696019561 0.0015183177607832477 -0.00086055765887174532 -0.00032118605193682013 0.0031096718115377767 -0.0015023410566341641 0.0011479116234627059 -0.0018896020775276193 -6.7126858026175847e-05 0.0012519745318138079 -0.0010362746814549294 -0.0010641306744207108 -0.00042003072134497003 0.00048669952338307413 0.0043705300271976739 7.7474303420293472e-05 0.0025181316775269805 8.8934532809966733e-05 -0.00023822729716260657 -0.0029766211428472562 -0.00096327815516685531 0.0008974044402846349 0.001722600815507273 -0.0010647888151773561 -5.8543579030183845e-05 0.0017774241731588162 -7.4359965041249749e-05
leaf_weight=40 21 32 28 26 24 51 25 23 22 34 23 106 23 46 61 186 22 20 314 20 52 61 27 28 26 36 36 435 69 62
leaf_count=40 21 32 28 26 24 51 25 23 22 34 23 106 23 46 61 186 22 20 314 20 52 61 27 28 26 36 36 435 69 62
internal_value=2.46967e-12 1.33437e-05 -5.7065e-06 -0.000861456 1.89786e-05 -4.93361e-07 0.000617585 0.00132277 -3.13973e-05 -1.27777e-05 -3.5937e-05 -1.05746e-05 1.602e-05 -1.66945e-06 -0.000209629 7.21508e-05 0.000614882 0.00233614 -6.48381e-05 -5.23282e-06 0.000763712 -6.25454e-05 -0.000408415 -0.00195165 -0.000109549 0.000479732 -0.000241934 0.000124456 0.000539063 0.000901007
internal_weight=1979 1958 1926 54 1872 1848 88 48 1760 1738 1704 1681 1630 1607 421 1186 148 42 360 1038 72 966 339 55 284 98 62 627 192 131
internal_count=1979 1958 1926 54 1872 1848 88 48 1760 1738 1704 1681 1630 1607 421 1186 148 42 360 1038 72 966 339 55 284 98 62 627 192 131
is_linear=0
shrinkage=0.03


Tree=112
num_leaves=31
num_cat=0
split_feature=1 4 2 5 4 5 4 4 1 4 6 2 4 1 4 7 2 7 4 5 1 7 5 1 1 1 3 7 3 7
split_gain=0.0378782 0.082347 0.0392666 0.0627123 0.0751557 0.201726 0.111631 0.055211 0.0373126 0.1666 0.0664437 0.0333978 0.0343394 0.0467803 0.034369 0.0425682 0.0437573 0.0409452 0.0310973 0.0402582 0.0735902 0.143505 0.124666 0.0574718 0.0418818 0.0569204 0.0331013 0.152954 0.0612803 0.0310404
threshold=0.28185092619817714 0.26881607714569228 0.46320706300911046 0.35767842657335708 0.15484795994745651 0.26981639188701539 0.14250170761421979 0.13360744114703929 -0.10152449255941552 -0.098905246456421833 23.734910376783322 0.29532921249583372 0.12040022802883311 0.12860944483650907 0.089960054339990672 0.060749696877860034 0.1509125211766518 -0.19332212883269664 0.080045409828292127 0.14496988897841015 0.05442186944674799 -0.31845096430127651 -0.022021851189710891 0.046492300010511974 0.048596585010613709 0.03446125058474981 0.028205980954671087 0.45425375885109759 0.02169093755574392 0.35246734247758399
decision_type=2 2 2 2 2 2 2 2 2 2 2 2 2 2 2 2 2 2 2 2 2 2 2 2 2 2 2 2 2 2
left_child=1 2 3 4 6 -6 8 -5 -1 -10 -11 12 13 14 18 17 -17 -16 19 20 23 -22 -23 26 25 -21 28 -28 -12 -24
right_child=-2 -3 -4 7 5 -7 -8 -9 9 10 11 -13 -14 -15 15 16 -18 -19 -20 24 21 22 29 -25 -26 -27 27 -29 -30 -31
leaf_value=-0.00065289867277307484 -0.0012989577935077249 0.001838339177933945 0.0013149366629077121 -6.3407807465409855e-05 0.0033689557042505059 -0.00065722052240744231 -0.0021434672610220412 -0.0018256836687214671 0.0024662060097791253 -0.0015680957530275917 4.8991454059072533e-05 0.0011569968886349512 -0.00095213438976894714 0.0011990418517962098 -0.0006618030069818671 -0.0021149922006721182 -0.0004337941213069778 0.00075007019579061303 0.00069230994144163559 -0.00035578625294793812 0.0031094191668089477 -0.0017292049473949839 0.00050402630361375109 -0.0011552865254437878 -0.001006774921968047 0.0011091247538168882 -0.0017955982708057539 0.0014606936713680624 0.0014739112364726939 0.0018274680914526634
leaf_weight=74 20 22 20 32 21 24 22 32 25 24 909 23 33 30 38 22 38 36 64 135 20 21 58 37 63 29 37 20 28 22
leaf_count=74 20 22 20 32 21 24 22 32 25 24 909 23 33 30 38 22 38 36 64 135 20 21 58 37 63 29 37 20 28 22
internal_value=-3.98207e-12 1.32614e-05 -7.46738e-06 -2.1264e-05 1.06249e-05 0.00122166 -1.95171e-05 -0.000944546 6.64579e-06 3.51541e-05 -8.7212e-07 2.17457e-05 5.82445e-06 2.54963e-05 3.17139e-06 -0.000456418 -0.00105023 2.50542e-05 4.58498e-05 1.58473e-05 8.7801e-05 0.00078771 0.000327966 5.65847e-06 -0.00034931 -9.67471e-05 4.88727e-05 -0.00065304 9.15718e-05 0.000867973
internal_weight=1979 1959 1937 1917 1853 45 1808 64 1786 1712 1687 1663 1640 1607 1577 134 60 74 1443 1379 1152 121 101 1031 227 164 994 57 937 80
internal_count=1979 1959 1937 1917 1853 45 1808 64 1786 1712 1687 1663 1640 1607 1577 134 60 74 1443 1379 1152 121 101 1031 227 164 994 57 937 80
is_linear=0
shrinkage=0.03


Tree=113
num_leaves=31
num_cat=0
split_feature=6 4 6 1 4 5 4 6 4 8 5 4 1 8 7 5 4 6 9 9 1 8 7 9 1 4 4 3 1 3
split_gain=0.037107 0.0598608 0.0575728 0.0568762 0.0464024 0.0976292 0.0905254 0.0331297 0.0386044 0.0378358 0.0683455 0.045572 0.0357641 0.0583152 0.033195 0.0317156 0.0652436 0.0524887 0.056333 0.0597219 0.0385258 0.0469006 0.0782003 0.0550647 0.0461078 0.0425868 0.0482586 0.0974411 0.108126 0.0715117
threshold=87.760212447422859 0.21753091218199852 77.994872907793734 0.09922040120137933 0.15484795994745651 0.31238069662908435 0.14250170761421979 20.37234042553192 -0.090629358883831987 0.43209997507328746 0.058979009696924496 0.0049151868135508545 -0.091084365505959317 0.94682167303262987 -0.1295457883759715 0.22837135710603776 0.11300410990416355 54.783239729917341 0.047898669812329743 0.03738894669547186 -0.041963829421199798 1.1274821170409892 -0.23442920492003069 0.031774094411758776 -0.069267908464507741 -0.064675713451162506 -0.015376194050293777 0.022804359011428302 0.026075796595187665 -0.01641936520774356
decision_type=2 2 2 2 2 2 2 2 2 2 2 2 2 2 2 2 2 2 2 2 2 2 2 2 2 2 2 2 2 2
left_child=1 4 -3 -2 6 -6 7 -1 -9 10 11 -10 13 -11 -12 16 20 -17 19 -19 21 22 -14 -24 -23 -22 27 28 29 -27
right_child=3 2 -4 -5 5 -7 -8 8 9 12 14 -13 15 -15 -16 17 -18 18 -20 -21 25 24 23 -25 -26 26 -28 -29 -30 -31
leaf_value=0.0011108732406864875 -0.00017040724993090737 2.5574911152943967e-05 -0.0021983911901373755 0.0020400646990165116 0.0021247080624951713 -0.00026744261853951578 -0.0017791927262889938 -0.00071767344146032137 0.0014216578144405502 -0.00016345635652542114 -0.00058373979257885368 -0.00049962521642446512 -0.00097352478333050379 0.0019068499121931383 -0.0019988881081091955 -0.0017971666769257613 0.0013861957886679606 -2.9308397982579961e-05 0.0012359244323202543 -0.0018448912830684673 -0.0012095154100097716 7.72096804046834e-05 0.0012805993328152527 -0.00034859720448201354 -0.0016252436785299967 0.0015870005634876533 3.1209659398207564e-05 0.0025189878801174926 -0.0016615759225731546 0.00021607210244240635
leaf_weight=24 22 20 22 20 28 34 26 67 20 25 35 25 48 24 26 21 33 63 21 22 22 22 43 33 41 46 970 20 22 134
leaf_count=24 22 20 22 20 28 34 26 67 20 25 35 25 48 24 26 21 33 63 21 22 22 22 43 33 41 46 970 20 22 134
internal_value=-4.47698e-13 -1.91287e-05 -0.00113936 0.000882198 5.69962e-06 0.000812883 -2.16028e-05 3.68622e-06 -1.1217e-05 1.63661e-05 -0.000532636 0.000354278 5.25116e-05 0.000850571 -0.00118692 2.74604e-05 6.77028e-05 -0.00042693 -0.000155468 -0.000499224 3.66462e-05 -0.00036419 -2.55413e-05 0.000573185 -0.00103074 9.83895e-05 0.000122529 0.000521535 0.000323767 0.00056642
internal_weight=1979 1937 42 42 1895 62 1833 1807 1783 1716 106 45 1610 49 61 1561 1434 127 106 85 1401 187 124 76 63 1214 1192 222 202 180
internal_count=1979 1937 42 42 1895 62 1833 1807 1783 1716 106 45 1610 49 61 1561 1434 127 106 85 1401 187 124 76 63 1214 1192 222 202 180
is_linear=0
shrinkage=0.03


Tree=114
num_leaves=31
num_cat=0
split_feature=9 2 5 6 4 5 1 4 9 6 6 4 4 2 4 4 2 8 1 9 1 4 5 6 2 4 1 2 8 2
split_gain=0.0368402 0.0427141 0.0393252 0.0796117 0.0556603 0.0377452 0.068994 0.189893 0.0621256 0.0538917 0.0507261 0.0416659 0.07433 0.0365261 0.0365234 0.0334768 0.0336235 0.0778797 0.0818664 0.0756161 0.057299 0.0560791 0.0361274 0.0500762 0.0348324 0.0353331 0.0590119 0.0312796 0.0295818 0.117569
threshold=0.059663773258629163 0.5496430889033096 0.4134632143734473 68.709430756159733 0.20351458381447632 -0.077985740794959665 -0.069267908464507741 -0.13010286371217242 0.035842223953902193 23.734910376783322 86.817279046673306 0.15484795994745651 0.14250170761421979 0.29532921249583372 -0.05750026774076427 -0.090629358883831987 -0.069312288251256446 0.72164339749312767 -0.020756745666892003 0.052261383887176681 0.12860944483650907 -0.069244998469515859 0.045277673542060699 39.927536231884062 -0.060916519591681088 0.10281904388994802 0.095297539117234834 -0.097527005910727591 1.8764155641489613 0.039485797370519722
decision_type=2 2 2 2 2 2 2 2 2 2 2 2 2 2 2 2 2 2 2 2 2 2 2 2 2 2 2 2 2 2
left_child=1 2 4 -4 5 6 7 -1 14 -7 11 12 13 15 -8 -11 17 22 21 20 24 -19 23 -17 -18 28 -27 -20 -26 -30
right_child=-2 -3 3 -5 -6 9 8 -9 -10 10 -12 -13 -14 -15 -16 16 19 18 27 -21 -22 -23 -24 -25 25 26 -28 -29 29 -31
leaf_value=-0.00048552387144549613 -0.0012498438867208149 0.0011004655484794057 0.00030718649537967785 -0.001998184719481147 0.0014538118557538837 -0.0014820282176420416 -0.0014262863641072597 0.0035990126116666942 0.0013885539725743 -0.001062989335203181 -0.0014510372194292192 0.0010384069259881095 -0.0017160632348943339 0.0011885010856001273 3.3860302947718518e-05 -0.00092104272950174553 -0.0012388096610084177 0.0011761878584299913 0.001142255767568713 0.0013989705755375326 0.0011783340760302963 -0.00099119131867025445 -0.0014165168444160371 0.0011270520717582917 -8.0057242560043417e-05 -0.00019310847054132156 -0.0020673050957598854 0.0028000054861019763 0.0024783151686424386 -0.00035077254502819132
leaf_weight=21 21 32 28 26 24 23 21 20 24 27 22 34 23 23 58 21 24 22 20 32 32 21 20 22 1183 54 21 21 20 39
leaf_count=21 21 32 28 26 24 23 21 20 24 27 22 34 23 23 58 21 24 22 20 32 32 21 20 22 1183 54 21 21 20 39
internal_value=9.37722e-13 1.34049e-05 -4.65637e-06 -0.000802807 1.83672e-05 -2.74934e-07 0.000466121 0.00150693 5.18173e-05 -3.96887e-05 -1.99541e-05 -9.76516e-07 -2.27236e-05 1.58775e-06 -0.00035428 -1.5701e-05 2.51853e-06 0.000434213 0.00103222 -4.2648e-05 -7.62473e-05 0.0001177 -0.000363128 0.00012682 -0.000106185 -8.5545e-05 -0.000717884 0.00199135 -4.73603e-05 0.00060824
internal_weight=1979 1958 1926 54 1872 1848 144 41 103 1704 1681 1659 1625 1602 79 1579 1552 147 84 1405 1373 43 63 43 1341 1317 75 41 1242 59
internal_count=1979 1958 1926 54 1872 1848 144 41 103 1704 1681 1659 1625 1602 79 1579 1552 147 84 1405 1373 43 63 43 1341 1317 75 41 1242 59
is_linear=0
shrinkage=0.03


Tree=115
num_leaves=31
num_cat=0
split_feature=1 4 2 6 4 7 7 9 2 0 3 0 0 2 2 9 4 4 1 0 1 3 1 2 6 1 9 9 4 7
split_gain=0.0368567 0.0755282 0.0376423 0.0335903 0.0329725 0.0340907 0.0639633 0.0550569 0.0321486 0.0315101 0.0331192 0.0355257 0.0313229 0.0299562 0.038317 0.0338578 0.0248668 0.0604128 0.0663626 0.0726387 0.0660893 0.0614888 0.0533318 0.0513595 0.0413205 0.0411606 0.0367439 0.10116 0.0641969 0.0435373
threshold=0.28185092619817714 0.26881607714569228 0.46320706300911046 20.37234042553192 -0.090629358883831987 -0.43033673741546813 -0.40385724677167273 0.024705498984083019 -0.19537668905363861 -0.063869007457190582 -0.044617093628265207 -0.042745947714907577 0.012360958318054062 0.21116884038339981 -0.018781305441823156 0.032712336000452376 -0.01653368371375746 -0.0058793802101408379 -0.033397068196303441 -0.018278761554738839 -0.025941742890310811 0.01236325578270925 0.038796904457824029 -0.064189528230731027 60.834057881008583 0.0091791430771427391 0.045202141561819807 0.041745198999884478 0.11476857114426543 -0.11053705500915977
decision_type=2 2 2 2 2 2 2 2 2 2 2 2 2 2 2 2 2 2 2 2 2 2 2 2 2 2 2 2 2 2
left_child=1 2 3 -1 8 7 -7 12 -5 -8 11 -11 -6 14 -9 -16 22 21 19 -19 -20 -18 25 -22 -21 -12 27 -25 -29 -28
right_child=-2 -3 -4 4 5 6 9 13 -10 10 16 -13 -14 -15 15 -17 17 18 20 24 23 -23 -24 26 -26 -27 29 28 -30 -31
leaf_value=0.0010950086050434038 -0.0012813230836763979 0.00176096350250935 0.0012879936665558488 8.7511495429290714e-05 0.00080631063773149725 0.0012463093220599387 0.00098126092508178339 -0.0014576526078122569 -0.0012448687300694963 -0.0016799168106676502 0.0002722405856158112 -4.1911857954871195e-05 -0.00059637806115105097 -0.0018749419732817581 -0.00090718201968980868 0.0006877326730638742 -0.00031612294114893299 0.002278611368459204 -0.0017165683628991247 -0.00052614515137975107 0.0014888974973000584 -0.0019744749030926162 0.0017427481650374829 -5.7080846038324172e-05 0.0011899689281278329 -0.00080887268548394779 0.00023593526587567548 0.00028362009976990523 0.0026873096522467676 -0.0011377773236017673
leaf_weight=24 20 22 20 28 38 38 29 29 39 22 265 26 23 21 23 25 79 23 21 28 20 27 20 881 23 36 33 20 20 56
leaf_count=24 20 22 20 28 38 38 29 29 39 22 265 26 23 21 23 25 79 23 21 28 20 27 20 881 23 36 33 20 20 56
internal_value=-4.99813e-13 1.30814e-05 -6.77064e-06 -2.02789e-05 -3.44188e-05 -1.04355e-05 2.95976e-05 -0.000430154 -0.000688053 1.21514e-06 -1.65482e-05 -0.000792664 0.000277428 -0.000870588 -0.000596673 -7.64973e-05 7.45539e-06 -5.38656e-05 1.06453e-05 0.00087899 -5.04941e-05 -0.000738533 0.000242615 -1.65256e-05 0.000247789 0.000142938 -4.63359e-05 9.91354e-06 0.00148546 -0.000628423
internal_weight=1979 1959 1937 1917 1893 1826 1667 159 67 1629 1600 48 61 98 77 48 1552 1231 1125 74 1051 106 321 1030 51 301 1010 921 40 89
internal_count=1979 1959 1937 1917 1893 1826 1667 159 67 1629 1600 48 61 98 77 48 1552 1231 1125 74 1051 106 321 1030 51 301 1010 921 40 89
is_linear=0
shrinkage=0.03


Tree=116
num_leaves=31
num_cat=0
split_feature=6 4 6 9 4 5 4 8 8 1 7 7 9 8 9 0 5 9 9 9 9 1 4 6 7 5 8 7 8 0
split_gain=0.0353792 0.0587797 0.0537533 0.0518016 0.0405041 0.0898024 0.0808355 0.0303024 0.0523519 0.0425677 0.0489134 0.13338 0.042564 0.0598454 0.0537781 0.0473385 0.120705 0.0459115 0.0456292 0.0973269 0.134772 0.0907607 0.0603007 0.0445407 0.0432869 0.0789123 0.0643547 0.0796383 0.048215 0.0454551
threshold=87.760212447422859 0.21753091218199852 77.994872907793734 0.028344313438426562 0.15484795994745651 0.31238069662908435 0.14250170761421979 0.81272988961931736 0.78099473216143955 0.0041401479641416392 -0.30682673219215029 -0.33894788253517644 0.017117506110269607 0.98910432994584541 0.013927235976156948 -0.025498024157092177 -0.099455256383074661 0.016165830739815552 0.049678851441039701 0.040210937526493455 0.045594873608079088 0.12860944483650907 0.097488566059224194 71.555061591182735 -0.089744229395940497 0.11320453985386238 1.1508644476781105 -0.39296243683352061 1.8764155641489613 0.043705426356589146
decision_type=2 2 2 2 2 2 2 2 2 2 2 2 2 2 2 2 2 2 2 2 2 2 2 2 2 2 2 2 2 2
left_child=1 4 -3 -2 6 -6 7 8 9 -1 11 -11 13 -9 -15 -14 -17 -16 19 21 -21 22 24 -24 25 26 27 -18 29 -26
right_child=3 2 -4 -5 5 -7 -8 12 -10 10 -12 -13 15 14 17 16 18 -19 -20 20 -22 -23 23 -25 28 -27 -28 -29 -30 -31
leaf_value=0.00012869349623029279 -0.00024359104607719925 -3.1177187338471413e-06 -0.0021520466042089866 0.0018659661727195435 0.0020182066911365835 -0.00027605293825378309 -0.0016804448167945687 0.00068068093421649845 -0.0009686136474427317 -0.00035337691281456496 -0.00057268699958216713 0.0023515949388300734 -0.00022039901484980143 0.0001826174178859219 -0.0021550066685304043 0.0024009807150287086 0.0021945547735642483 -0.00049528160784393553 -0.00083547899006482425 0.0032443903305608294 -3.2826087629908451e-06 0.0020740615043376405 -0.0017468011294840835 -0.00017954637597808066 0.00042013437360003406 -0.0012951020573798034 -0.00097265569700135128 2.4521365490121147e-05 0.0015485179614681268 -0.00089303169166669242
leaf_weight=441 20 20 22 22 28 34 26 34 62 75 221 21 194 33 30 24 23 30 34 23 23 22 24 51 271 42 27 45 31 26
leaf_count=441 20 20 22 22 28 34 26 34 62 75 221 21 194 33 30 24 23 30 34 23 23 22 24 51 271 42 27 45 31 26
internal_value=-8.06275e-14 -1.86781e-05 -0.00112875 0.000861415 5.92504e-06 0.000760064 -1.95832e-05 4.31407e-06 -0.000130468 -6.19126e-05 -0.000327078 0.000238336 0.000116291 -0.000396371 -0.000790132 0.000191998 0.000312126 -0.00132514 0.000234038 0.000293846 0.00162055 0.000185255 0.000108303 -0.000681068 0.000235621 -0.000212246 0.00026649 0.000758503 0.000422688 0.000305177
internal_weight=1979 1937 42 42 1895 62 1833 1807 820 758 317 96 987 127 93 860 666 60 642 608 46 562 540 75 465 137 95 68 328 297
internal_count=1979 1937 42 42 1895 62 1833 1807 820 758 317 96 987 127 93 860 666 60 642 608 46 562 540 75 465 137 95 68 328 297
is_linear=0
shrinkage=0.03


Tree=117
num_leaves=31
num_cat=0
split_feature=8 6 2 5 8 7 1 5 4 8 7 7 2 8 8 8 9 4 1 2 5 2 9 5 5 9 6 1 1 2
split_gain=0.0365352 0.0561426 0.0540214 0.109339 0.053433 0.0687501 0.0486864 0.0476051 0.113633 0.0525505 0.0676687 0.0624933 0.0574739 0.068389 0.038226 0.0333505 0.0356241 0.0305021 0.0317283 0.0270146 0.0230034 0.0369219 0.0366934 0.148814 0.0532239 0.0498112 0.0457485 0.165646 0.088456 0.0718343
threshold=1.915845702081213 20.37234042553192 0.46320706300911046 0.64120099783527407 2.1657085105182188 0.80405522717174849 0.09358468932587817 0.20721051133530391 0.13028420626710693 1.1568341520818446 0.1218569255866896 -0.075665726199334246 0.1984178930966605 1.2576000627017001 0.99827187851368393 0.86108560267058465 0.04344103780815909 -0.090629358883831987 0.11713872916849356 -0.19537668905363861 0.16663751850763478 0.18280841056504529 0.040210937526493455 0.12626255907969733 -0.046822489201528088 0.036597633248879498 40.141369047619058 0.026655007378143417 -0.049671802493217336 0.026251184425876487
decision_type=2 2 2 2 2 2 2 2 2 2 2 2 2 2 2 2 2 2 2 2 2 2 2 2 2 2 2 2 2 2
left_child=1 -1 7 -4 -2 -6 -7 8 17 10 11 14 -11 -14 15 16 -9 19 20 -3 21 22 25 24 -24 26 27 28 -19 -28
right_child=4 2 3 -5 5 6 -8 9 -10 12 -12 -13 13 -15 -16 -17 -18 18 -20 -21 -22 -23 23 -25 -26 -27 29 -29 -30 -31
leaf_value=0.0015749870856026453 -0.0014944317929579741 0.0001207943134009838 0.0022709444548106852 -0.00061532847832755308 0.00091623918166650194 -3.9314121441466024e-05 -0.0019633316319377626 -0.00014398245483284377 0.0022965731732547279 -0.00097996533955447369 -0.0018598651831174115 0.00071427658196840003 0.0021586937522515654 -1.8695460103854938e-05 -0.0019507213295437396 0.00050593523202802646 -0.0017324951407499611 0.0015949894299264998 0.00098214099671167787 -0.0011629065418189081 -0.000345700052893436 0.00071649842786231403 0.0010589445609075483 0.0023971034034058962 -0.00042277269021724352 -0.00089559981452399173 -0.00039956561258347581 0.0030245241452939806 -0.00021355036617700705 0.00015923739868418225
leaf_weight=21 35 25 27 21 35 29 20 27 20 25 36 34 20 37 20 22 24 30 32 36 135 74 30 29 80 57 358 20 129 491
leaf_count=21 35 25 27 21 35 29 20 27 20 25 36 34 20 37 20 22 24 30 32 36 135 74 30 29 80 57 358 20 129 491
internal_value=8.41018e-14 3.2604e-05 1.49912e-05 0.0010082 -0.000509609 -9.92663e-05 -0.000824627 -1.16275e-05 4.99438e-05 -0.000400155 -0.000711785 -0.000386345 0.000219305 0.000745301 -0.000788723 -0.000470368 -0.000891518 2.04991e-05 4.78679e-05 -0.0006368 2.70048e-05 6.57685e-05 2.64269e-05 0.000485342 -1.8668e-05 -3.23649e-05 1.54993e-05 0.000451353 0.000127684 -7.63945e-05
internal_weight=1979 1860 1839 48 119 84 49 1791 1546 245 163 127 82 57 93 73 51 1526 1465 61 1433 1298 1224 139 110 1085 1028 179 159 849
internal_count=1979 1860 1839 48 119 84 49 1791 1546 245 163 127 82 57 93 73 51 1526 1465 61 1433 1298 1224 139 110 1085 1028 179 159 849
is_linear=0
shrinkage=0.03


Tree=118
num_leaves=31
num_cat=0
split_feature=9 2 7 2 7 6 8 5 8 1 2 9 8 2 8 5 1 6 9 2 9 2 6 6 9 5 5 0 9 2
split_gain=0.0355099 0.0371502 0.0370858 0.0647143 0.0520252 0.0564666 0.0458191 0.0768604 0.044198 0.0900054 0.0860161 0.13971 0.108456 0.0785848 0.063845 0.0556851 0.20323 0.0609344 0.0535831 0.150089 0.138129 0.121574 0.219 0.12669 0.0895818 0.0892791 0.25639 0.0657334 0.0516711 0.044765
threshold=0.059663773258629163 0.5496430889033096 -0.43033673741546813 0.24745382294502918 -0.40385724677167273 57.368637955903573 0.41541855609394568 0.081623698471484554 1.8508703691222912 0.1682105263157895 0.048058577405857734 0.026110614122931867 2.0307808652458417 0.11883445945945938 1.1448669320877309 -0.077985740794959665 -0.069267908464507741 33.678839957035457 0.040210937526493455 -0.091884476026312931 0.028024148555624528 0.24275908253808812 69.957627118644083 64.5138888888889 0.035842223953902193 0.12626255907969733 0.15946415527303628 0.019369397535473846 0.046564064429301485 0.026251184425876487
decision_type=2 2 2 2 2 2 2 2 2 2 2 2 2 2 2 2 2 2 2 2 2 2 2 2 2 2 2 2 2 2
left_child=1 2 3 -1 5 -4 7 -6 9 15 11 -10 -12 -14 -11 16 -8 -17 19 20 -19 23 -23 25 29 28 -27 -28 -20 -21
right_child=-2 -3 4 -5 6 -7 8 -9 10 14 12 -13 13 -15 -16 17 -18 18 21 24 -22 22 -24 -25 -26 26 27 -29 -30 -31
leaf_value=-0.00021309238839514402 -0.0012270715184734269 0.0010269526084266544 0.0022335980013012888 -0.0020319801508449017 0.00027829720234876729 -2.0730379968881605e-05 0.0030174857564270493 -0.001785168496637859 -0.00086612037494957731 0.00023195988172665236 -0.0028419789299368855 0.0024690109847579152 -0.0017661351059563458 0.00034015750724144953 0.0025739394199759272 -0.00076698638246770398 6.3084391100953025e-06 0.0032044166093692181 0.00092154035610812052 -0.00034394953427016101 -0.00012720157791461264 -0.00019912125210144689 0.00355301771728721 -0.0015155685923915977 -0.0012355197860179927 0.004092813765630126 -0.00060980296253251864 0.0014609487684951587 -0.00086264257981383708 9.888681927647285e-05
leaf_weight=147 21 32 20 20 32 20 26 33 26 20 22 20 25 44 22 88 90 24 21 308 21 28 28 36 61 20 37 22 48 617
leaf_count=147 21 32 20 20 32 20 26 33 26 20 22 20 25 44 22 88 90 24 21 308 21 28 28 36 61 20 37 22 48 617
internal_value=9.98964e-13 1.31606e-05 -3.68327e-06 -0.000430923 3.6879e-05 0.00110643 1.19912e-05 -0.000769308 4.26952e-05 8.92991e-05 -0.00047335 0.000583937 -0.0010078 -0.000422992 0.00145871 5.03057e-05 0.000681227 -3.5478e-06 4.93103e-05 -4.46704e-05 0.00164966 0.000453036 0.00167695 8.05406e-05 -0.000121998 0.000468783 0.0011574 0.000162342 -0.00031963 -4.85657e-05
internal_weight=1979 1958 1926 167 1759 40 1719 65 1654 1517 137 46 91 69 42 1475 116 1359 1271 1031 45 240 56 184 986 148 79 59 69 925
internal_count=1979 1958 1926 167 1759 40 1719 65 1654 1517 137 46 91 69 42 1475 116 1359 1271 1031 45 240 56 184 986 148 79 59 69 925
is_linear=0
shrinkage=0.03


Tree=119
num_leaves=31
num_cat=0
split_feature=5 4 1 4 4 6 0 3 7 7 9 7 4 5 0 0 1 1 1 3 4 9 5 6 6 6 9 1 0 9
split_gain=0.0350017 0.0907493 0.0460421 0.0315441 0.141564 0.0626498 0.0437472 0.0405379 0.0299078 0.0801451 0.0431789 0.0340728 0.028155 0.157081 0.0423066 0.0474551 0.0518863 0.0450617 0.0658277 0.042616 0.0697425 0.0532067 0.0493418 0.0414494 0.0949598 0.0575031 0.0332468 0.0300724 0.0264047 0.0250877
threshold=0.48243215995500294 0.23271976271406883 0.19108154717910811 -0.11885780319867155 -0.098905246456421833 23.734910376783322 -0.063869007457190582 -0.051282134527377614 -0.43033673741546813 -0.40385724677167273 0.024705498984083019 -0.47672517707968642 0.15188383163927302 0.30298787712592895 0.09231323857145525 0.058194183864915601 0.041915199587574732 0.13991146512149169 0.11896587088546641 0.055879051625124861 0.11635392334398499 0.052261383887176681 0.13164452278614805 55.795289328293109 47.776975934234883 58.407920792079217 0.03738894669547186 -0.076672920575359557 0.012360958318054062 0.021271728295027995
decision_type=2 2 2 2 2 2 2 2 2 2 2 2 2 2 2 2 2 2 2 2 2 2 2 2 2 2 2 2 2 2
left_child=1 3 -2 -1 -5 -6 -7 -8 10 -10 28 -12 14 -14 15 17 -17 18 19 20 21 22 27 24 -24 -25 -27 -11 -9 -29
right_child=2 -3 -4 4 5 6 7 8 9 12 11 -13 13 -15 -16 16 -18 -19 -20 -21 -22 -23 23 25 -26 26 -28 29 -30 -31
leaf_value=-0.00083237931560142895 -0.00014267075094827558 0.0019841603296143671 -0.0018849579412490128 0.0023082104671630077 -0.001533574093482457 0.001185928942036948 -0.00099180613241687003 0.00071561101805663811 0.0014699369448104075 -0.0008108512070695204 -0.00044661667121490879 -0.0017444283720105885 0.0023086787575656281 -0.00072563417118919245 -0.0011844780899506683 -4.7429842874407764e-05 0.002113535118056461 -0.0012062815889450054 0.001676186591212172 -0.0012967315927633772 0.0013272827882319688 0.0012642331482077549 0.00053908914454619996 0.0011931928092963062 -0.0018939281158548381 -0.00018291181427879824 -0.0010925527726596391 -0.00014756841868472865 -0.00057225659651600797 0.00019057618573445096
leaf_weight=40 43 21 20 24 24 28 37 38 35 35 67 25 28 34 27 20 20 28 21 23 35 28 22 24 42 203 44 287 23 633
leaf_count=40 43 21 20 24 24 28 37 38 35 35 67 25 28 34 27 20 20 28 21 23 35 28 22 24 42 203 44 287 23 633
internal_value=-4.301e-12 2.28779e-05 -0.000695778 1.14334e-06 1.91169e-05 -1.08876e-05 9.33621e-06 -9.1824e-06 1.16885e-05 5.02606e-05 -0.000388907 -0.000799283 1.82859e-05 0.000644701 -7.74476e-06 1.39425e-05 0.00103305 -1.46641e-05 9.2194e-06 -1.62212e-05 5.5465e-06 -2.95527e-05 -5.76349e-05 -0.000370901 -0.00105758 -0.000208734 -0.000344953 5.22542e-05 0.000230022 8.50898e-05
internal_weight=1979 1916 63 1895 1855 1831 1807 1779 1742 1589 153 92 1554 62 1492 1465 40 1425 1397 1376 1353 1318 1290 335 64 271 247 955 61 920
internal_count=1979 1916 63 1895 1855 1831 1807 1779 1742 1589 153 92 1554 62 1492 1465 40 1425 1397 1376 1353 1318 1290 335 64 271 247 955 61 920
is_linear=0
shrinkage=0.03


Tree=120
num_leaves=31
num_cat=0
split_feature=1 4 7 7 5 5 8 4 5 7 7 8 7 3 6 6 4 3 7 5 8 3 6 7 8 1 5 1 3 7
split_gain=0.0345845 0.0666219 0.0296879 0.0480108 0.0745834 0.0733591 0.0663094 0.0885662 0.254019 0.0909852 0.0816187 0.0546296 0.0504642 0.046946 0.0445179 0.0702164 0.0444178 0.0600514 0.0832543 0.0437538 0.0409178 0.0374738 0.03712 0.0374215 0.0618787 0.0535602 0.0599129 0.0411912 0.0342257 0.042333
threshold=0.28185092619817714 0.26881607714569228 -0.43033673741546813 0.075236517684014195 -0.102800231474715 -0.13147305310140153 1.1677901483951307 0.11635392334398499 0.29341391481563567 -0.40385724677167273 -0.21933652992102312 1.4180420704806442 -0.053958567419871088 -0.038663700695965413 33.678839957035457 36.157395539605233 0.17296603073220465 0.051845029729737042 0.98471158500994593 0.10007320178922031 0.55312886618069912 0.020116412539162635 37.974878334968366 -0.053958567419871088 1.0062918475878557 0.087941507681432177 0.23937365660558688 0.073359659245300315 0.0054920337312478482 -0.10334617161882369
decision_type=2 2 2 2 2 2 2 2 2 2 2 2 2 2 2 2 2 2 2 2 2 2 2 2 2 2 2 2 2 2
left_child=1 2 19 4 5 -4 7 9 -9 -6 -8 21 -13 -11 -15 -16 17 20 -19 -1 -5 -12 -17 25 -25 26 27 28 -24 -30
right_child=-2 -3 3 16 6 -7 10 8 -10 13 11 12 -14 14 15 22 -18 18 -20 -21 -22 -23 23 24 -26 -27 -28 -29 29 -31
leaf_value=1.1279951106510398e-05 -0.0012411987204104661 0.0016542669687293131 0.00018593303127480403 -0.0011869993687474302 0.0017800348772314088 0.0027246573285665361 -0.0016355066194664687 0.0040842328215949242 -0.00011215855735605834 0.0012073628266432111 -2.5376478210091591e-05 0.0018663895527133718 -0.00017402647266862915 -0.00084802046539261941 0.0018311214228160678 -0.0012147519651002118 -0.00144145206183843 0.0015790642977559139 -0.0005328188153881846 -0.00096686326999865146 -0.00013467702215609511 -0.0017018423289991915 -0.00023168513424041612 0.00023009664242052612 0.0020126037246414596 0.0011077961690766228 -0.0017496918897377328 -0.0012233701835010343 0.00053178951967752905 -0.00091265313460358547
leaf_weight=102 20 22 21 35 29 20 40 20 37 31 30 20 24 50 20 21 23 42 28 69 667 20 221 106 21 33 20 26 140 21
leaf_count=102 20 22 21 35 29 20 40 20 37 31 30 20 24 50 20 21 23 42 28 69 667 20 221 106 21 33 20 26 140 21
internal_value=7.43957e-13 1.26718e-05 -5.9731e-06 3.05737e-05 0.00017211 0.00142434 0.000116905 0.00022084 0.00136026 0.000132955 -0.000500502 -1.75211e-05 0.000753435 6.56803e-05 1.35563e-05 8.20442e-05 -0.000142297 -0.000103592 0.000734311 -0.000383409 -0.000187143 -0.000695963 2.46032e-05 6.88659e-05 0.000524842 -5.67501e-05 -0.00014654 -6.7954e-05 1.06869e-05 0.000343384
internal_weight=1979 1959 1937 1766 971 41 930 796 57 739 134 94 44 710 679 629 795 772 70 171 702 50 609 588 127 461 428 408 382 161
internal_count=1979 1959 1937 1766 971 41 930 796 57 739 134 94 44 710 679 629 795 772 70 171 702 50 609 588 127 461 428 408 382 161
is_linear=0
shrinkage=0.03


Tree=121
num_leaves=31
num_cat=0
split_feature=5 2 1 5 4 9 9 0 5 1 4 6 0 0 1 1 4 5 4 9 6 6 1 0 4 2 5 7 7 4
split_gain=0.032715 0.095455 0.0425309 0.0328159 0.129862 0.0472034 0.0467203 0.0352376 0.0399714 0.0347534 0.142435 0.058725 0.0452667 0.0668915 0.0638326 0.0504811 0.0455285 0.0309569 0.045858 0.0455922 0.032809 0.0270924 0.023766 0.042426 0.0414075 0.0570053 0.0687128 0.0544808 0.0381055 0.0332666
threshold=0.48243215995500294 0.39941752928167856 0.19108154717910811 0.25548383301046113 0.15484795994745651 0.049883758264755482 0.04344103780815909 -1.0000000180025095e-35 0.33125470625560843 -0.10152449255941552 -0.098905246456421833 23.734910376783322 0.09231323857145525 0.059892770834106941 0.14549211493666073 0.11896587088546641 0.11635392334398499 0.16663751850763478 0.03032492431953349 0.04222417709937118 63.508411133598827 31.570638202749532 -0.039721393487061434 -0.041912962128824387 -0.069244998469515859 1.0000000180025095e-35 0.1011204211053507 -0.31535795751668877 -0.035339116193395019 -0.059946264521100349
decision_type=2 2 2 2 2 2 2 2 2 2 2 2 2 2 2 2 2 2 2 2 2 2 2 2 2 2 2 2 2 2
left_child=1 3 -2 4 9 6 7 -5 -9 21 -11 -12 13 14 15 16 17 22 -19 20 -20 -1 24 -24 -13 27 -27 -26 -29 -25
right_child=2 -3 -4 5 -6 -7 -8 8 -10 10 11 12 -14 -15 -16 -17 -18 18 19 -21 -22 -23 23 29 25 26 -28 28 -30 -31
leaf_value=-0.0014372817244380713 -0.00014106703239904586 0.001730203761494365 -0.0018156036338768898 0.00062524596403818584 0.0024337562369182706 0.00088219613023102271 -0.0017613073055898504 -0.0001873649241242674 -0.0018299452196806668 0.002278140678978525 -0.0014765830256510525 0.00064815329093682135 -0.0013029744318160026 0.001374099204655398 -0.001526007687789388 0.0013982889952603727 0.0011685195802710951 0.00062215266146642314 -0.0012236706493422389 -0.0018943131971172987 -0.00011867509411372752 -0.00022363261537084697 0.0014325235132127999 -0.0011113423744349609 -0.0022793608853085472 0.00093227169899777929 -0.0007443249366373163 0.00018544004826253512 -0.0012674730582247404 9.4717822497474949e-05
leaf_weight=25 43 29 20 24 20 20 28 40 20 25 24 38 23 33 24 24 30 34 32 21 99 49 21 21 22 44 44 32 33 1037
leaf_count=25 43 29 20 24 20 20 28 40 20 25 24 38 23 33 24 24 30 34 32 21 99 49 21 21 22 44 44 32 33 1037
internal_value=6.34211e-14 2.21179e-05 -0.000672666 -4.13246e-06 3.0178e-05 -0.000460305 -0.000700038 -0.000346281 -0.000734892 2.47101e-06 3.08111e-05 -3.53073e-06 1.84006e-05 3.75268e-05 9.1805e-06 3.32304e-05 1.15054e-05 -1.19794e-05 -0.000373837 -0.000596624 -0.000388598 -0.000633649 4.01147e-05 9.72819e-05 -0.000249479 -0.000444393 9.39734e-05 -0.000988948 -0.000552193 7.0779e-05
internal_weight=1979 1916 63 1887 1755 132 112 84 60 1735 1661 1636 1612 1589 1556 1532 1508 1478 186 152 131 74 1292 1079 213 175 88 87 65 1058
internal_count=1979 1916 63 1887 1755 132 112 84 60 1735 1661 1636 1612 1589 1556 1532 1508 1478 186 152 131 74 1292 1079 213 175 88 87 65 1058
is_linear=0
shrinkage=0.03


Tree=122
num_leaves=31
num_cat=0
split_feature=8 6 7 7 9 2 5 5 2 8 8 0 8 9 0 3 0 2 2 9 2 8 2 2 2 7 9 0 3 0
split_gain=0.0341041 0.0537565 0.0535228 0.0666136 0.107403 0.0488439 0.0947905 0.0435538 0.0526145 0.0471542 0.0642021 0.0572187 0.0531953 0.0608616 0.0414756 0.0414696 0.0412407 0.0304493 0.0281262 0.0959408 0.0240328 0.0239919 0.0233768 0.021646 0.0216032 0.0325284 0.0375588 0.0330369 0.0446246 0.0325292
threshold=1.915845702081213 20.37234042553192 0.10598768200052013 0.98471158500994593 0.030434215926805303 0.46320706300911046 0.64120099783527407 0.20721051133530391 0.24745382294502918 1.1568341520818446 1.0782382785934359 0.025843247799472117 0.97393993446874505 0.036370160250888892 0.015012360403035887 0.055879051625124861 0.058194183864915601 -0.14534120734908132 -0.1074556475224334 0.026005649447210077 -0.17912212412677816 0.94682167303262987 0.23087374581939804 -0.097527005910727591 -0.085070198292082774 0.31665787577651677 0.052261383887176681 0.02956083189773551 0.036957897464981022 0.034174964438122298
decision_type=2 2 2 2 2 2 2 2 2 2 2 2 2 2 2 2 2 2 2 2 2 2 2 2 2 2 2 2 2 2
left_child=1 -1 -2 4 -4 7 -7 8 16 10 12 22 13 -9 -15 -5 17 20 19 -19 21 -3 -11 -20 -25 26 27 28 -26 -29
right_child=2 5 3 15 -6 6 -8 9 -10 11 -12 -13 -14 14 -16 -17 -18 18 23 -21 -22 -23 -24 24 25 -27 -28 29 -30 -31
leaf_value=0.0015407514490652829 -0.0018667851614632776 -0.00081695616277019411 -0.00068352247950517471 -0.0002552149835411973 0.002140278191813691 0.0021344199179050821 -0.00055298308176653728 0.00013139533067831421 0.0011977682192144648 -0.0010718432339266515 -0.0020767211291939018 0.0011457162240335224 0.00066982807238556198 -0.00065443097264505923 -0.0021939217685056586 -0.0020309179003816097 0.0010104479106784975 0.002289334198992167 -0.0009332137410952286 -0.00027558240174715005 -0.001234542952940589 0.00061870361678302284 0.00025688444729894401 0.00073029014690955351 5.031795649072835e-05 -0.00029095638609136844 0.0013005604410798034 -0.0014156480114727924 0.001040459310332703 -0.00010283135713971391
leaf_weight=21 21 22 27 29 22 27 21 43 35 26 25 34 31 36 28 20 37 21 22 35 31 20 22 37 866 280 22 26 43 49
leaf_count=21 21 22 27 29 22 27 21 43 35 26 25 34 31 36 28 20 37 21 22 35 31 20 22 37 866 280 22 26 43 49
internal_value=-8.99366e-13 3.15006e-05 -0.000492362 -0.000197843 0.000584306 1.42661e-05 0.000958681 -1.10449e-05 4.78482e-05 -0.000382673 -0.000677869 0.000204121 -0.000424454 -0.000741489 -0.00132796 -0.000979992 2.12121e-05 -3.61945e-06 2.75052e-05 0.000686261 -0.000600956 -0.000133309 -0.000462843 7.73908e-08 1.5597e-05 -4.96574e-06 7.4634e-05 4.72251e-05 9.71563e-05 -0.000557941
internal_weight=1979 1860 119 98 49 1839 48 1791 1546 245 163 82 138 107 64 49 1511 1474 1401 56 73 42 48 1345 1323 1286 1006 984 909 75
internal_count=1979 1860 119 98 49 1839 48 1791 1546 245 163 82 138 107 64 49 1511 1474 1401 56 73 42 48 1345 1323 1286 1006 984 909 75
is_linear=0
shrinkage=0.03


Tree=123
num_leaves=31
num_cat=0
split_feature=9 2 8 8 9 9 6 3 8 4 5 9 6 9 1 5 4 9 9 9 6 1 2 9 9 6 5 3 5 2
split_gain=0.0328636 0.0345176 0.034579 0.0624639 0.123042 0.116955 0.0700358 0.0796552 0.04753 0.0424697 0.0552853 0.105112 0.047426 0.0351512 0.0341977 0.0738951 0.0534256 0.0870671 0.0590206 0.087448 0.0803192 0.0761555 0.0698431 0.0663829 0.0581003 0.0941064 0.0561622 0.0516288 0.0487633 0.0473119
threshold=0.059663773258629163 0.5496430889033096 1.915845702081213 1.4958429551365862 0.025304057079850211 0.030202882576064547 71.164648910411643 0.022804359011428302 2.1657085105182188 -0.11077906633424033 -0.102800231474715 0.023996326200353583 23.734910376783322 0.030027112810661203 0.0077312963593871862 -0.042932283540807241 0.092927099149486728 0.052705681126948463 0.023796734937602756 0.021352957021287425 47.776975934234883 -0.079207633531088381 0.065295293326242079 0.038578895811532989 0.018776636004492153 49.255672385168801 0.10196461175352912 0.013810402079543762 0.041331965010633638 0.12866173508097226
decision_type=2 2 2 2 2 2 2 2 2 2 2 2 2 2 2 2 2 2 2 2 2 2 2 2 2 2 2 2 2 2
left_child=1 2 3 9 -5 -6 7 -7 -4 -1 11 -11 -12 -10 16 27 17 18 19 24 -21 23 -22 -20 25 -14 -27 -16 -26 -23
right_child=-2 -3 8 4 5 6 -8 -9 13 10 12 -13 14 -15 15 -17 -18 -19 21 20 22 29 -24 -25 28 26 -28 -29 -30 -31
leaf_value=-0.0011598866883312062 -0.0011804644133163883 0.00098987187102466128 -0.0014487670771292387 -0.00048738337587565182 0.003297498277388513 0.001291662803851068 0.002178979976568371 -0.0012914385413751006 -0.00076687687578109586 -9.0397154065916148e-05 -0.0014512239905473377 0.0025416831450737927 -0.00068131417913648942 0.0004768685684647671 2.9049667529761789e-05 -0.00021544387231002592 0.0016598888955486472 0.0017931113630318297 -0.0025881611164659257 0.0019120863225886267 -0.0006326873086800333 0.00012370839413552366 0.0016272410867968572 -0.00046233370685233523 0.00038652406720211726 0.0022076707560982969 0.0001390895846166781 0.0021846444848924872 -0.0014435768837268513 -0.00073565911528255255
leaf_weight=29 21 32 34 53 21 22 20 21 39 36 21 22 39 43 20 775 20 26 20 51 32 327 20 39 20 27 21 20 38 70
leaf_count=29 21 32 34 53 21 22 20 21 39 36 21 22 39 43 20 775 20 26 20 51 32 327 20 39 20 27 21 20 38 70
internal_value=7.80313e-13 1.26608e-05 -3.57536e-06 2.86049e-05 0.000644468 0.00135861 0.000712317 3.01482e-05 -0.000505698 -2.18275e-05 -1.7522e-06 0.000907978 -3.5021e-05 -0.000114669 -1.60177e-05 -0.000150546 0.00013017 8.82599e-05 2.52966e-05 0.000397768 0.00106617 -0.000177276 0.000236516 -0.00118295 -7.70255e-05 0.000413296 0.00130267 0.00110685 -0.000812508 -2.78174e-05
internal_weight=1979 1958 1926 1810 137 84 63 43 116 1673 1644 58 1586 82 1565 815 750 730 704 248 103 456 52 59 145 87 48 40 58 397
internal_count=1979 1958 1926 1810 137 84 63 43 116 1673 1644 58 1586 82 1565 815 750 730 704 248 103 456 52 59 145 87 48 40 58 397
is_linear=0
shrinkage=0.03


Tree=124
num_leaves=31
num_cat=0
split_feature=5 2 8 5 4 9 9 0 0 0 5 3 4 4 3 2 9 9 4 2 9 7 0 7 5 3 4 3 5 4
split_gain=0.032085 0.0858527 0.041038 0.0303271 0.119042 0.0441615 0.042176 0.0326328 0.0543271 0.0298055 0.0360766 0.028464 0.0647199 0.0333203 0.0549203 0.0279629 0.056398 0.157004 0.135557 0.0656089 0.0374944 0.0333549 0.0578546 0.0404041 0.0364972 0.0320885 0.0400798 0.0344922 0.0376133 0.0825291
threshold=0.48243215995500294 0.39941752928167856 1.2434150153598267 0.25548383301046113 0.15484795994745651 0.049883758264755482 0.044242982010957589 0.09231323857145525 0.059892770834106941 -1.0000000180025095e-35 0.33125470625560843 -0.063370350842266485 -0.098905246456421833 -0.059946264521100349 -0.0093401809608203417 -0.069312288251256446 0.021352957021287425 0.028759439491269873 -0.028696426597962007 -0.091884476026312931 0.052261383887176681 0.91377471865165683 0.031548170063952503 0.43105629822554542 0.12626255907969733 0.016134921364985625 0.10079489148764577 0.018958649670556719 0.18356970161252009 0.1069441885330661
decision_type=2 2 2 2 2 2 2 2 2 2 2 2 2 2 2 2 2 2 2 2 2 2 2 2 2 2 2 2 2 2
left_child=1 3 -2 4 7 6 9 8 11 -5 -11 -1 -13 14 -14 16 -15 18 -18 -19 21 23 -23 25 -25 26 -17 -27 29 -29
right_child=2 -3 -4 5 -6 -7 -8 -9 -10 10 -12 12 13 15 -16 20 17 19 -20 -21 -22 22 -24 24 -26 27 -28 28 -30 -31
leaf_value=-0.00070275710895657535 -0.00010528589752162011 0.0016418005939540933 -0.001711418189224787 0.00048919591193015758 0.0023312614029273389 0.00085700126364827154 -0.00175941499248147 -0.0010725708283949643 0.0012064106174854232 -0.00021429470264659511 -0.0017684409376233815 0.0013320212285246021 -0.00010437673688019542 -0.00065954493528062646 -0.0017322585165787201 6.2800567161262841e-05 0.00047189640262248838 -0.00098541215807639872 0.0038022125677459619 0.0009703414357052399 0.0011103196259444723 -1.194488644377207e-05 0.0018308277908996072 -0.00020946857186619384 -0.0011584209208376705 -0.00097984935259446499 0.0013919049439053716 -0.00011498734073925402 0.00053476378373295012 -0.0020503741011382521
leaf_weight=51 41 29 22 26 20 20 25 25 34 41 20 33 66 33 26 739 22 38 22 26 26 46 23 117 53 50 21 201 61 22
leaf_count=51 41 29 22 26 20 20 25 25 34 41 20 33 66 33 26 739 22 38 22 26 26 46 23 117 53 50 21 201 61 22
internal_value=6.75062e-13 2.19039e-05 -0.000666157 -2.99115e-06 2.99925e-05 -0.000441524 -0.000673403 3.46492e-06 1.91964e-05 -0.000361331 -0.000723851 -4.88786e-06 1.70145e-05 -1.02438e-05 -0.00056443 2.37463e-05 0.000425877 0.000757533 0.00213705 -0.000190887 -1.79759e-05 -3.99831e-05 0.000602313 -7.50452e-05 -0.000505318 -8.18367e-06 9.95258e-05 -0.000253271 -0.000125352 -0.000305922
internal_weight=1979 1916 63 1887 1755 132 112 1735 1710 87 61 1676 1625 1592 92 1500 141 108 44 64 1359 1333 69 1264 170 1094 760 334 284 223
internal_count=1979 1916 63 1887 1755 132 112 1735 1710 87 61 1676 1625 1592 92 1500 141 108 44 64 1359 1333 69 1264 170 1094 760 334 284 223
is_linear=0
shrinkage=0.03


Tree=125
num_leaves=31
num_cat=0
split_feature=9 8 8 6 3 0 3 3 6 4 8 3 6 3 3 7 1 4 1 1 6 0 9 0 7 7 4 6 8 9
split_gain=0.0306106 0.034211 0.0531647 0.0832793 0.0823789 0.086322 0.0586631 0.15065 0.0587144 0.0484237 0.0409147 0.0377813 0.0359586 0.0341533 0.0448608 0.0441622 0.0350427 0.0525323 0.042619 0.0529893 0.044515 0.072329 0.0755429 0.0571661 0.0349355 0.0380183 0.0424013 0.0484767 0.0386999 0.0370596
threshold=0.059663773258629163 0.81272988961931736 1.8508703691222912 25.362364375183279 0.060125714037574059 0.058194183864915601 0.063935039669831287 0.04985164960566691 70.247009447741618 0.15188383163927302 0.82951876394908042 0.039644548386387764 23.734910376783322 0.045826998586562924 0.041522961960855372 0.13269376741982589 0.14549211493666073 0.13685680025460237 0.10505093378607812 0.072580944946284545 54.595091414944363 0.019661080595520301 0.026110614122931867 0.034174964438122298 0.31119655457430678 -0.0038974408381585719 0.03087962175694792 64.172885572139322 1.0110052652434829 0.024152346976433463
decision_type=2 2 2 2 2 2 2 2 2 2 2 2 2 2 2 2 2 2 2 2 2 2 2 2 2 2 2 2 2 2
left_child=1 11 3 -3 10 9 7 -4 -8 -6 -5 12 -1 14 16 -15 17 18 19 20 21 -12 -23 24 25 -22 -27 -28 -29 -26
right_child=-2 2 6 4 5 -7 8 -9 -10 -11 13 -13 -14 15 -16 -17 -18 -19 -20 -21 23 22 -24 -25 29 26 27 28 -30 -31
leaf_value=-0.0013167342916962559 -0.0011392806453763373 0.0021135557326488197 -0.00063245372171041783 0.0011851263792125573 -0.00073959952664815571 0.0023239488760760474 -0.00013484827510546892 0.0023020797441713511 -0.0023357426188886166 0.001229108470066896 2.5596989385829776e-06 -0.0011128102632595555 -5.8709999676385843e-05 0.0001158068707678467 0.0014211378932337869 -0.0017271466481245375 -0.0011920480616390704 0.0013106116375420241 0.0012232465991893638 -0.00080991160030380869 -6.5875952324339383e-06 0.00011478026630356908 -0.002317815749362732 0.0014843983369064518 0.00016660829671778747 -5.2367552164690315e-05 0.0023348333587763707 -0.00035306067286546748 0.0013395830863455851 -0.0010137228588931835
leaf_weight=21 21 20 74 29 22 31 20 20 24 23 244 34 779 25 22 22 20 30 26 68 112 20 27 33 62 37 23 20 31 39
leaf_count=21 21 20 74 29 22 31 20 20 24 23 244 34 779 25 22 22 20 30 26 68 112 20 27 33 62 37 23 20 31 39
internal_value=1.32304e-12 1.2219e-05 0.000120238 0.000197426 0.000157754 0.0011058 -0.000431266 -8.0849e-06 -0.00133534 0.000266629 7.67976e-05 -0.00013336 -9.17331e-05 3.94672e-05 8.48689e-05 -0.000746852 4.77503e-05 7.98694e-05 3.0109e-05 -1.32173e-05 7.03865e-05 -0.00020502 -0.00128267 0.000294878 0.000173723 0.00038337 0.000776842 0.00119145 0.000675801 -0.000289163
internal_weight=1979 1958 1124 986 966 76 138 94 44 45 890 834 800 861 814 47 792 772 742 716 648 291 47 357 324 223 111 74 51 101
internal_count=1979 1958 1124 986 966 76 138 94 44 45 890 834 800 861 814 47 792 772 742 716 648 291 47 357 324 223 111 74 51 101
is_linear=0
shrinkage=0.03


Tree=126
num_leaves=31
num_cat=0
split_feature=5 2 1 5 4 9 9 1 4 6 1 1 5 6 9 5 1 7 7 6 6 6 6 2 5 6 9 5 5 5
split_gain=0.0306685 0.0797697 0.0392563 0.0291951 0.112084 0.0412699 0.0394002 0.031512 0.12899 0.0515138 0.028377 0.0268408 0.0445174 0.0263259 0.0259961 0.045309 0.123692 0.168633 0.104782 0.0720717 0.210596 0.0556691 0.0451692 0.0418383 0.0615989 0.0567278 0.04586 0.0726008 0.0535442 0.154775
threshold=0.48243215995500294 0.39941752928167856 0.19108154717910811 0.25548383301046113 0.15484795994745651 0.049883758264755482 0.04344103780815909 -0.10152449255941552 -0.098905246456421833 23.734910376783322 0.14549211493666073 0.10505093378607812 0.30298787712592895 31.570638202749532 0.021352957021287425 -0.0076511548679516475 0.019742759489116749 -0.31115850646342513 0.27486625214989396 70.17513491497813 71.394050991501416 67.92261518494486 49.537155351108844 -0.017908110361636417 -0.068255932218158663 40.517749075992036 0.018776636004492153 0.10683479779076578 0.040029539137272814 0.077497756255573771
decision_type=2 2 2 2 2 2 2 2 2 2 2 2 2 2 2 2 2 2 2 2 2 2 2 2 2 2 2 2 2 2
left_child=1 3 -2 4 7 6 11 13 -9 -10 14 -5 -13 -1 23 16 22 -18 -19 21 -21 -17 -16 24 -11 -26 28 -28 -25 -30
right_child=2 -3 -4 5 -6 -7 -8 8 9 10 -12 12 -14 -15 15 19 17 18 -20 20 -22 -23 -24 26 25 -27 27 -29 29 -31
leaf_value=-0.0013938726335763929 -0.00014056274948944878 0.0015828696110863881 -0.0017493436199147254 0.0002722554984880057 0.0022627785354852677 0.00082243964821100235 -0.0016316020927791084 0.0021696616781875493 -0.0013813031627796589 0.00027585394953473887 -0.00092783163210177527 0.00026480734208598729 -0.001602595888155823 -0.0001975149577198436 0.00034209999292385003 -4.0812489403186205e-05 0.0038373483375180512 -0.00031005915191427273 0.0023851049048826097 0.0034260981025623287 9.9901189255873632e-05 -0.0012821936941883689 -0.00068467430198903786 -0.0003889946428202877 -0.00028842571796849372 -0.0024136088328221097 -0.0014140533399768173 0.0001825927920554849 0.0025030694624152165 8.4245382284115798e-05
leaf_weight=25 43 29 20 37 20 20 28 25 24 29 28 20 27 49 129 743 20 37 20 21 93 34 55 92 20 26 48 55 29 133
leaf_count=25 43 29 20 37 20 20 28 25 24 29 28 20 27 49 129 743 20 37 20 21 93 34 55 92 20 26 48 55 29 133
internal_value=-1.42942e-12 2.1415e-05 -0.000651287 -2.58196e-06 2.97803e-05 -0.000432853 -0.000657012 4.03967e-06 3.10258e-05 -1.65505e-06 1.88856e-05 -0.000332149 -0.000807956 -0.00060169 3.56205e-05 0.000110045 0.000457665 0.00146723 0.000635612 8.21617e-06 0.000712622 -9.51329e-05 3.51838e-05 -0.000162844 -0.000806968 -0.00148962 -2.75233e-05 -0.000561475 0.000189001 0.000517245
internal_weight=1979 1916 63 1887 1755 132 112 1735 1661 1636 1612 84 47 74 1584 1152 261 77 57 891 114 777 184 432 75 46 357 103 254 162
internal_count=1979 1916 63 1887 1755 132 112 1735 1661 1636 1612 84 47 74 1584 1152 261 77 57 891 114 777 184 432 75 46 357 103 254 162
is_linear=0
shrinkage=0.03


Tree=127
num_leaves=31
num_cat=0
split_feature=9 2 5 9 4 5 4 2 4 4 6 2 0 4 1 4 1 0 1 7 7 1 7 7 1 6 9 1 5 9
split_gain=0.029854 0.032747 0.0354771 0.184461 0.0624366 0.106926 0.0861941 0.0619875 0.031014 0.118717 0.0490288 0.0265073 0.0370663 0.0319504 0.053964 0.0265305 0.0409106 0.0438639 0.0385045 0.0403159 0.0415271 0.0383674 0.0389986 0.110976 0.0503137 0.0451065 0.0428664 0.0427476 0.0364703 0.0406879
threshold=0.059663773258629163 0.5496430889033096 0.35767842657335708 0.045202141561819807 0.15484795994745651 0.28633597144600037 0.14250170761421979 0.27299095689028979 -0.11885780319867155 -0.098905246456421833 23.734910376783322 0.29532921249583372 -0.063869007457190582 0.12040022802883311 0.12860944483650907 0.089960054339990672 -0.041963829421199798 0.053531437378091414 0.10505093378607812 0.060749696877860034 -0.19332212883269664 0.10398154267949379 -0.31535795751668877 -0.33046780834753603 0.044199380720278965 60.906697489244202 0.032915034677284814 0.056387430259271405 0.049944855632939829 0.027855722416644111
decision_type=2 2 2 2 2 2 2 2 2 2 2 2 2 2 2 2 2 2 2 2 2 2 2 2 2 2 2 2 2 2
left_child=1 2 4 -4 6 -6 8 -5 -1 -10 -11 12 -12 14 15 16 28 21 19 20 -17 22 23 27 -24 26 -26 -18 -14 -30
right_child=-2 -3 3 7 5 -7 -8 -9 9 10 11 -13 13 -15 -16 18 17 -19 -20 -21 -22 -23 24 -25 25 -27 -28 -29 29 -31
leaf_value=-0.00084246739921336241 -0.0011251127501600421 0.00096388537869643179 -0.002535300944803347 -0.00085930484463460745 0.0021616478824627496 -0.00065189247555099425 -0.0018724420526996255 0.0012697415042202918 0.0021763007920842779 -0.0013398640337800316 0.0011821598350070417 0.0010371734076382024 4.4043974531766745e-05 -0.0009294472987419959 0.0013434426807281043 -0.00044199760049443946 4.1012658345464025e-07 0.0010528399361230964 -0.0016271163937635719 -0.0008382727436022832 0.0010871142579989897 0.0011629406455904245 6.6091079934568392e-05 0.0023701628901914734 -0.0012617783518825575 9.8586945064136209e-05 -3.0399896327014033e-05 0.0013524532894371075 8.6661452781011512e-05 -0.0010684764746531664
leaf_weight=37 21 32 29 20 31 20 22 32 23 24 24 23 122 33 27 33 171 42 20 50 31 28 725 23 77 73 38 24 41 83
leaf_count=37 21 32 29 20 31 20 22 32 23 24 24 23 122 33 27 33 171 42 20 50 31 28 725 23 77 73 38 24 41 83
internal_value=-1.06041e-12 1.20671e-05 -3.74713e-06 -0.000618248 2.3231e-05 0.0010583 -6.19404e-06 0.000450878 1.69761e-05 3.53043e-05 6.54089e-06 2.56841e-05 1.17116e-05 -5.40652e-06 1.3557e-05 -9.15451e-06 2.82433e-05 0.000100437 -0.000412995 -0.000199991 0.000298666 6.59239e-05 3.87653e-05 0.000399279 -4.73157e-05 -0.000484656 -0.000854888 0.000166815 -0.000324216 -0.000686536
internal_weight=1979 1958 1926 81 1845 51 1794 52 1772 1735 1712 1688 1665 1641 1608 1581 1447 1201 134 114 64 1159 1131 218 913 188 115 195 246 124
internal_count=1979 1958 1926 81 1845 51 1794 52 1772 1735 1712 1688 1665 1641 1608 1581 1447 1201 134 114 64 1159 1131 218 913 188 115 195 246 124
is_linear=0
shrinkage=0.03


Tree=128
num_leaves=31
num_cat=0
split_feature=5 4 1 6 4 0 3 7 7 9 7 9 4 9 9 5 7 1 0 4 1 3 3 1 1 7 1 4 7 5
split_gain=0.0302414 0.0740662 0.0370095 0.0280844 0.0351817 0.038009 0.0342913 0.0281338 0.0702918 0.0391007 0.0306021 0.0266275 0.136219 0.210205 0.0721783 0.0575866 0.0445224 0.0424442 0.0419219 0.0391585 0.0500309 0.121433 0.0477646 0.0414107 0.0327674 0.0297669 0.0283766 0.0428874 0.0712527 0.037807
threshold=0.48243215995500294 0.23271976271406883 0.19108154717910811 20.37234042553192 -0.090629358883831987 -0.063869007457190582 -0.051282134527377614 -0.43033673741546813 -0.40385724677167273 0.024705498984083019 -0.47672517707968642 0.040462546360846639 0.11635392334398499 0.045202141561819807 0.035613520529957518 0.10885384615683859 0.075236517684014195 0.12860944483650907 -0.011683915361484718 0.097488566059224194 0.10103820498720929 0.052714158919926486 0.032205473330448105 0.095297539117234834 0.027916746276761665 -0.058858281823676577 0.01077453292218389 0.05720919233797251 -0.31535795751668877 0.12973940340054205
decision_type=2 2 2 2 2 2 2 2 2 2 2 2 2 2 2 2 2 2 2 2 2 2 2 2 2 2 2 2 2 2
left_child=1 3 -2 -1 -5 -6 -7 9 -9 -8 -11 14 16 -14 17 -16 25 19 -18 20 21 22 26 -21 -20 -13 -10 28 -28 -30
right_child=2 -3 -4 4 5 6 7 8 11 10 -12 12 13 -15 15 -17 18 -19 24 23 -22 -23 -24 -25 -26 -27 27 -29 29 -31
leaf_value=0.0010213496355572715 -0.00015084182805663276 0.0017931217301104751 -0.0017129056359990501 -0.00068648128156939428 0.0011103222860089901 -0.00094724514412091051 0.0002179280648706481 0.0013814521682049545 0.00017656203721854645 -0.0004300011165270751 -0.0016624697059392927 9.0635208844640355e-05 0.0032945333998650314 -0.00067603215621784326 -0.0001134929191750033 -0.0014940556209498586 -0.0015261822029632251 0.0010636943164614161 0.00064086462422791447 -9.6250723082838311e-05 0.001206746923800727 0.0023345614559075328 -0.00078205880758884755 -0.0013607141894219142 -0.00085128225027941739 0.0012649051280459388 0.0010281590491067617 0.00031939353990310335 -0.00036795949784099077 -0.0014041041825721794
leaf_weight=24 43 21 20 67 28 34 60 35 524 66 25 102 30 20 57 52 28 35 27 63 33 20 70 37 26 24 30 120 221 37
leaf_count=24 43 21 20 67 28 34 60 35 524 66 25 102 30 20 57 52 28 35 27 63 33 20 70 37 26 24 30 120 221 37
internal_value=1.89113e-12 2.12653e-05 -0.000646735 1.62995e-06 -1.14504e-05 1.36201e-05 -3.67028e-06 1.47462e-05 5.18882e-05 -0.000376597 -0.000768591 2.19815e-05 0.000300991 0.00170631 -3.32191e-05 -0.00077211 -3.84569e-05 3.44609e-05 -0.000587199 3.27198e-06 5.70515e-05 1.99283e-05 -2.6272e-05 -0.000564102 -9.1132e-05 0.000314306 3.04931e-05 -0.000157105 -0.000355646 -0.000516554
internal_weight=1979 1916 63 1895 1871 1804 1776 1742 1591 151 91 1556 257 50 1299 109 207 1190 81 1155 1055 1022 1002 100 53 126 932 408 288 258
internal_count=1979 1916 63 1895 1871 1804 1776 1742 1591 151 91 1556 257 50 1299 109 207 1190 81 1155 1055 1022 1002 100 53 126 932 408 288 258
is_linear=0
shrinkage=0.03


Tree=129
num_leaves=31
num_cat=0
split_feature=7 1 2 0 9 7 0 6 0 8 2 9 1 2 1 7 8 2 0 8 2 9 2 9 9 7 7 9 4 1
split_gain=0.0291048 0.0822445 0.0966396 0.060043 0.0879643 0.111474 0.0555936 0.0471414 0.0433921 0.027781 0.058446 0.0494452 0.0307703 0.17773 0.0420752 0.049016 0.0657042 0.0445044 0.0442181 0.0516104 0.0404545 0.0390753 0.0726043 0.0368701 0.0836463 0.0682631 0.0704835 0.0618757 0.0493656 0.0614577
threshold=0.98471158500994593 0.09358468932587817 -0.043894500169694921 0.052211892852115589 0.044242982010957589 0.3875363050136485 0.09231323857145525 20.37234042553192 0.031548170063952503 0.43209997507328746 0.13084799477020162 0.037171394571774936 0.0077312963593871862 0.24275908253808812 -0.041963829421199798 -0.25760497580896097 0.7876926902093998 0.0076117370692383455 -0.029659619133303335 0.49234897446784842 -0.14534120734908132 0.045391901539152665 -0.067048743496939553 0.032712336000452376 0.03425257119690258 0.026704029759391349 -0.33463876337419579 0.040462546360846639 0.13965992153621712 0.11713872916849356
decision_type=2 2 2 2 2 2 2 2 2 2 2 2 2 2 2 2 2 2 2 2 2 2 2 2 2 2 2 2 2 2
left_child=3 2 -2 7 5 -5 -6 -1 -4 10 11 -9 13 14 15 17 -17 -11 -16 -20 -18 22 -14 28 -25 26 -26 -28 29 -24
right_child=1 -3 8 4 6 -7 -8 9 -10 12 -12 -13 21 -15 18 16 20 -19 19 -21 -22 -23 23 24 25 -27 27 -29 -30 -31
leaf_value=0.0013676577298743226 -0.0014721135479791475 -0.0018429659750184109 3.6575856185498362e-05 0.00040545984181602866 -0.0011664119078956831 0.0030758598190732296 0.00085838306290299986 -0.00059686659980798143 0.0016223782853921876 -0.0014884059554897248 -0.0014826592172418412 0.0010738844250328839 0.0012148984976542683 0.0028626630510137016 0.0011850541970925405 0.00081885532731739959 0.00080835433942931035 3.4940819023177025e-05 0.0014126187761171929 5.8087612652106064e-05 -0.0006400436359908781 -0.0006632531568341489 -0.0002391743090339143 0.0013812861178691188 -0.00095104487338176118 -0.0010313572495571396 6.3769569474970929e-05 0.0020632998270985596 -0.0015091131251448622 0.0013465096177938192
leaf_weight=22 29 29 44 34 26 24 23 44 24 45 36 25 39 21 40 61 21 28 27 406 100 105 505 45 24 47 30 26 26 23
leaf_count=22 29 29 44 34 26 24 23 44 24 45 36 25 39 21 40 61 21 28 27 406 100 105 505 45 24 47 30 26 26 23
internal_value=5.36184e-13 -0.000441198 -2.21121e-05 3.00005e-05 0.000719835 0.00151045 -0.000215998 -1.22746e-05 0.000596271 -2.9884e-05 -0.000502769 8.47797e-06 7.8493e-07 0.000141741 6.32524e-05 -0.000247367 1.60508e-05 -0.000904109 0.000230711 0.00014255 -0.000388669 -0.000120567 -4.60801e-05 -0.000113819 0.000269871 -0.000123937 0.000409173 0.000992123 -0.000232943 -0.000170101
internal_weight=1979 126 97 1853 107 58 49 1746 68 1724 105 69 1619 749 728 255 182 73 473 433 121 870 765 726 172 127 80 56 554 528
internal_count=1979 126 97 1853 107 58 49 1746 68 1724 105 69 1619 749 728 255 182 73 473 433 121 870 765 726 172 127 80 56 554 528
is_linear=0
shrinkage=0.03


Tree=130
num_leaves=31
num_cat=0
split_feature=6 4 2 9 6 9 4 9 6 6 2 6 6 5 6 4 6 6 6 5 2 5 5 2 3 5 0 9 2 9
split_gain=0.0280607 0.0564263 0.0753359 0.0444694 0.0417423 0.0293802 0.0822419 0.0741679 0.057068 0.164455 0.0701793 0.0525295 0.045805 0.0671589 0.0427333 0.0537095 0.0404501 0.0692603 0.0694398 0.0386811 0.0347969 0.0569296 0.0555713 0.188449 0.105203 0.0603962 0.0602396 0.0650869 0.0702097 0.0682459
threshold=87.760212447422859 0.21249033996806135 0.41368158618905398 0.028344313438426562 78.725453641561046 0.03425257119690258 -0.098905246456421833 0.033050594405784582 71.718621821164902 69.957627118644083 0.27833702518664366 56.953234880450076 37.743304163351908 -0.077985740794959665 58.677435025504032 0.047697157241795692 26.847469967236986 32.619484302513762 30.505050505050509 0.1546277549959271 -0.091884476026312931 0.019147371314653275 0.077497756255573771 0.031121537567526784 0.057562342161102016 0.13164452278614805 0.032372835018403275 0.017002797056428515 -0.0020229913271149753 0.021817530039953025
decision_type=2 2 2 2 2 2 2 2 2 2 2 2 2 2 2 2 2 2 2 2 2 2 2 2 2 2 2 2 2 2
left_child=1 2 5 -2 -3 6 -1 16 9 10 12 -9 -7 -14 15 -15 -8 18 -18 -13 -19 -22 26 -24 25 -25 27 -23 -29 -30
right_child=3 4 -4 -5 -6 8 7 11 -10 -11 -12 19 13 14 -16 -17 17 20 -20 -21 21 22 23 24 -26 -27 -28 28 29 -31
leaf_value=0.0018464540220473123 -0.0002566568522597663 -0.00023132454966091448 0.0017962823819834739 0.0016979095802261411 -0.001991735932586545 -0.00074377695406562113 -0.0010687758202038821 -0.00019827013175277637 -0.0011473221834475064 0.0023843470896067827 -0.0017929923359770326 0.0024712757868995969 0.0014836657741062272 -5.4806661353548603e-05 -0.0005977396130323558 0.0012267726691617793 -3.7298380073321896e-05 0.00074714374438650439 0.0022694753849646079 0.00066731980000622575 -0.00040886967589277802 0.0015280525244783015 -0.0016947305693204308 0.00064452974340681855 -0.0014820543922084782 -6.5195004938448293e-05 0.0019976256801081554 0.0010147750878240912 -0.0013738220577177247 0.00016716401717901505
leaf_weight=23 20 27 21 22 22 89 32 21 51 23 24 23 26 219 107 34 23 49 24 20 316 33 59 183 35 263 21 50 38 81
leaf_count=23 20 27 21 22 22 89 32 21 51 23 24 23 26 219 107 34 23 49 24 20 316 33 59 183 35 263 21 50 38 81
internal_value=-4.29168e-13 -1.66344e-05 9.45078e-06 0.000767164 -0.00102171 -1.06475e-05 6.85454e-05 3.63724e-05 -0.000189488 -9.59065e-05 -0.000210227 0.00103159 -0.000130256 1.12041e-05 -9.51404e-05 0.000117421 -1.63983e-05 1.22622e-05 0.00114063 0.00163223 -3.47531e-05 -7.02609e-05 6.99755e-05 -9.45525e-05 0.000101727 0.000226015 0.000468384 0.000309404 7.14426e-05 -0.000324916
internal_weight=1979 1937 1888 42 49 1867 1294 1271 573 522 499 64 475 386 360 253 1207 1175 47 43 1128 1079 763 540 481 446 223 202 169 119
internal_count=1979 1937 1888 42 49 1867 1294 1271 573 522 499 64 475 386 360 253 1207 1175 47 43 1128 1079 763 540 481 446 223 202 169 119
is_linear=0
shrinkage=0.03


Tree=131
num_leaves=31
num_cat=0
split_feature=5 1 0 8 3 7 3 9 7 6 8 8 7 5 8 9 1 5 7 9 7 9 9 1 9 3 1 1 6 0
split_gain=0.0280741 0.0464407 0.0360899 0.0339653 0.026298 0.0813379 0.0667277 0.0906418 0.0278066 0.0590356 0.0561406 0.090554 0.109355 0.116653 0.054609 0.0391237 0.0497702 0.0491367 0.0393909 0.0506172 0.038092 0.0371706 0.0370006 0.038431 0.0301088 0.0267465 0.0247123 0.0366743 0.0607532 0.0525665
threshold=0.48243215995500294 0.19993359893758303 0.099030052258957349 1.2434150153598267 0.067040190820062864 0.36892180898236754 0.053662132779765399 0.027733213634492316 0.075236517684014195 23.734910376783322 1.1448669320877309 1.0110052652434829 -0.075665726199334246 0.13345014101486311 1.2434150153598267 0.0447716414121564 -0.091084365505959317 0.098560881919946733 0.13766357051512371 0.040628441186054708 0.15493554145470192 0.030202882576064547 0.052705681126948463 -0.070569800569800598 0.026110614122931867 -0.0012276783099622877 0.09922040120137933 0.031647823377548352 56.098901098901102 0.01692778291175057
decision_type=2 2 2 2 2 2 2 2 2 2 2 2 2 2 2 2 2 2 2 2 2 2 2 2 2 2 2 2 2 2
left_child=1 2 4 -2 6 -6 8 -8 9 -1 11 22 13 -13 25 18 -17 -18 24 20 -20 -16 23 -11 -10 -12 27 29 -29 -22
right_child=3 -3 -4 -5 5 -7 7 -9 15 10 14 12 -14 -15 21 16 17 -19 19 -21 26 -23 -24 -25 -26 -27 -28 28 -30 -31
leaf_value=0.0016368790813166099 -0.00011287441543905382 0.0010878231335664167 -0.0012675329359481111 -0.0015740616182070384 -0.0017081249373611706 0.00068082256794340257 -0.00051206655101850625 0.0020474111987277867 -0.00016944594781047532 -0.00074552071114469853 -0.00064382750540971758 0.001394412322724993 0.0027010691466365149 -0.0013641533924436027 -0.00059903388043167072 0.00050501088984310628 -0.00023785365834482942 -0.002012927746909554 0.0012100323282980493 0.001313881049863994 -0.00010150836700017567 0.00071035216897143985 0.0010853835572488604 6.9888882251420824e-05 -0.0013703563938136484 -0.0021767570078372956 0.00091372802387922991 -0.0017189450209092857 -0.00021380919900107614 0.001081115745473653
leaf_weight=22 41 36 20 22 29 23 20 33 42 56 20 37 26 22 50 20 25 32 21 26 308 32 30 732 34 21 21 31 109 38
leaf_count=22 41 36 20 22 29 23 20 33 42 56 20 37 26 22 50 20 25 32 21 26 308 32 30 732 34 21 21 31 109 38
internal_value=-1.77882e-12 2.04891e-05 5.08353e-08 -0.00062313 1.36808e-05 -0.000651475 3.28114e-05 0.00108157 1.13943e-06 9.92206e-05 6.62493e-05 0.000148151 0.00108011 0.000365795 -0.000535031 -0.000144248 -0.000782595 -0.00123439 -6.6228e-05 2.16339e-05 -4.19995e-05 -8.8054e-05 5.13093e-05 1.1941e-05 -0.000706695 -0.00142899 -9.38588e-05 -0.000137396 -0.000547089 2.83752e-05
internal_weight=1979 1916 1880 63 1860 52 1808 53 1755 1048 1026 903 85 59 123 707 77 57 630 554 528 82 818 788 76 41 507 486 140 346
internal_count=1979 1916 1880 63 1860 52 1808 53 1755 1048 1026 903 85 59 123 707 77 57 630 554 528 82 818 788 76 41 507 486 140 346
is_linear=0
shrinkage=0.03


Tree=132
num_leaves=31
num_cat=0
split_feature=8 7 7 9 6 2 5 5 2 8 8 0 8 9 0 3 0 2 2 9 2 8 2 2 2 7 9 7 6 0
split_gain=0.0280881 0.0509278 0.0613808 0.0921616 0.0458082 0.0435951 0.0747421 0.0396522 0.0435318 0.0426682 0.0566201 0.047512 0.0467622 0.0523322 0.0375397 0.0352152 0.0320957 0.0286816 0.024837 0.0847164 0.024 0.0240581 0.0204759 0.0196025 0.0183458 0.0280079 0.0326771 0.0303161 0.034653 0.0411559
threshold=1.915845702081213 0.10598768200052013 0.98471158500994593 0.030434215926805303 20.37234042553192 0.46320706300911046 0.64120099783527407 0.20721051133530391 0.24745382294502918 1.1568341520818446 1.0782382785934359 0.025843247799472117 0.97393993446874505 0.036370160250888892 0.0021691999487108986 0.055879051625124861 0.058194183864915601 -0.14534120734908132 -0.1074556475224334 0.026005649447210077 -0.17912212412677816 0.94682167303262987 -0.097527005910727591 0.23087374581939804 -0.085070198292082774 0.31665787577651677 0.052261383887176681 0.34728617219875685 61.786028688312363 0.025089928057553949
decision_type=2 2 2 2 2 2 2 2 2 2 2 2 2 2 2 2 2 2 2 2 2 2 2 2 2 2 2 2 2 2
left_child=4 -2 3 -3 -1 7 -7 8 16 10 12 23 13 -9 -15 -4 17 20 19 -19 21 -6 -20 -11 -24 26 -26 -27 -29 -30
right_child=1 2 15 -5 5 6 -8 9 -10 11 -12 -13 -14 14 -16 -17 -18 18 22 -21 -22 -23 24 -25 25 27 -28 28 29 -31
leaf_value=0.001421801312327651 -0.0017875205971566695 -0.00058317057477931175 -0.00024245090204580078 0.0020326089054684745 -0.00079817533770851277 0.0019489319936838001 -0.00043741095852705515 0.0001035160319960871 0.001090925696838115 -0.00097308074159977527 -0.0019602879099547862 0.0010503771406023162 0.00061733417224698521 -0.0003991771504903833 -0.0018703853077179674 -0.0018787791024078614 0.00089342225380745286 0.0021544554995905074 -0.00090445864977399732 -0.0002557572665225182 -0.0012140663456352006 0.00063946380419656638 0.00067696432337617952 0.00024366340155459264 4.7699731838669898e-05 -0.001391485034226207 0.0012167493340728634 -0.00039372896034074847 -0.00011114518086863111 0.0014271567651556562
leaf_weight=21 21 27 29 22 22 27 21 43 35 26 25 34 31 27 37 20 37 21 22 35 31 20 37 22 984 20 22 188 49 23
leaf_count=21 21 27 29 22 22 27 21 43 35 26 25 34 31 27 37 20 37 21 22 35 31 20 37 22 984 20 22 188 49 23
internal_value=-2.87882e-12 -0.00044683 -0.000159539 0.000591261 2.85875e-05 1.26781e-05 0.000904907 -1.12343e-05 4.49591e-05 -0.000365826 -0.00064663 0.000192358 -0.000408648 -0.000705896 -0.00124972 -0.00091034 2.07309e-05 -1.17518e-06 2.90324e-05 0.000648073 -0.000580913 -0.000113585 3.25826e-06 -0.000415406 1.83526e-05 -5.96603e-07 7.32654e-05 -0.000265972 -0.000179394 0.000380257
internal_weight=1979 119 98 49 1860 1839 48 1791 1546 245 163 82 138 107 64 49 1511 1474 1401 56 73 42 1345 48 1323 1286 1006 280 260 72
internal_count=1979 119 98 49 1860 1839 48 1791 1546 245 163 82 138 107 64 49 1511 1474 1401 56 73 42 1345 48 1323 1286 1006 280 260 72
is_linear=0
shrinkage=0.03


Tree=133
num_leaves=31
num_cat=0
split_feature=9 4 4 6 7 7 9 9 7 7 9 9 5 3 9 4 7 6 5 5 7 4 3 1 3 3 3 5 1 6
split_gain=0.0271488 0.029092 0.10891 0.0492917 0.0271727 0.0431405 0.0390851 0.0362637 0.0834312 0.140987 0.121144 0.0612791 0.0490482 0.0423764 0.0367044 0.0389457 0.104742 0.0633234 0.0531168 0.100641 0.060145 0.0324872 0.0626024 0.0352749 0.0589727 0.0554704 0.0484011 0.0259639 0.0254278 0.0360305
threshold=0.059663773258629163 -0.11885780319867155 -0.098905246456421833 23.734910376783322 -0.43033673741546813 -0.40385724677167273 0.024705498984083019 0.040462546360846639 -0.21933652992102312 -0.33046780834753603 0.046951899307722554 0.035613520529957518 0.10007320178922031 0.065486255705470411 0.05642859914360368 0.13685680025460237 0.21812230565794336 77.762128325508613 0.16791827228865244 0.13345014101486311 0.10012849977957318 0.1110549000887401 0.046975020041680089 0.10103820498720929 0.04985164960566691 0.034453805842670666 0.036708952151675141 -0.037877077224413018 0.01077453292218389 72.024844720496915
decision_type=2 2 2 2 2 2 2 2 2 2 2 2 2 2 2 2 2 2 2 2 2 2 2 2 2 2 2 2 2 2
left_child=1 -1 -3 -4 6 -6 -5 11 9 -9 -11 13 -13 21 15 18 17 -17 19 27 -20 23 -23 24 25 28 -25 -10 -7 -30
right_child=-2 2 3 4 5 7 -8 8 14 10 -12 12 -14 -15 -16 16 -18 -19 20 -21 -22 22 -24 26 -26 -27 -28 -29 29 -31
leaf_value=-0.00082172142316562101 -0.0010729279591136479 0.0020795466828807865 -0.001348259166115895 0.00024514806839907838 0.0010548904104354349 0.00015105232886588411 -0.00070996086289489859 -0.00076407876837512715 0.00045441120035580491 0.0033462799658420784 0.00043079709563323334 -7.8729895234573631e-05 -0.0012917614661855624 0.0011027466602899949 0.0012075463287613314 0.0008297371026128531 0.00206344331560943 -0.0014733833861431446 9.3297105437765518e-06 0.0016280849110335111 -0.0016809031236916781 8.5886848624795663e-05 -0.0019563633639534768 0.0017372653964906931 0.0014082800794858485 -0.00098375705747320396 -0.00021639176843953983 -0.00079543488552399834 -0.00028600424364563234 0.00039062426342917946
leaf_weight=37 21 23 24 62 38 541 102 23 21 29 23 60 60 32 23 21 26 22 36 30 40 35 22 25 26 53 21 52 363 88
leaf_count=37 21 23 24 62 38 541 102 23 21 29 23 60 60 32 23 21 26 22 36 30 40 35 22 25 26 53 21 52 363 88
internal_value=-2.93612e-13 1.15074e-05 2.75561e-05 2.68999e-06 1.99914e-05 5.53688e-05 -0.000348883 3.26524e-05 0.000306162 0.00119169 0.00205674 -3.87159e-05 -0.000685246 2.56154e-05 6.10902e-05 -4.52343e-05 0.000560284 -0.000348604 -0.000278646 0.000165268 -0.000880267 -3.74419e-06 -0.00070235 3.19053e-05 -3.03374e-06 -3.81478e-05 0.000845378 -0.00043589 1.23737e-05 -0.000153979
internal_weight=1979 1958 1921 1898 1874 1710 164 1672 346 75 52 1326 120 1206 271 248 69 43 179 103 76 1174 57 1117 1071 1045 46 73 992 451
internal_count=1979 1958 1921 1898 1874 1710 164 1672 346 75 52 1326 120 1206 271 248 69 43 179 103 76 1174 57 1117 1071 1045 46 73 992 451
is_linear=0
shrinkage=0.03


Tree=134
num_leaves=31
num_cat=0
split_feature=5 2 1 7 7 5 2 9 2 1 5 1 2 4 5 2 4 7 1 1 4 4 4 0 9 2 2 1 5 4
split_gain=0.0270664 0.0670306 0.0322395 0.0238973 0.0432006 0.0362657 0.0485778 0.0453356 0.034545 0.0297322 0.0280023 0.0875339 0.0577117 0.0487954 0.0404248 0.0624535 0.0350402 0.0578275 0.0531237 0.0656324 0.0472054 0.0309844 0.0457605 0.0267796 0.0259122 0.0255695 0.0311536 0.0390984 0.0749318 0.0315557
threshold=0.48243215995500294 0.39941752928167856 0.19108154717910811 -0.43033673741546813 -0.40385724677167273 0.10007320178922031 -0.018781305441823156 0.037624811469302584 0.10746900826446283 -0.023769168684422911 -0.077985740794959665 -0.069267908464507741 -0.14031762910113707 -0.018496906225513806 -0.055994623415200388 -0.1074556475224334 -0.039964294011694095 -0.045843059677903523 -0.055829622685727658 -0.05166557391270981 -0.054080263264882682 -0.032482520366832184 -0.028696426597962007 0.0094323735200849707 0.021352957021287425 -0.073593668236525397 -0.0517955007090024 0.1682105263157895 0.26149181631419688 0.16388638673622016
decision_type=2 2 2 2 2 2 2 2 2 2 2 2 2 2 2 2 2 2 2 2 2 2 2 2 2 2 2 2 2 2
left_child=1 3 -2 5 -5 6 9 8 -7 -1 11 -6 -12 -13 24 -16 17 -17 -18 -20 -19 -21 -23 -8 -14 -24 -27 29 -29 -28
right_child=2 -3 -4 4 10 7 23 -9 -10 -11 12 13 14 -15 15 16 18 20 19 21 -22 22 25 -25 -26 26 27 28 -30 -31
leaf_value=0.00016880292096175254 -0.0001490106547067245 0.0014514724264756357 -0.00160693893651478 0.0010187760410973658 0.0017142824184016457 -0.0011739141868681393 0.0011462420286775074 -0.0019613176946649733 0.00048890432413748429 -0.0013362925935588362 -0.0012493575417765362 -0.00061160770596740933 0.00011903998791240155 0.00075049746545917558 0.0013640680776969079 0.0014659400549824472 -0.00080683667935725102 -0.00083248532166884791 0.0016730654959766461 -0.00098731122075997567 0.00091962108300067482 0.0014280621674261057 0.00089355785399675364 -0.00023721504374407231 -0.0012034852248543758 -0.0010474419831815692 -2.9505289933435431e-05 0.0022188760202843695 -0.00024475413188338276 -0.0012038800140310611
leaf_weight=21 43 29 20 39 35 22 34 23 23 27 34 56 20 41 31 38 76 31 21 29 25 20 27 20 40 27 1061 20 25 21
leaf_count=21 43 29 20 39 35 22 34 23 23 27 34 56 20 41 31 38 76 31 21 29 25 20 27 20 40 27 1061 20 25 21
internal_value=2.75137e-12 2.01181e-05 -0.000611845 -1.87942e-06 3.17136e-05 -0.000341169 1.6597e-05 -0.000877818 -0.000324029 -0.000677813 8.77235e-06 0.000428184 -2.70377e-05 -3.58725e-05 4.48356e-07 3.19811e-05 2.92077e-06 0.000562651 -3.67286e-05 1.00566e-05 -5.0295e-05 -1.83362e-05 5.06115e-06 0.000633851 -0.000762643 -1.90371e-05 -4.0389e-05 -1.62626e-05 0.000850193 -5.22981e-05
internal_weight=1979 1916 63 1887 1717 170 102 68 45 48 1678 132 1546 97 1512 1452 1421 94 1327 1251 56 1230 1201 54 60 1181 1154 1127 45 1082
internal_count=1979 1916 63 1887 1717 170 102 68 45 48 1678 132 1546 97 1512 1452 1421 94 1327 1251 56 1230 1201 54 60 1181 1154 1127 45 1082
is_linear=0
shrinkage=0.03


Tree=135
num_leaves=31
num_cat=0
split_feature=8 7 7 9 1 6 2 2 4 8 0 9 4 9 0 2 8 2 4 4 2 2 1 0 9 6 0 8 7 8
split_gain=0.0274963 0.0489295 0.0574155 0.0860219 0.0525219 0.0434866 0.0403702 0.0501422 0.0280225 0.0375593 0.124807 0.0580222 0.0348608 0.0300361 0.0285262 0.0685661 0.0479032 0.0355968 0.0573096 0.0512633 0.0449246 0.0418887 0.041337 0.101167 0.0462942 0.0402154 0.032096 0.0313771 0.0276486 0.0377248
threshold=1.915845702081213 0.10598768200052013 0.98471158500994593 0.030434215926805303 0.072580944946284545 20.37234042553192 0.46320706300911046 0.70895968623416716 0.19068137225043238 1.5292686459800879 0.015824178881618915 0.028024148555624528 -0.08379100734590765 0.025304057079850211 1.0000000180025095e-35 -0.1074556475224334 0.68697851914084318 0.031121537567526784 0.015947824395366132 0.010591661124248921 -0.048464232073488815 0.018600826111951022 0.027166343708368682 0.033002788460638761 0.033928288260547522 62.492603550295875 0.021216787465608181 0.86379424551651229 0.70883729182532595 1.0449841095201335
decision_type=2 2 2 2 2 2 2 2 2 2 2 2 2 2 2 2 2 2 2 2 2 2 2 2 2 2 2 2 2 2
left_child=5 -2 3 -3 -4 -1 8 -8 9 12 13 -12 -7 -11 15 16 -14 18 19 20 26 -20 23 24 25 27 -16 -19 29 -17
right_child=1 2 4 -5 -6 6 7 -9 -10 10 11 -13 14 -15 17 28 -18 22 21 -21 -22 -23 -24 -25 -26 -27 -28 -29 -30 -31
leaf_value=0.0013857338871873382 -0.001756222872728748 -0.00056899388993365894 -3.6046575904557746e-05 0.0019581535369401206 -0.0020207735094507893 -0.00076773544187225132 0.0018014066498726604 -0.0001395221061133982 -0.0010506359336938222 -0.0011241024931892753 0.00065064124752428718 0.0028056511596736052 0.00028716526426641006 0.00021480786131609133 -0.0003578027675966503 -3.4524095059086074e-05 0.0023134900722652672 0.001245896649052156 -0.00062982619630003514 0.0012664658992019083 0.00014575447340837061 -0.002131917452206835 -0.00023050633279730602 0.0016657959342729755 -0.00074017972882407205 -0.0002104725316926108 -0.0015192213563502512 -8.2622508634813137e-05 -0.0007335956673456453 0.00045560104956420938
leaf_weight=21 21 27 28 22 21 56 25 23 23 25 22 23 21 38 61 528 21 48 55 21 101 24 274 41 52 69 33 24 38 193
leaf_count=21 21 27 28 22 21 56 25 23 23 25 22 23 21 38 61 528 21 48 55 21 101 24 274 41 52 69 33 24 38 193
internal_value=-3.04614e-13 -0.000442098 -0.0001605 0.000565644 -0.000886644 2.82848e-05 1.27837e-05 0.000871378 -1.02272e-05 3.30755e-06 0.000545409 0.00175209 -3.19617e-05 -0.000316506 -6.27387e-06 0.000120399 0.00130033 -0.000132631 -0.000394745 -0.000141867 -0.000293534 -0.00108616 1.95808e-05 0.000312418 2.49127e-05 0.000307074 -0.000765535 0.000803057 5.51063e-05 9.66745e-05
internal_weight=1979 119 98 49 49 1860 1839 48 1791 1768 108 45 1660 63 1604 801 42 803 295 216 195 79 508 234 193 141 94 72 759 721
internal_count=1979 119 98 49 49 1860 1839 48 1791 1768 108 45 1660 63 1604 801 42 803 295 216 195 79 508 234 193 141 94 72 759 721
is_linear=0
shrinkage=0.03


Tree=136
num_leaves=31
num_cat=0
split_feature=8 2 4 8 2 8 3 9 3 3 2 2 8 4 4 6 0 3 9 5 4 2 5 4 4 3 6 0 0 3
split_gain=0.0264316 0.0760227 0.148749 0.0978018 0.0750604 0.0531538 0.0704888 0.0684966 0.0638613 0.0406245 0.0385473 0.034886 0.0406621 0.0345968 0.0921956 0.0379654 0.027787 0.137846 0.0889727 0.0404636 0.0446576 0.0395422 0.0603945 0.0449941 0.0588675 0.0934964 0.041769 0.0593341 0.0455362 0.0453741
threshold=1.8508703691222912 0.048058577405857734 -0.047041021250622532 2.0307808652458417 0.11883445945945938 1.5292686459800879 0.065486255705470411 0.03404191365153892 -0.010952380769300272 0.072977333805347447 0.46320706300911046 0.30993088929091889 0.88743202564852008 -0.11077906633424033 -0.094069000464067007 23.734910376783322 1.0000000180025095e-35 0.026833708765756196 0.032712336000452376 0.16663751850763478 0.079048761764877865 0.029326316727891547 0.08915297296197934 0.015947824395366132 -0.0032588388550847665 0.011853799042067516 65.86697838923358 0.042667883727028795 0.02823930455509405 0.032489853656799912
decision_type=2 2 2 2 2 2 2 2 2 2 2 2 2 2 2 2 2 2 2 2 2 2 2 2 2 2 2 2 2 2
left_child=5 2 -2 -3 -5 10 7 8 -7 -6 11 13 -13 -1 -15 -16 17 19 -19 20 -17 22 23 24 -18 -26 27 28 29 -23
right_child=1 3 -4 4 9 6 -8 -9 -10 -11 -12 12 -14 14 15 16 21 18 -20 -21 -22 26 -24 -25 25 -27 -28 -29 -30 -31
leaf_value=-0.00098445550058386296 -0.0011706651870728186 -0.0026470924016426907 0.002172322182264179 -0.0016719599508214743 0.0011844765800982713 0.0010882042993960732 0.0022881193470675495 0.0017068670094823059 -0.00092410513022241503 -0.00062952115328516805 0.00092305664767851478 -0.0018612727923318743 -9.017360795821462e-05 0.0019865019486418794 -0.0012519378024576739 7.5559191226184247e-05 -0.00032080080337881881 0.0031819360836275986 0.00042037363080973071 -0.00045770145222544668 0.0012437833193689584 8.0643156591612446e-05 -0.0015705284816878182 -0.00092921282204770249 -0.00039771653800271448 0.0022237312560901045 -0.00028337229719561241 0.0013159820785014224 -0.00092330023232053081 0.001340340968221426
leaf_weight=32 23 22 25 25 25 22 20 23 40 20 39 20 28 21 22 589 141 21 21 125 31 181 35 64 25 24 209 42 34 30
leaf_count=32 23 22 25 25 25 22 20 23 40 20 39 20 28 21 22 589 141 21 21 125 31 181 35 64 25 24 209 42 34 30
internal_value=1.46095e-12 -0.000397363 0.000570474 -0.000902321 -0.000353964 3.02506e-05 0.000685682 0.000308638 -0.00021006 0.000378255 -9.43819e-06 -3.08938e-05 -0.000828132 -7.65921e-06 1.16953e-05 -1.43216e-05 2.99869e-06 0.000128968 0.00180115 3.46966e-05 0.00013397 -0.000123291 -0.00040223 -0.000241244 -9.50672e-06 0.000886258 3.92356e-05 0.000274166 9.55691e-05 0.000259747
internal_weight=1979 140 48 92 70 1839 105 85 62 45 1734 1695 48 1647 1615 1594 1572 787 42 745 620 785 289 254 190 49 496 287 245 211
internal_count=1979 140 48 92 70 1839 105 85 62 45 1734 1695 48 1647 1615 1594 1572 787 42 745 620 785 289 254 190 49 496 287 245 211
is_linear=0
shrinkage=0.03


Tree=137
num_leaves=31
num_cat=0
split_feature=5 4 8 4 4 0 3 7 4 3 5 3 8 2 1 4 2 2 2 7 7 1 5 8 0 7 7 0 5 8
split_gain=0.0270496 0.0620184 0.0336585 0.0239142 0.0970531 0.0377821 0.0301448 0.0605011 0.0242738 0.0635513 0.0334341 0.113041 0.0344227 0.0386661 0.0354042 0.0753412 0.0414036 0.068113 0.0541882 0.0396243 0.0342642 0.0388546 0.0532201 0.0402681 0.0488087 0.0480023 0.0657891 0.0373392 0.0313863 0.0295741
threshold=0.48243215995500294 0.23271976271406883 1.2434150153598267 -0.11885780319867155 -0.098905246456421833 -0.063869007457190582 -0.044617093628265207 -0.095066441055442916 -0.061792614810943829 -0.014123734475750991 -0.039327018520120875 0.027130760046709782 0.43209997507328746 0.13084799477020162 0.01077453292218389 0.079048761764877865 -0.0092670120135316929 0.0049248202222705881 -0.085070198292082774 1.7608062466401706 -0.48746829407683107 0.0029499551850465937 0.025671711654501442 0.75605196573791666 0.0090674183697438977 -0.089744229395940497 0.16635177900566225 0.0020081050021170115 0.11320453985386238 0.94682167303262987
decision_type=2 2 2 2 2 2 2 2 2 2 2 2 2 2 2 2 2 2 2 2 2 2 2 2 2 2 2 2 2 2
left_child=1 3 -2 -1 -5 -6 7 -7 9 -8 11 -10 13 -12 15 20 18 -18 -16 -19 -14 23 -23 24 27 28 -27 -22 -25 -20
right_child=2 -3 -4 4 5 6 8 -9 10 -11 12 -13 14 -15 16 -17 17 19 29 -21 21 22 -24 25 -26 26 -28 -29 -30 -31
leaf_value=-0.00072360428189858789 -0.00010370831754876345 0.0016414697282016277 -0.0015582807549402455 0.0019131577090593056 0.0010865007764992436 0.00065055442485027011 0.0001367707569443155 -0.0013789111811022918 0.00012706027402983682 -0.0016616465479767483 -0.00013905113641521895 0.00236721377814715 -0.00075123878208467284 -0.0014303589658811687 0.00070381125634802239 0.0019614494781542034 0.0012418210809119045 -0.00013837972867284924 -0.00057835955561181022 0.0011279470489724823 0.0003530815974313315 -0.00019653974566608665 0.0016611580492130347 -0.00035200881171285325 0.0011403566650777315 0.0010541647616976305 -0.00028177743830215264 -0.00085256562744877458 -0.0017377735266927629 -0.0017370414954700295
leaf_weight=40 41 21 22 24 28 20 48 39 171 28 60 23 37 32 21 21 36 672 55 23 114 23 35 38 58 46 119 29 24 31
leaf_count=40 41 21 22 24 28 20 48 39 171 28 60 23 37 32 21 21 36 672 55 23 114 23 35 38 58 46 119 29 24 31
internal_value=2.84352e-12 2.01118e-05 -0.000611654 2.14425e-06 1.77938e-05 -7.04984e-06 -2.40323e-05 -0.000690957 -1.47009e-06 -0.000525804 2.24204e-05 0.000392645 -2.63066e-05 -0.000588202 1.10988e-05 0.000199558 -0.000111242 -3.05648e-05 -0.000662411 -9.64725e-05 0.000128813 0.000195812 0.000924485 9.70672e-05 0.000406306 -0.000176753 9.06671e-05 0.00010858 -0.000888434 -0.000996024
internal_weight=1979 1916 63 1895 1855 1831 1803 59 1744 76 1668 194 1474 92 1382 544 838 731 107 695 523 486 58 428 201 227 165 143 62 86
internal_count=1979 1916 63 1895 1855 1831 1803 59 1744 76 1668 194 1474 92 1382 544 838 731 107 695 523 486 58 428 201 227 165 143 62 86
is_linear=0
shrinkage=0.03


Tree=138
num_leaves=31
num_cat=0
split_feature=5 2 0 5 4 5 4 3 0 0 3 3 4 6 0 0 9 7 2 7 7 3 2 5 5 3 2 2 5 4
split_gain=0.0254509 0.0587539 0.0248594 0.0226925 0.0869273 0.038344 0.0476895 0.0499236 0.0317826 0.043189 0.0279758 0.0235502 0.0479274 0.0435254 0.01966 0.0337718 0.121236 0.0185383 0.0491756 0.0243377 0.0391284 0.0343524 0.0520361 0.0450374 0.049069 0.0391431 0.0327711 0.0472771 0.0290597 0.0389804
threshold=0.48243215995500294 0.39941752928167856 -1.0000000180025095e-35 0.25548383301046113 0.15484795994745651 0.27553628447297723 0.16388638673622016 -1.0000000180025095e-35 0.09231323857145525 0.059892770834106941 0.037734045855186034 -0.063370350842266485 -0.098905246456421833 23.734910376783322 0.046686079888445982 0.037457482993197296 0.027645910497391662 0.43105629822554542 -0.085070198292082774 -0.44342676364194833 -0.41954161483355656 0.016562801343367965 0.22468404354151697 0.18356970161252009 -0.046822489201528088 0.030794033035557281 0.14544628878985891 0.11443288720961343 0.048823848653154263 0.042884788866760289
decision_type=2 2 2 2 2 2 2 2 2 2 2 2 2 2 2 2 2 2 2 2 2 2 2 2 2 2 2 2 2 2
left_child=1 3 -2 4 8 -5 7 -7 9 11 -9 -1 -13 -14 15 17 -17 19 -19 -15 -21 22 -22 24 -23 -25 27 28 -26 -30
right_child=2 -3 -4 5 -6 6 -8 10 -10 -11 -12 12 13 14 -16 16 -18 18 -20 20 21 23 -24 25 26 -27 -28 -29 29 -31
leaf_value=-0.00063595203710172107 0.0002494692024109619 0.0013595830792047338 -0.001014691548355456 -0.0013887400026336156 0.0019939528601244094 -0.00067857721579327646 -0.0010655267132361505 0.0016324209980666637 -0.0010571502378908916 0.0010788416665266541 0.00011320962477475403 0.0011503719301386311 -0.0012726170633686707 -0.00034390700387135795 -0.00057675353479476603 -0.00062289903264330776 0.002570792828220874 0.0010993164295897534 -0.00035528214072714885 0.0012306420719768439 0.00013117858033501702 0.0010353965667891317 0.0014959596570294637 -0.00012501563940092857 -0.0010457348580507992 0.0015531059828671541 -0.0013579470294394662 0.00075446664175050774 -0.00091195290834691954 0.00038646119866904839
leaf_weight=51 21 29 42 27 20 28 33 24 25 34 20 33 24 122 49 23 20 23 231 27 763 20 26 29 65 22 35 29 38 46
leaf_count=51 21 29 42 27 20 28 33 24 25 34 20 33 24 122 49 23 20 23 231 27 763 20 26 29 65 22 35 29 38 46
internal_value=8.53923e-13 1.95085e-05 -0.000593305 -1.08623e-06 2.74453e-05 -0.000380426 -0.000121145 0.000311696 4.77663e-06 2.03019e-05 0.00094187 -1.17208e-06 1.87502e-05 -4.70674e-06 1.47001e-05 3.37792e-05 0.000862539 9.63511e-06 -0.000223567 5.81075e-05 0.000102695 7.43119e-05 0.000176152 -0.000208618 -0.000385367 0.00059888 -0.000518772 -0.000353765 -0.000569461 -0.000200917
internal_weight=1979 1916 63 1887 1755 132 105 72 1735 1710 44 1676 1625 1592 1568 1519 43 1476 254 1222 1100 1073 789 284 233 51 213 178 149 84
internal_count=1979 1916 63 1887 1755 132 105 72 1735 1710 44 1676 1625 1592 1568 1519 43 1476 254 1222 1100 1073 789 284 233 51 213 178 149 84
is_linear=0
shrinkage=0.03


Tree=139
num_leaves=31
num_cat=0
split_feature=7 1 2 0 9 7 5 5 1 2 5 0 4 1 4 1 9 1 2 2 0 2 9 3 9 1 3 2 1 4
split_gain=0.0245214 0.0720087 0.0839303 0.0496508 0.0752102 0.100125 0.0799279 0.0332188 0.121323 0.0312652 0.0275647 0.0706639 0.0539434 0.0479006 0.0391061 0.060127 0.0367504 0.0308817 0.0297436 0.0268298 0.041482 0.0412893 0.0479687 0.0268004 0.136468 0.125551 0.0452436 0.127688 0.0263096 0.0441408
threshold=0.98471158500994593 0.09730369455593281 -0.043894500169694921 0.052211892852115589 0.044242982010957589 0.3875363050136485 0.32047193660994627 -0.102800231474715 -0.063537939260482609 0.1359824561403509 0.35767842657335708 -0.0068083118809409973 0.17296603073220465 0.13991146512149169 0.13685680025460237 0.11713872916849356 0.045202141561819807 0.10605109249803547 0.27299095689028979 -0.13036408404323549 -0.0018479102167183179 -0.1074556475224334 0.052261383887176681 0.034900406864320839 0.026005649447210077 0.05442186944674799 0.029178213619393104 0.051990497755728067 0.047618580564165021 0.040029205046696388
decision_type=2 2 2 2 2 2 2 2 2 2 2 2 2 2 2 2 2 2 2 2 2 2 2 2 2 2 2 2 2 2
left_child=3 2 -2 7 5 -5 -6 8 -1 -4 12 -12 13 14 15 17 -13 18 19 20 -9 -21 23 26 -25 -26 28 -28 -23 -30
right_child=1 -3 9 4 6 -7 -8 10 -10 -11 11 16 -14 -15 -16 -17 -18 -19 -20 21 -22 22 -24 24 25 -27 27 -29 29 -31
leaf_value=0.0024279064919961535 -0.0013991909208386365 -0.0018114773674796406 0.00010819002133794128 0.00033866030765827468 -0.0013500868111777189 0.0028694843217090234 0.0010777406953275204 0.00018177341669797897 -0.00012893431155835508 0.0014875780397726754 0.00046977217781686169 -0.0023000029301620084 0.0014626523306254637 -0.001147002169121098 0.0011929347692057489 0.0014618279343267203 -0.00061624903306697627 -0.0011425984511151909 -0.0010604921774938702 0.0010583694423125548 -0.0014237819724658037 2.049169851912319e-05 0.0012601839104452385 -0.00073984959253632437 8.7746477552822654e-05 0.0034089727741666138 -0.0028395964102819562 6.1872916889707232e-05 -0.0011012262728434265 -2.060818250279944e-05
leaf_weight=23 29 26 50 34 26 24 23 28 61 21 34 20 22 34 24 24 28 23 25 33 30 1018 26 41 21 20 20 43 53 95
leaf_count=23 29 26 50 34 26 24 23 28 61 21 34 20 22 34 24 24 28 23 25 33 30 1018 26 41 21 20 20 43 53 95
internal_value=-4.22253e-12 -0.000404971 -3.9279e-05 2.75371e-05 0.00065484 0.0013859 -0.000210494 -1.09058e-05 0.000571153 0.000516178 -4.0324e-05 -0.000576619 -1.24909e-05 -3.33209e-05 -8.47501e-06 -2.76976e-05 -0.00131781 -5.19175e-05 -3.46528e-05 -1.66934e-05 -0.000648686 1.00625e-05 -1.58119e-05 -4.11177e-05 0.000484004 0.00170786 -7.61543e-05 -0.000859228 -3.38441e-05 -0.000407586
internal_weight=1979 126 100 1853 107 58 49 1746 84 71 1662 82 1580 1558 1524 1500 48 1476 1453 1428 58 1370 1337 1311 82 41 1229 63 1166 148
internal_count=1979 126 100 1853 107 58 49 1746 84 71 1662 82 1580 1558 1524 1500 48 1476 1453 1428 58 1370 1337 1311 82 41 1229 63 1166 148
is_linear=0
shrinkage=0.03


Tree=140
num_leaves=31
num_cat=0
split_feature=1 4 5 4 1 7 6 2 9 6 9 1 7 6 7 9 7 9 6 1 3 7 1 7 6 2 9 9 1 1
split_gain=0.0240033 0.0501311 0.0235305 0.0589325 0.0374787 0.0327728 0.0429654 0.0417874 0.061937 0.0586375 0.0472208 0.0318943 0.0437832 0.0331387 0.0292031 0.0419214 0.0417457 0.0794458 0.0663545 0.0311581 0.0277794 0.0378114 0.0258721 0.0254544 0.0238369 0.0356073 0.0621684 0.0884454 0.150353 0.0931959
threshold=0.28185092619817714 0.26881607714569228 0.18642551087439987 0.13028420626710693 -0.079207633531088381 -0.41270979975597899 83.939462560386502 0.36684808217887105 0.030960297732354741 57.822516897597609 0.027570397563979807 0.059968454258675148 0.17039224744165296 72.024844720496915 0.98471158500994593 0.023706624567372131 0.76165205131158042 0.028024148555624528 20.37234042553192 -0.076672920575359557 -0.052939743443340619 -0.22194586380615652 0.061065762889426563 1.8646550798018713 26.847469967236986 -0.069312288251256446 0.021352957021287425 0.027645910497391662 -0.0050980338011742945 0.034977724468814204
decision_type=2 2 2 2 2 2 2 2 2 2 2 2 2 2 2 2 2 2 2 2 2 2 2 2 2 2 2 2 2 2
left_child=1 2 3 14 -4 -6 7 8 10 -10 22 12 -11 -13 16 -16 18 -18 -1 20 -20 -22 -7 -17 -21 26 -26 28 -28 -29
right_child=-2 -3 4 -5 5 6 -8 -9 9 11 -12 13 -14 -15 15 23 17 -19 19 24 21 -23 -24 -25 25 -27 27 29 -30 -31
leaf_value=0.0017395364041876747 -0.0010340362169081346 0.0014345601357688958 0.0010014894644596747 0.0016618360709398984 -0.0013498379512690009 0.00048965003071596309 -0.001529724909757663 0.00086335647974491992 0.00045038015757863586 -0.00078699053523155883 0.0016287356548543486 5.7140217977575956e-05 -0.0024769987453791228 -0.0013056593283545226 0.00040769721728793227 -0.0014034908429647866 -0.00026522828820000949 0.0019553845517080405 0.00011318492047537705 -0.00081233475919299076 -0.0017824689341852298 -0.00025273896499790924 -0.00071842791616088815 -0.00019166565317181475 -0.00082616948456104306 -4.7678986896635846e-06 0.00042796584020834413 0.00074057006746443223 0.0037437721355818212 -0.0014515548505005425
leaf_weight=20 20 22 21 20 25 39 21 34 37 37 21 42 22 26 32 39 29 29 38 29 26 33 27 26 28 1096 32 64 20 24
leaf_count=20 20 22 21 20 25 39 21 34 37 37 21 42 22 26 32 39 29 29 38 29 26 33 27 26 28 1096 32 64 20 24
internal_value=1.64991e-13 1.05568e-05 -5.61673e-06 4.36585e-05 -0.000227495 -0.000305467 -0.000220143 -0.000123647 -0.000257345 -0.000600584 0.000389681 -0.000906771 -0.00141716 -0.00046393 2.29789e-05 -0.000481166 5.6291e-05 0.000845078 2.38444e-05 -8.41802e-07 -0.000519418 -0.000926857 -4.56367e-06 -0.000918761 3.80614e-05 5.75721e-05 0.000464266 0.000722354 0.00170328 0.000142718
internal_weight=1979 1959 1937 1585 352 331 306 285 251 164 87 127 59 68 1565 97 1468 58 1410 1390 97 59 66 65 1293 1264 168 140 52 88
internal_count=1979 1959 1937 1585 352 331 306 285 251 164 87 127 59 68 1565 97 1468 58 1410 1390 97 59 66 65 1293 1264 168 140 52 88
is_linear=0
shrinkage=0.03


Tree=141
num_leaves=31
num_cat=0
split_feature=8 2 4 8 2 8 0 3 3 2 7 8 2 2 4 0 7 2 5 9 9 3 8 0 4 3 2 8 8 9
split_gain=0.0260912 0.073542 0.137957 0.0902161 0.0690913 0.0498813 0.0659202 0.0379935 0.0372769 0.0345884 0.0360749 0.0351608 0.0941063 0.0586795 0.0563026 0.0431632 0.0381982 0.0342608 0.0657561 0.0804334 0.0524202 0.0647084 0.0604571 0.051984 0.0491792 0.0478444 0.0434144 0.0380259 0.0375063 0.030478
threshold=1.8508703691222912 0.048058577405857734 -0.047041021250622532 2.0307808652458417 0.11883445945945938 1.5292686459800879 0.025843247799472117 0.072977333805347447 -0.015269492742013112 0.46320706300911046 0.70883729182532595 0.86379424551651229 -0.16349538540488959 0.26005864042055776 -0.066916729499220548 -0.023850009924140821 0.026704029759391349 0.044562420370503293 0.073616360327036903 0.034529509676496574 0.026005649447210077 0.013988478007808782 0.37034983433209617 1.0000000180025095e-35 0.093687761050514809 -0.0096219608441130405 0.063946705179395727 0.6648896732422892 0.5272022181257513 0.026005649447210077
decision_type=2 2 2 2 2 2 2 2 2 2 2 2 2 2 2 2 2 2 2 2 2 2 2 2 2 2 2 2 2 2
left_child=5 2 -2 -3 -5 9 8 -6 -7 10 11 13 -13 15 -14 16 -1 18 20 23 21 28 -22 -20 25 -19 27 -27 -17 -16
right_child=1 3 -4 4 7 6 -8 -9 -10 -11 -12 12 14 -15 29 17 -18 24 19 -21 22 -23 -24 -25 -26 26 -28 -29 -30 -31
leaf_value=0.0013717324551715351 -0.001119671673109026 -0.0025671887677162883 0.0020997666096431201 -0.0016292890413198619 0.0011173929872922599 0.00094112594777177416 0.001775301983368329 -0.00063687905942788343 -0.00043746192662028321 0.00087491994723677636 -0.00056457238583737664 0.001974906531907618 -0.0013265529123600572 -0.0012866023806949473 -3.1280559502315055e-05 0.0011602495073086835 -0.00013969193293531944 -0.00061478840361814944 -0.00091677140972863593 0.00011675210609551398 0.00089705933751538388 0.0016895426250994204 -0.00068668075926813421 -0.0028747300722676773 -0.0011875183459371327 0.00034315943252295257 0.00019864953108854257 0.0021931130695156753 -0.00017841663498179063 0.00038475001209697338
leaf_weight=34 23 22 25 25 25 31 33 20 41 39 106 25 24 37 357 22 27 55 26 31 25 24 164 23 25 20 234 20 131 285
leaf_count=34 23 22 25 25 25 31 33 20 41 39 106 25 24 37 357 22 27 55 26 31 25 24 164 23 25 20 234 20 131 285
internal_value=-2.0908e-12 -0.000394796 0.000557119 -0.000891447 -0.000364785 3.00551e-05 0.00066499 0.000337717 0.000156097 -8.39245e-06 -2.87165e-05 7.02975e-06 0.000167904 -0.000116761 0.000100074 -6.64895e-05 0.000702741 -0.000125143 -0.000300051 -0.00107919 -0.000129747 0.000241254 -0.000477191 -0.00183581 9.52207e-05 0.000192693 0.000354779 0.00126814 1.40713e-05 0.000153406
internal_weight=1979 140 48 92 70 1839 105 45 72 1734 1695 1589 691 898 666 861 61 800 446 80 366 177 189 49 354 329 274 40 153 642
internal_count=1979 140 48 92 70 1839 105 45 72 1734 1695 1589 691 898 666 861 61 800 446 80 366 177 189 49 354 329 274 40 153 642
is_linear=0
shrinkage=0.03


Tree=142
num_leaves=31
num_cat=0
split_feature=5 2 8 3 5 1 6 6 6 8 5 5 6 1 2 2 2 7 5 2 3 7 5 7 1 6 2 1 0 5
split_gain=0.0254717 0.0545693 0.0315572 0.0223738 0.0299356 0.136363 0.0486779 0.0449358 0.0334171 0.0274548 0.0448135 0.0539922 0.109296 0.0929883 0.0442156 0.0398568 0.0556672 0.0956214 0.0508176 0.0444567 0.0630407 0.0473927 0.0584058 0.0531489 0.0502016 0.0368633 0.0300417 0.031131 0.0632276 0.0421215
threshold=0.48243215995500294 0.39941752928167856 1.2434150153598267 -0.069124451844052456 -0.077985740794959665 -0.069267908464507741 23.734910376783322 41.40770764974588 58.56032568467802 0.43209997507328746 -0.059932782827528945 -0.040788062972407273 42.434710871638877 -0.023769168684422911 0.13084799477020162 -0.13036408404323549 -0.069312288251256446 -0.20671021612451615 -0.00096596689350547649 -0.0092670120135316929 0.028588905783765054 -0.36991881800686094 -0.013816482939258077 -0.15125687950396657 -0.016471106890938666 47.605557803858083 -0.0037355560821265006 0.01077453292218389 0.033002788460638761 0.010132399419801931
decision_type=2 2 2 2 2 2 2 2 2 2 2 2 2 2 2 2 2 2 2 2 2 2 2 2 2 2 2 2 2 2
left_child=1 3 -2 -1 5 -5 -6 -7 -9 14 -11 12 13 -12 25 -13 17 -17 -19 20 21 -18 -23 -24 -25 -8 -21 28 29 -28
right_child=2 -3 -4 4 6 7 9 8 -10 10 11 15 -14 -15 -16 16 19 18 -20 26 -22 22 23 24 -26 -27 27 -29 -30 -31
leaf_value=-0.00066889357858930119 -0.00010171200307767565 0.001310987394335198 -0.0015101484252690253 0.0024962569700437598 -0.0014202721074054187 -0.00062841296090551137 0.00082281290427393592 0.0012988372263925125 -0.00015416042014424291 -0.00090275873150676481 0.00055783940944820643 -0.0011476841794613461 -0.00042953037701746717 0.0033275926876813176 -0.001360972998663783 -0.00067093431763350965 -0.0014513987557881552 0.0025951680401340126 0.00066252923252759497 0.0010168927317035607 -0.0016679845116431672 -0.0012614362235651173 0.0016024309082675482 0.00079140234344567237 -0.00064460920700803396 -0.00061922324033310782 -0.00074407587206900812 -8.1002799589784366e-05 0.0015708660110831259 0.00025087366050616504
leaf_weight=44 41 29 22 24 22 53 27 29 28 45 24 26 35 20 34 25 23 24 25 29 31 26 23 39 50 39 43 719 30 350
leaf_count=44 41 29 22 24 22 53 27 29 28 45 24 26 35 20 34 25 23 24 25 29 31 26 23 39 50 39 43 719 30 350
internal_value=-1.91311e-12 1.95164e-05 -0.000593547 -3.31309e-07 1.563e-05 0.000447418 -1.82258e-05 3.99099e-07 0.000585084 5.81238e-08 3.04379e-05 5.76712e-05 0.0008216 0.00181682 -0.000482068 1.64201e-05 3.74825e-05 0.000838837 0.00160913 -6.02459e-06 -0.00042915 -0.000190617 1.9513e-05 0.000316876 -1.53457e-05 -2.92994e-05 6.33522e-05 3.91379e-05 0.000243349 0.000142011
internal_weight=1979 1916 63 1887 1843 134 1709 110 57 1687 1587 1542 79 44 100 1463 1437 74 49 1363 192 161 138 112 89 66 1171 1142 423 393
internal_count=1979 1916 63 1887 1843 134 1709 110 57 1687 1587 1542 79 44 100 1463 1437 74 49 1363 192 161 138 112 89 66 1171 1142 423 393
is_linear=0
shrinkage=0.03


Tree=143
num_leaves=31
num_cat=0
split_feature=8 2 9 8 2 8 1 7 8 4 4 2 2 2 6 4 8 8 8 2 2 6 1 0 0 7 1 4 4 1
split_gain=0.0245592 0.0688665 0.132745 0.0852552 0.0650643 0.0470331 0.105722 0.0897373 0.0633674 0.0343234 0.080469 0.0330809 0.0311955 0.0350373 0.0296424 0.0265569 0.0361154 0.0271342 0.0692996 0.0726065 0.0698722 0.0465458 0.067092 0.0453146 0.0405176 0.0320605 0.0305579 0.0376344 0.0743608 0.0570445
threshold=1.8508703691222912 0.048058577405857734 0.026444937254086965 2.0307808652458417 0.11883445945945938 1.5292686459800879 0.15625484764542932 0.68698343724063293 1.6121830693392873 -0.11077906633424033 -0.094069000464067007 0.46320706300911046 0.33304222004030798 0.29532921249583372 23.734910376783322 0.12040022802883311 1.057271743843359 1.1677901483951307 0.96195451443535129 -0.073593668236525397 0.15689852583369127 46.333671004441698 -0.033397068196303441 0.0276529851459596 0.024163139201089815 -0.18458865823020934 -0.064374472538740998 -0.015376194050293777 -0.023641192891662773 -0.049671802493217336
decision_type=2 2 2 2 2 2 2 2 2 2 2 2 2 2 2 2 2 2 2 2 2 2 2 2 2 2 2 2 2 2
left_child=5 2 -2 -3 -5 9 7 8 -7 -1 -11 12 13 14 -12 17 -17 18 23 -20 21 -21 -23 24 26 -19 -16 28 29 -28
right_child=1 3 -4 4 -6 6 -8 -9 -10 10 11 -13 -14 -15 15 16 -18 25 19 20 -22 22 -24 -25 -26 -27 27 -29 -30 -31
leaf_value=-0.00098158612552651909 -0.00085322145773615273 -0.0024926500090143894 0.0023270094454554574 -0.0015787567719351501 0.00033006464794743803 0.00079129672670008035 0.0026081786896102132 0.0016940347365103662 -0.001213937097892159 0.0018556950726945484 -0.0011249944475606422 0.00085060750922331442 -0.0009068163918952147 0.0011004578722408041 -0.00062863137976113535 -0.0015703047176762281 -1.1794642741733696e-05 -0.0010940972137629885 0.0022549755127402025 -0.0010711665940470994 0.0014498155689148535 0.0019212119425646959 5.3800592455487745e-05 -0.0006466732025771784 0.001146486010735056 -0.00013636506295629911 0.0014104949431898801 -8.4152992769560099e-05 0.0012644766245827415 -0.0002066976342429194
leaf_weight=32 27 22 21 25 45 23 20 25 37 21 22 39 36 25 67 23 32 37 20 26 43 20 129 101 28 210 23 605 61 134
leaf_count=32 27 22 21 25 45 23 20 25 37 21 22 39 36 25 67 23 32 37 20 26 43 20 129 101 28 210 23 605 61 134
internal_value=4.0911e-12 -0.000383029 0.00053813 -0.000863634 -0.000351657 2.91594e-05 0.000645701 0.000183941 -0.000445264 -8.17445e-06 1.01271e-05 -1.29288e-05 -3.34391e-05 -1.38615e-05 -3.1482e-05 -1.60508e-05 -0.000663535 7.62715e-06 6.41126e-05 0.000525024 0.000366313 0.000100081 0.00030446 -4.3539e-05 2.28189e-05 -0.000279831 -1.25325e-05 3.76238e-05 0.000375582 3.02159e-05
internal_weight=1979 140 48 92 70 1839 105 85 60 1734 1702 1681 1642 1606 1581 1559 55 1504 1257 238 218 175 149 1019 918 247 890 823 218 157
internal_count=1979 140 48 92 70 1839 105 85 60 1734 1702 1681 1642 1606 1581 1559 55 1504 1257 238 218 175 149 1019 918 247 890 823 218 157
is_linear=0
shrinkage=0.03


Tree=144
num_leaves=31
num_cat=0
split_feature=4 4 6 0 9 2 0 8 0 9 8 2 9 3 2 9 3 7 9 7 0 6 6 9 3 0 0 6 0 0
split_gain=0.0236591 0.0844061 0.0364973 0.0241891 0.0424049 0.0312672 0.025512 0.0299915 0.059808 0.0882816 0.0217739 0.0454246 0.044378 0.0227217 0.0278017 0.147741 0.0334159 0.0302634 0.0366873 0.0342701 0.0377508 0.0335017 0.109064 0.030452 0.0250059 0.0401096 0.0483595 0.0433912 0.0286977 0.0439074
threshold=-0.11885780319867155 -0.098905246456421833 23.734910376783322 -0.063869007457190582 0.059235197089609774 0.5496430889033096 0.099350402834605847 2.5074070652001095 0.058194183864915601 0.03425257119690258 0.43209997507328746 0.13084799477020162 0.037171394571774936 0.077476466186143469 0.29532921249583372 0.044242982010957589 -0.051282134527377614 0.31665787577651677 0.04222417709937118 0.2459879413413544 -0.0065645828545162202 35.632293252156288 44.811723823629954 0.050083738565685078 -0.038663700695965413 -0.032028571157188872 -0.023850009924140821 54.783239729917341 -0.0070990708670076166 1.0000000180025095e-35
decision_type=2 2 2 2 2 2 2 2 2 2 2 2 2 2 2 2 2 2 2 2 2 2 2 2 2 2 2 2 2 2
left_child=-1 -2 -3 -4 5 6 7 8 10 -10 11 12 -5 14 16 -16 -12 19 21 23 -21 -19 -23 24 -18 -26 27 -27 -28 -30
right_child=1 2 3 4 -6 -7 -8 -9 9 -11 13 -13 -14 -15 15 -17 17 18 -20 20 -22 22 -24 -25 25 26 28 -29 29 -31
leaf_value=-0.00072219792933901769 0.001782962778233923 -0.0011697984110651304 0.00083860884067572404 -0.00055436491840571932 -0.0013802937828004359 0.00095327960935631586 -0.0010471691403238636 -0.000840640414279659 0.0024640130398223513 9.8034695140086108e-05 -0.00089975503350918481 -0.0013313375794164397 0.0010493507742648945 -0.00096408312641350273 -0.00051235899860330386 0.0024419734720140694 0.0009067032842098602 -0.0010181475983357387 -0.0012615600723490518 0.001526183321801645 9.7981615690514437e-05 0.0015460101875360123 -0.00024337457263651815 0.00077422136968166068 -0.0011887469999492168 -4.8857062674042851e-06 -0.00031295782745819934 0.001821909197140485 0.00048987267012008055 -6.3906196446335498e-05
leaf_weight=40 24 24 31 44 20 31 21 37 22 40 36 34 24 21 39 25 28 34 28 31 36 35 247 51 25 22 226 25 173 505
leaf_count=40 24 24 31 44 20 31 21 37 22 40 36 34 24 21 39 25 28 34 28 31 36 35 247 51 25 22 226 25 173 505
internal_value=-1.20081e-12 1.48984e-05 -7.26015e-06 7.49443e-06 -6.35748e-06 8.57661e-06 -7.61233e-06 4.59723e-06 2.24578e-05 0.000937575 -1.11345e-05 -0.000436011 1.16524e-05 1.61733e-05 2.93185e-05 0.000641677 3.22597e-06 2.54001e-05 -0.000220767 0.000100874 0.000758791 -0.000128545 -2.12878e-05 5.90914e-05 2.27651e-05 -2.59381e-06 2.85879e-05 0.000966814 -2.01915e-05 7.73973e-05
internal_weight=1979 1939 1915 1891 1860 1840 1809 1788 1751 62 1689 102 68 1587 1566 64 1502 1466 344 1122 67 316 282 1055 1004 976 951 47 904 678
internal_count=1979 1939 1915 1891 1860 1840 1809 1788 1751 62 1689 102 68 1587 1566 64 1502 1466 344 1122 67 316 282 1055 1004 976 951 47 904 678
is_linear=0
shrinkage=0.03


Tree=145
num_leaves=31
num_cat=0
split_feature=5 4 8 4 4 6 8 5 4 9 7 2 9 3 9 4 9 5 2 3 5 4 2 5 3 4 3 3 2 5
split_gain=0.0266103 0.0517589 0.0295237 0.0225066 0.0790682 0.0345638 0.0204336 0.0452804 0.0348402 0.0276373 0.093835 0.127282 0.098736 0.111142 0.0799451 0.0772893 0.0454419 0.0857984 0.0740166 0.0445649 0.042949 0.0428171 0.0364827 0.05778 0.0295353 0.03413 0.0870467 0.0749203 0.0425643 0.0268418
threshold=0.48243215995500294 0.23271976271406883 1.2434150153598267 -0.11885780319867155 -0.098905246456421833 23.734910376783322 0.43209997507328746 0.058979009696924496 0.0049151868135508545 0.040462546360846639 -0.44342676364194833 0.29532921249583372 0.04344103780815909 0.0021964837611153647 0.036116982999966352 -0.038411460393636736 0.046951899307722554 0.17469865937252774 0.057233975843850711 -1.0000000180025095e-35 -0.0067475689022324916 0.036015701798081452 -0.1074556475224334 -0.028935352251604648 0.070535098361274598 0.10079489148764577 0.053662132779765399 0.046975020041680089 0.18280841056504529 0.13164452278614805
decision_type=2 2 2 2 2 2 2 2 2 2 2 2 2 2 2 2 2 2 2 2 2 2 2 2 2 2 2 2 2 2
left_child=1 3 -2 -1 -5 -6 7 8 -7 14 -11 12 13 -12 22 -14 17 -17 20 -20 -18 -16 23 -8 25 26 28 -27 29 -24
right_child=2 -3 -4 4 5 6 9 -9 -10 10 11 -13 15 -15 21 16 18 -19 19 -21 -22 -23 24 -25 -26 27 -28 -29 -30 -31
leaf_value=-0.00070053200813708825 -0.00013094318337829373 0.001501137904290642 -0.0014932462013199587 0.0017294739634962752 -0.0011347044611466116 0.0012531292162748285 0.0017706823154973487 -0.00094360593031555151 -0.00042676858529448508 -0.0015297203634279709 -7.7361550980380603e-05 0.0025045163579285146 0.0015840878641313833 0.0029111199360340833 -0.00029931585440925995 0.00043249560420268346 -4.1461612646734073e-05 -0.0020853974580250937 -0.00010469897286384366 0.0014442813562678305 -0.0018127624112689359 -0.0015485461210956537 2.512038135137118e-05 -0.00035678016347810622 0.0010566887729146401 8.0090286522936901e-05 0.0018686746538657208 -0.0015874885914442865 0.00068490050524448991 -0.00037162490350780707
leaf_weight=40 41 21 22 24 24 20 27 59 25 23 21 25 23 24 58 21 28 29 32 35 22 43 856 20 24 67 23 38 77 187
leaf_count=40 41 21 22 24 24 20 27 59 25 23 21 25 23 24 58 21 28 29 32 35 22 43 856 20 24 67 23 38 77 187
internal_value=1.34386e-12 1.99479e-05 -0.000606668 3.53361e-06 1.87156e-05 -3.7083e-06 1.13132e-05 -0.000396917 0.000319853 3.62433e-05 0.000306959 0.000469434 0.000252936 0.0015165 -1.77091e-05 -4.6328e-05 -0.000270876 -0.00102788 5.26306e-05 0.00070447 -0.000820834 -0.000831166 4.45799e-05 0.000865379 1.42516e-05 -5.79525e-06 4.17551e-05 -0.000523414 4.23797e-06 -4.60123e-05
internal_weight=1979 1916 63 1895 1855 1831 1807 104 45 1703 283 260 235 45 1420 190 167 50 117 67 50 101 1319 47 1272 1248 1143 105 1120 1043
internal_count=1979 1916 63 1895 1855 1831 1807 104 45 1703 283 260 235 45 1420 190 167 50 117 67 50 101 1319 47 1272 1248 1143 105 1120 1043
is_linear=0
shrinkage=0.03


Tree=146
num_leaves=31
num_cat=0
split_feature=5 4 8 6 4 0 3 0 9 5 6 4 3 5 8 9 9 8 9 6 1 1 1 1 5 4 8 6 4 5
split_gain=0.0250377 0.0486999 0.0277789 0.0216675 0.0361305 0.0325922 0.028281 0.0272895 0.0308309 0.0197137 0.0362263 0.0427353 0.0496294 0.0280438 0.0293467 0.0258619 0.0256307 0.0890181 0.100835 0.160244 0.11245 0.0682339 0.12799 0.0964528 0.0484998 0.0439638 0.0342754 0.0411626 0.0507207 0.0330487
threshold=0.48243215995500294 0.23271976271406883 1.2434150153598267 20.37234042553192 -0.090629358883831987 -0.063869007457190582 -0.051282134527377614 -0.040469452196585591 0.036773447721003751 0.22837135710603776 83.939462560386502 0.13685680025460237 0.067040190820062864 0.27553628447297723 0.90294832502276401 0.036597633248879498 0.025751445073890943 0.87816586312911948 0.029841361739540263 70.731859511499394 0.044757326007326077 0.089929255664311439 0.0034298527062275323 0.0309578481690338 0.15795606684376332 0.0073240861851571202 1.1677901483951307 63.960003960003974 0.015947824395366132 0.11391785081567453
decision_type=2 2 2 2 2 2 2 2 2 2 2 2 2 2 2 2 2 2 2 2 2 2 2 2 2 2 2 2 2 2
left_child=1 3 -2 -1 7 -6 -7 -5 -9 16 11 13 -13 15 -15 -11 26 -18 20 21 -19 22 25 -24 -25 -20 29 28 -28 -8
right_child=2 -3 -4 4 5 6 9 8 -10 10 -12 12 -14 14 -16 -17 17 18 19 -21 -22 -23 23 24 -26 -27 27 -29 -30 -31
leaf_value=0.00089910729264374822 -0.00012701491706027852 0.0014561038384480135 -0.0014484488242305815 0.00011828554037492722 0.0010328972344619354 -0.00085556960418162978 0.00019938054466679927 -0.0020059096512850373 -0.00039537639913918532 -0.00039785104248200208 -0.0014824991561254136 0.0014714124315004381 -0.00040353111457079648 -0.00077101012944932217 0.0006533311505336314 -0.0017003751823516642 -6.8983363401439922e-05 0.00053509051522269144 -0.00015919070477139031 0.0023799676440880986 0.0031912498111621689 -0.0010346849400084466 0.0025223109715928633 -0.00034050308177912875 0.0015114235421642662 -0.0019521919735707341 -0.00018161530886359018 6.8865805968436263e-05 -0.0013892367778442286 -0.00029096305444595755
leaf_weight=24 41 21 22 24 28 34 428 20 23 34 20 27 24 23 30 23 463 32 32 29 26 45 27 35 20 20 68 104 58 174
leaf_count=24 41 21 22 24 28 34 428 20 23 34 20 27 24 23 30 23 463 32 32 29 26 45 27 35 20 20 68 104 58 174
internal_value=-3.23392e-12 1.93494e-05 -0.000588468 3.4276e-06 -8.06161e-06 1.73446e-05 1.33367e-06 -0.000692134 -0.00114446 1.80585e-05 -0.000278317 -0.00012873 0.000589086 -0.000461535 3.52208e-05 -0.000923431 5.24237e-05 0.00018229 0.000619658 0.000311219 0.00172578 -2.39414e-05 0.000315487 0.00105382 0.000332925 -0.000848807 -6.13657e-05 -0.000372885 -0.000737505 5.76533e-05
internal_weight=1979 1916 63 1895 1871 1804 1776 67 43 1742 181 161 51 110 53 57 1561 729 266 208 58 179 134 82 55 52 832 230 126 602
internal_count=1979 1916 63 1895 1871 1804 1776 67 43 1742 181 161 51 110 53 57 1561 729 266 208 58 179 134 82 55 52 832 230 126 602
is_linear=0
shrinkage=0.03


Tree=147
num_leaves=31
num_cat=0
split_feature=1 4 0 0 9 4 4 6 0 0 9 2 4 0 2 3 7 9 6 6 9 0 7 9 3 1 0 0 2 2
split_gain=0.0233478 0.042606 0.0214934 0.0306054 0.0281621 0.033213 0.0840213 0.032893 0.0168557 0.0336977 0.0713978 0.0234436 0.033624 0.0503275 0.0363716 0.0243333 0.0191011 0.0394863 0.0397416 0.0911556 0.0366651 0.0350056 0.0466048 0.0403454 0.0327839 0.0317896 0.0311605 0.0308739 0.0275573 0.0325585
threshold=0.28185092619817714 0.26881607714569228 -0.078793212323153602 -0.063869007457190582 0.059235197089609774 -0.098905246456421833 -0.11885780319867155 23.734910376783322 0.09231323857145525 0.058194183864915601 0.03425257119690258 0.41368158618905398 0.14250170761421979 0.020768808673245712 0.29532921249583372 -0.051282134527377614 0.31665787577651677 0.04222417709937118 35.632293252156288 44.811723823629954 0.052261383887176681 0.0276529851459596 0.2459879413413544 0.021352957021287425 0.049504913506185473 0.059968454258675148 0.034174964438122298 0.025089928057553949 0.18280841056504529 0.14544628878985891
decision_type=2 2 2 2 2 2 2 2 2 2 2 2 2 2 2 2 2 2 2 2 2 2 2 2 2 2 2 2 2 2
left_child=1 2 -1 -4 5 6 -5 -7 9 11 -11 12 14 -14 15 -9 20 18 -18 -20 21 22 27 -24 25 -21 -23 28 29 -17
right_child=-2 -3 3 4 -6 7 -8 8 -10 10 -12 -13 13 -15 -16 16 17 -19 19 24 -22 26 23 -25 -26 -27 -28 -29 -30 -31
leaf_value=-0.00089669528766535213 -0.0010198207916691899 0.0013231941367584197 0.0010712621751008554 -0.00050170285095061577 -0.0010501792894311896 -0.0011164697197091299 0.002181918917090765 -0.00076251570466219585 -0.00062359548471010247 0.0020684821505776857 -0.00015162724535912274 0.00094300531265933225 1.2695642286225369e-07 -0.0017127864442479151 0.001140752742625773 1.0508092928472306e-05 -0.0010335859928939802 -0.0012476879481531293 0.0014364615529484581 -0.00012824317623832913 0.0010199369712333593 -0.0011411146794562228 -7.0815009001473143e-05 0.0015779597243047593 0.00093200277071446179 -0.0010862406615696444 -9.6789140613206352e-05 0.001041432979464945 0.00046235906996191779 -0.00066895844090891917
leaf_weight=24 20 22 24 21 23 24 21 38 38 22 32 23 38 26 25 792 36 29 36 198 35 40 22 34 22 37 72 27 109 69
leaf_count=24 20 22 24 21 23 24 21 38 38 22 32 23 38 26 25 792 36 29 36 198 35 40 22 34 22 37 72 27 109 69
internal_value=6.88918e-13 1.04116e-05 -4.49863e-06 6.69463e-06 -6.83084e-06 6.0293e-06 0.000840108 -1.31765e-05 1.53411e-06 1.50159e-05 0.000752862 -8.31177e-06 -2.12971e-05 -0.000695744 5.33127e-06 -1.24542e-05 5.84003e-06 -0.000186476 -9.29346e-05 2.26404e-05 6.32143e-05 3.44716e-05 8.81033e-05 0.000930227 -0.000175405 -0.000279077 -0.000469763 4.08025e-05 1.29499e-05 -4.39439e-05
internal_weight=1979 1959 1937 1913 1889 1866 42 1824 1800 1762 54 1708 1685 64 1621 1596 1558 358 329 293 1200 1165 1053 56 257 235 112 997 970 861
internal_count=1979 1959 1937 1913 1889 1866 42 1824 1800 1762 54 1708 1685 64 1621 1596 1558 358 329 293 1200 1165 1053 56 257 235 112 997 970 861
is_linear=0
shrinkage=0.03


Tree=148
num_leaves=31
num_cat=0
split_feature=5 4 1 6 4 0 0 3 7 7 2 5 0 0 0 6 6 2 5 4 4 2 4 3 3 3 2 6 7 1
split_gain=0.0240828 0.0454686 0.0255944 0.0205927 0.0342499 0.0298334 0.0265929 0.0251972 0.018477 0.0552442 0.032045 0.0461413 0.0235909 0.0206228 0.063213 0.0217079 0.0728678 0.204636 0.0765264 0.0496799 0.0444983 0.0381499 0.0270126 0.0341559 0.0851775 0.0667554 0.0555616 0.0390784 0.0347371 0.0508972
threshold=0.48243215995500294 0.23271976271406883 0.19108154717910811 20.37234042553192 -0.090629358883831987 -0.063869007457190582 -0.040469452196585591 -0.051282134527377614 -0.43033673741546813 -0.40385724677167273 -0.018781305441823156 0.10007320178922031 0.0094323735200849707 0.079414282656773985 0.058194183864915601 69.957627118644083 71.394050991501416 0.14273227969348659 0.3389522767846353 0.1586284293646161 0.11635392334398499 0.23388153688786598 0.096089876761547358 0.028205980954671087 0.032489853656799912 0.025293154499284268 0.11688223361661611 58.258875149581179 0.45425375885109759 0.034977724468814204
decision_type=2 2 2 2 2 2 2 2 2 2 2 2 2 2 2 2 2 2 2 2 2 2 2 2 2 2 2 2 2 2
left_child=1 3 -2 -1 6 -6 -5 -7 10 -10 -9 12 -12 14 15 20 17 -17 19 -18 21 22 23 25 -25 28 27 -26 -11 -30
right_child=2 -3 -4 4 5 7 -8 8 9 13 11 -13 -14 -15 -16 16 18 -19 -20 -21 -22 -23 -24 24 26 -27 -28 -29 29 -31
leaf_value=0.00087677327042911201 -0.0001647516010805618 0.0014072473693106855 -0.0014637672153767199 0.0001263692567590624 0.00098874917769405449 -0.00080702705774456259 -0.0011201567723155886 -0.0010666722002930034 0.0012263885229559881 9.4025191944869594e-05 0.0011136261932551861 -0.00060330980581291499 -0.00019979809247888626 -0.00061168969996894392 0.0012820755022888383 -0.00077371566955532353 4.7746404482463568e-05 0.0033223292932076298 -0.001737188108934788 0.0015203898096376139 -0.0013534622780128343 -0.0010592827975239242 0.0011001777242054232 -0.0018689424576296006 3.458305672906777e-05 0.0016835636137032203 0.0011165912573536235 -0.0013603037246502935 -0.00018852726395068514 -0.0018042953617405145
leaf_weight=24 43 21 20 24 28 34 43 37 35 794 32 62 20 45 36 21 199 23 20 23 23 31 20 30 51 22 27 28 143 20
leaf_count=24 43 21 20 24 28 34 43 37 35 794 32 62 20 45 36 21 199 23 20 23 23 31 20 30 51 22 27 28 143 20
internal_value=3.23613e-13 1.89769e-05 -0.000577138 3.59233e-06 -7.60828e-06 1.71279e-05 -0.00067364 1.80958e-06 1.75963e-05 4.76963e-05 -0.00029955 -5.05713e-05 0.000608463 2.11833e-05 4.00312e-05 9.71692e-06 0.000244379 0.0013674 4.01931e-05 0.000200318 -4.67282e-05 -2.09521e-05 7.40755e-06 -1.21937e-05 -0.000457684 4.96926e-05 -5.82717e-05 -0.000459807 1.21324e-05 -0.000386781
internal_weight=1979 1916 63 1895 1871 1804 67 1776 1742 1591 151 114 52 1556 1511 1475 286 44 242 222 1189 1166 1135 1115 136 979 106 79 957 163
internal_count=1979 1916 63 1895 1871 1804 67 1776 1742 1591 151 114 52 1556 1511 1475 286 44 242 222 1189 1166 1135 1115 136 979 106 79 957 163
is_linear=0
shrinkage=0.03


Tree=149
num_leaves=31
num_cat=0
split_feature=5 2 8 5 6 6 5 5 7 2 8 2 7 6 2 0 9 5 6 9 0 8 2 2 2 9 8 8 7 9
split_gain=0.0226595 0.0435554 0.0251613 0.0201256 0.0494784 0.0381056 0.0262402 0.0464314 0.10467 0.034558 0.031847 0.0520873 0.070511 0.0551696 0.0364593 0.0571877 0.0587151 0.0399087 0.0414056 0.0355622 0.0407092 0.0313775 0.0299976 0.0291468 0.0290444 0.0376767 0.101494 0.182555 0.07727 0.0770161
threshold=0.48243215995500294 0.39941752928167856 1.2434150153598267 -0.077985740794959665 25.362364375183279 23.734910376783322 -0.062165258003855965 -0.040788062972407273 -0.18708233593340526 -0.13036408404323549 0.43209997507328746 -0.069312288251256446 -0.20671021612451615 40.81666666666667 -0.0092670120135316929 0.031012560832515804 0.017742069835315146 -0.0040272078770142153 43.409043626134078 0.052261383887176681 -0.035069632844999081 1.4123790956357365 -0.060916519591681088 0.13084799477020162 -0.0037355560821265006 0.040210937526493455 0.89500207313334545 1.0695283734636385 0.21812230565794336 0.035613520529957518
decision_type=2 2 2 2 2 2 2 2 2 2 2 2 2 2 2 2 2 2 2 2 2 2 2 2 2 2 2 2 2 2
left_child=1 3 -2 4 -1 -5 -7 8 -8 -9 23 12 -12 -14 15 16 -13 -18 -19 20 21 -16 -10 -11 -22 29 -27 -28 -29 -26
right_child=2 -3 -4 5 -6 6 7 9 22 10 11 14 13 -15 19 -17 17 18 -20 -21 24 -23 -24 -25 25 26 27 28 -30 -31
leaf_value=0.0016835480028696891 -0.0001206490762599903 0.0011722095080265967 -0.0013782845655540851 -0.0012413032879324062 0.00011497192362497581 -0.00072687670557449249 0.0021535879370338956 -0.0010559456670207194 -0.00076000582545280584 -0.00014578133855030825 -0.00049774879195655763 -0.0017388247665949164 0.002651694615371525 0.00064314392639062132 -0.0011055199634663912 -0.0018047088157871496 -0.00082149708966608155 -0.0004589276571225907 0.00073578355013919272 0.0010809959278538311 0.0011188986387265765 0.00018384554620402363 0.00060532852308824658 -0.0012485716118039013 4.5333690971133779e-05 -0.00034337257994199866 0.0036343551639999661 -0.00075042615810941369 0.0015693370686494746 -0.0010495890184228623
leaf_weight=21 41 29 22 23 131 45 29 29 28 59 26 20 20 32 49 23 40 42 69 29 23 26 30 34 857 67 21 28 24 62
leaf_count=21 41 29 22 23 131 45 29 29 28 59 26 20 20 32 49 23 40 42 69 29 23 26 30 34 857 67 21 28 24 62
internal_value=2.49548e-12 1.84076e-05 -0.000559823 6.75571e-07 0.000331683 -2.83234e-05 -1.20275e-05 7.26959e-06 0.000681997 -2.98831e-05 -1.06982e-05 2.36349e-05 0.000777859 0.00141566 -1.89952e-05 -0.000400261 -0.000211358 -9.0449e-06 0.000283731 4.33703e-05 1.73624e-05 -0.00065854 -5.37984e-05 -0.000548952 6.42133e-05 4.1307e-05 0.000499769 0.00127361 0.000320234 -2.85349e-05
internal_weight=1979 1916 63 1887 152 1735 1712 1667 87 1580 1551 1458 78 52 1380 194 171 151 111 1186 1157 75 58 93 1082 1059 140 73 52 919
internal_count=1979 1916 63 1887 152 1735 1712 1667 87 1580 1551 1458 78 52 1380 194 171 151 111 1186 1157 75 58 93 1082 1059 140 73 52 919
is_linear=0
shrinkage=0.03


Tree=150
num_leaves=31
num_cat=0
split_feature=8 7 7 9 6 3 2 2 4 8 7 2 8 4 4 4 0 0 3 0 0 0 2 3 2 3 9 0 6 6
split_gain=0.0226138 0.0423011 0.0493777 0.0724301 0.0382387 0.0312885 0.0286563 0.0388691 0.0265061 0.0303021 0.127623 0.0375627 0.0345321 0.0262348 0.0393988 0.026976 0.0251848 0.0296405 0.0247721 0.0239131 0.0331708 0.0395249 0.0465886 0.0532452 0.0174633 0.0822503 0.0388045 0.0264741 0.0222295 0.0332497
threshold=1.915845702081213 0.10598768200052013 0.98471158500994593 0.030434215926805303 20.37234042553192 0.055879051625124861 0.46320706300911046 0.70895968623416716 -0.090629358883831987 1.6599866352613899 0.80405522717174849 0.30993088929091889 1.1406050473993938 0.1586284293646161 0.12040022802883311 0.1096000251561985 -0.061663391629003687 -0.042745947714907577 -0.046086173934924028 0.059892770834106941 0.031548170063952503 0.035208944281524886 -0.0055641541557034371 0.017508055803730053 -0.069312288251256446 0.017267009416923943 0.052261383887176681 0.0090674183697438977 37.743304163351908 39.927536231884062
decision_type=2 2 2 2 2 2 2 2 2 2 2 2 2 2 2 2 2 2 2 2 2 2 2 2 2 2 2 2 2 2
left_child=4 -2 3 -3 -1 -4 8 -8 18 11 -11 13 -13 14 15 16 -10 -18 -6 20 24 -22 -23 -24 25 27 28 -19 -26 -30
right_child=1 2 5 -5 6 -7 7 -9 9 10 -12 12 -14 -15 -16 -17 17 19 -20 -21 21 22 23 -25 26 -27 -28 -29 29 -31
leaf_value=0.0012985603079349467 -0.0016228048679684953 -0.00050684517546970801 -0.00018294816138222813 0.0018120738950727338 -4.7366757353302088e-05 -0.0017253494862816297 0.0015533322790637612 -0.00015554197648864077 0.0010665018763393163 -0.00047392889750720796 0.0024195435941826711 -0.0013933170908554033 0.00016287402482703328 0.0010221654727407125 -0.00089408388289590477 0.00091735977120697499 -0.00088083191089989501 0.00023122860414150634 -0.0012579467346699074 0.00080148545141770118 -0.0013611400444907221 -0.0011984012948556078 0.0013357727476753867 -0.0004168937304236281 -0.0005159742610815625 0.0019940731706826584 0.0011234618961397144 -0.00092339625216222225 0.00097687335023956897 -2.0594080575824814e-05
leaf_weight=21 21 27 29 22 32 20 25 23 20 34 23 33 21 23 43 30 34 120 29 34 33 27 26 39 78 23 27 21 31 1010
leaf_count=21 21 27 29 22 32 20 25 23 20 34 23 33 21 23 43 30 34 120 29 34 33 27 26 39 78 23 27 21 31 1010
internal_value=-3.30672e-13 -0.000400929 -0.000139099 0.000534302 2.56509e-05 -0.0008125 1.11152e-05 0.000734497 -8.27193e-06 1.33995e-05 0.000693613 -9.77571e-06 -0.000788132 1.61855e-05 1.68831e-06 2.64908e-05 8.94246e-06 -5.13019e-06 -0.000622888 1.51379e-05 -3.49331e-06 -0.000470426 -0.00015093 0.000284173 4.10613e-05 0.000330609 -3.74755e-07 5.92632e-05 -2.74915e-05 9.10956e-06
internal_weight=1979 119 98 49 1860 49 1839 48 1791 1730 57 1673 54 1619 1596 1553 1523 1503 61 1469 1435 125 92 65 1310 164 1146 141 1119 1041
internal_count=1979 119 98 49 1860 49 1839 48 1791 1730 57 1673 54 1619 1596 1553 1523 1503 61 1469 1435 125 92 65 1310 164 1146 141 1119 1041
is_linear=0
shrinkage=0.03


Tree=151
num_leaves=31
num_cat=0
split_feature=7 1 2 7 7 4 8 8 8 6 6 8 2 6 6 1 9 1 1 9 2 8 8 2 9 5 2 2 2 8
split_gain=0.0218364 0.0614012 0.0763892 0.048001 0.0357835 0.0342868 0.0366717 0.0708217 0.0588042 0.0476438 0.036146 0.0239884 0.06064 0.0456137 0.0405984 0.0484965 0.0767267 0.0478319 0.0736158 0.0510073 0.0836383 0.0478463 0.0409089 0.0432007 0.0567731 0.0951377 0.0316217 0.0329645 0.0291099 0.027351
threshold=0.98471158500994593 0.09358468932587817 0.029326316727891547 1.5473571246381141 0.89888400601532314 0.28689836098073257 1.6234995665323932 2.1657085105182188 1.5468157765870336 69.035594035594059 55.153921258938063 0.81272988961931736 -0.16349538540488959 30.505050505050509 33.882039470713096 -0.088929204195398445 0.052261383887176681 -0.041963829421199798 -0.033397068196303441 0.044548408961695568 0.20634325926891253 1.1274821170409892 0.82951876394908042 0.0049248202222705881 0.022493690326704525 -0.012936649124033304 0.028737979004551443 0.045640790833098584 0.019544233895088862 0.78099473216143955
decision_type=2 2 2 2 2 2 2 2 2 2 2 2 2 2 2 2 2 2 2 2 2 2 2 2 2 2 2 2 2 2
left_child=4 2 -2 -4 5 6 8 9 11 10 -8 29 -13 -14 -15 -16 17 21 -19 22 -21 -17 -20 24 -24 -26 28 -28 -25 -1
right_child=1 -3 3 -5 -6 -7 7 -9 -10 -11 -12 12 13 14 15 16 -18 18 19 20 -22 -23 23 26 25 -27 27 -29 -30 -31
leaf_value=-5.4028204751594923e-05 -0.00080321897324001133 -0.0015933432919575414 -3.1577441532135702e-05 0.0019324041759578646 0.0012573252086128508 0.0011890710091789845 -0.00084873929243185558 0.00058654956565078458 0.0014770975564140825 -0.00014200769211377272 -0.0025160604264502498 0.0014718809482994779 -0.0010528208816979331 0.0014547729653713759 0.0012888026918316711 3.6314361212724768e-05 -0.0013986218905483838 0.0019738678800858907 0.0013485414601330245 -0.00014094738269467715 0.0024776970335681522 -0.0016073846400935768 -0.00028811097537216385 -7.5774006545543672e-05 0.002740120501945388 0.00016057439884471317 0.00084348414853281737 -0.00011845308786830425 -0.0016206532765341841 -0.00070440501423685677
leaf_weight=763 52 29 24 21 21 22 25 36 25 33 22 29 31 20 29 37 32 20 21 23 21 28 38 21 22 31 35 382 23 63
leaf_count=763 52 29 24 21 21 22 25 36 25 33 22 29 31 20 29 37 32 20 21 23 21 28 38 21 22 31 35 382 23 63
internal_value=6.8401e-13 -0.000382156 -2.0049e-05 0.000884947 2.59858e-05 1.18711e-05 -2.43739e-06 -0.000518468 3.28988e-05 -0.00101573 -0.00162919 1.12661e-05 0.000123848 7.58227e-05 0.000120507 8.5533e-05 3.79923e-05 0.000103479 0.000182583 0.000124519 0.00110886 -0.000671741 4.89323e-05 -5.09372e-07 0.000596838 0.00123133 -0.000118424 -3.7715e-05 -0.000883325 -0.000103633
internal_weight=1979 126 97 45 1853 1832 1810 116 1694 80 47 1669 843 814 783 763 734 702 637 617 44 65 573 552 91 53 461 417 44 826
internal_count=1979 126 97 45 1853 1832 1810 116 1694 80 47 1669 843 814 783 763 734 702 637 617 44 65 573 552 91 53 461 417 44 826
is_linear=0
shrinkage=0.03


Tree=152
num_leaves=31
num_cat=0
split_feature=5 4 6 4 4 6 8 5 4 9 7 9 3 5 9 3 6 5 5 4 2 5 4 4 6 5 5 2 6 4
split_gain=0.0212306 0.041066 0.024473 0.0202306 0.0722782 0.032437 0.017631 0.0406247 0.0326799 0.023584 0.0830045 0.115817 0.124028 0.181827 0.0706644 0.0563483 0.046675 0.0400365 0.0386586 0.059194 0.0372663 0.0542268 0.0349547 0.0329236 0.0220407 0.0533644 0.0369998 0.0525935 0.0387207 0.0303148
threshold=0.48243215995500294 0.23271976271406883 77.762128325508613 -0.11885780319867155 -0.098905246456421833 23.734910376783322 0.43209997507328746 0.058979009696924496 0.0049151868135508545 0.040462546360846639 -0.44342676364194833 0.0447716414121564 0.00090971984272958395 0.21672624709526847 0.036597633248879498 0.0080402907816892206 62.961843388889655 0.26149181631419688 0.084036882248917602 -0.0032588388550847665 -0.1074556475224334 -0.028935352251604648 0.03032492431953349 -0.013674352897910911 32.619484302513762 -0.050160564623131558 -0.023113077878314178 -0.070985446042161046 86.817279046673306 -0.031488932965266107
decision_type=2 2 2 2 2 2 2 2 2 2 2 2 2 2 2 2 2 2 2 2 2 2 2 2 2 2 2 2 2 2
left_child=1 3 -2 -1 -5 -6 7 8 -7 14 -11 12 -12 -14 20 16 18 -17 -13 -20 21 -8 23 -16 25 -22 29 -28 -29 -26
right_child=2 -3 -4 4 5 6 9 -9 -10 10 11 15 13 -15 22 17 -18 -19 19 -21 24 -23 -24 -25 26 -27 27 28 -30 -31
leaf_value=-0.00066432031081058076 -0.00012378576644031064 0.0013371661727848861 -0.0013780837768821845 0.001653245315537788 -0.0010994959001254755 0.0012143011582084 0.0017116476450090496 -0.00088632071959012643 -0.00041268036738038063 -0.0014434975438305864 1.6986037444439716e-05 -9.2578008163558395e-06 0.0043895688496360724 0.00048688254851315699 -0.00097931426973082124 -0.00080408679468500603 -0.00056142562825698403 0.00068008957031582087 0.0026019952734085646 0.00037523644843271803 -0.00049546669786130744 -0.00033364151883870363 -0.0015392113960744512 0.00054861877917904741 -0.0011166663101852634 0.0015209313414783941 0.0014373807837546337 4.2512229863863386e-05 -0.0012903532176023872 -0.00019415290047791563
leaf_weight=40 42 21 21 24 24 20 28 59 25 23 32 23 22 21 30 74 24 21 22 21 21 20 37 22 43 27 24 1022 20 126
leaf_count=40 42 21 21 24 24 20 28 59 25 23 32 23 22 21 30 74 24 21 22 21 21 20 37 22 43 27 24 1022 20 126
internal_value=-2.3168e-12 1.78177e-05 -0.000541885 3.19697e-06 1.75909e-05 -3.84861e-06 1.07034e-05 -0.000368499 0.000310423 3.38608e-05 0.000283938 0.000436749 0.00143118 0.00248361 -1.59784e-05 3.36009e-05 0.000571519 -0.000476006 0.000983499 0.00151451 3.87463e-05 0.000859444 -0.000834389 -0.000332881 8.04209e-06 0.000638757 -1.64715e-05 4.89095e-05 1.69294e-05 -0.000428875
internal_weight=1979 1916 63 1895 1855 1831 1807 104 45 1703 283 260 75 43 1420 185 90 95 66 43 1331 48 89 52 1283 48 1235 1066 1042 169
internal_count=1979 1916 63 1895 1855 1831 1807 104 45 1703 283 260 75 43 1420 185 90 95 66 43 1331 48 89 52 1283 48 1235 1066 1042 169
is_linear=0
shrinkage=0.03


Tree=153
num_leaves=31
num_cat=0
split_feature=0 5 1 0 9 2 5 9 8 2 1 5 2 9 9 9 9 1 7 0 9 0 0 0 5 0 0 9 7 8
split_gain=0.022189 0.0269289 0.0955052 0.0229668 0.0233861 0.0266826 0.0294339 0.147647 0.0964573 0.0473836 0.0322949 0.0211179 0.062057 0.0556162 0.100199 0.0309221 0.0354675 0.0354814 0.0240082 0.0917662 0.0463757 0.0311624 0.0302229 0.0278282 0.0352246 0.025921 0.0534284 0.0336089 0.0325877 0.0331981
threshold=-0.078793212323153602 -0.102800231474715 -0.060325922565033267 -0.063869007457190582 0.058393703430621696 0.5496430889033096 0.35767842657335708 0.045202141561819807 0.95083501198210629 0.33304222004030798 -0.10828451241527297 0.18642551087439987 0.24745382294502918 0.047898669812329743 0.04344103780815909 0.030960297732354741 0.033354817505333034 0.079492543718485145 0.98471158500994593 0.058194183864915601 0.023706624567372131 0.046686079888445982 0.039946808510638372 0.031548170063952503 0.071752309426285313 0.024163139201089815 0.022414816844797739 0.025853438825319233 0.44273882030920936 0.72164339749312767
decision_type=2 2 2 2 2 2 2 2 2 2 2 2 2 2 2 2 2 2 2 2 2 2 2 2 2 2 2 2 2 2
left_child=-1 2 -2 -3 5 6 9 -8 -9 10 -5 12 18 14 15 -13 -17 -18 19 21 -20 22 23 25 -25 26 28 -27 29 -12
right_child=1 3 -4 4 -6 -7 7 8 -10 -11 11 13 -14 -15 -16 16 17 -19 20 -21 -22 -23 -24 24 -26 27 -28 -29 -30 -31
leaf_value=-0.00090664021554403011 0.0022355759433809329 0.00095068148633634499 -5.1214584163972174e-05 -0.00086291889916174111 -0.0010198016784020831 0.00088980200786769779 -0.0022760448854512953 -0.00096043522536222426 0.0018820752019316636 0.0013806751268831165 -9.8591278306147691e-05 0.00021213932428805973 0.0017031395360827446 0.0010805723156780004 -0.0020231752321124077 -0.0016726820901967585 -0.00088921196390098582 0.00047266437103231015 0.00040203913605035911 0.0016122626632965296 -0.001099206841444475 -0.0011648159483447671 0.0010831474408041686 0.00010844937887870603 -0.0014239685602175692 -7.1693849386065259e-05 -0.0014941107528284193 0.0012928039580054412 -0.00040333789499062629 0.0002537909144829001
leaf_weight=24 22 22 65 40 21 29 29 21 22 22 440 98 20 25 30 20 36 33 31 33 46 20 24 27 27 32 21 33 135 531
leaf_count=24 22 22 65 40 21 29 29 21 22 22 440 98 20 25 30 20 36 33 31 33 46 20 24 27 27 32 21 33 135 531
internal_value=-1.32831e-12 1.11301e-05 0.000527054 -1.28985e-05 -2.43821e-05 -1.2928e-05 -2.75043e-05 -0.000621789 0.000493872 -2.68503e-06 -2.05663e-05 -2.93072e-07 4.38532e-05 -0.000259333 -0.0004137 -0.000155496 -0.000560307 -0.00023788 2.01491e-05 5.01202e-05 -0.000494809 1.01585e-05 2.8662e-05 8.35087e-06 -0.00065776 3.8527e-05 4.92979e-06 0.000621051 3.33926e-05 9.41121e-05
internal_weight=1979 1955 87 1868 1846 1825 1796 72 43 1724 1702 1662 1420 242 217 187 89 69 1400 1323 77 1290 1270 1246 54 1192 1127 65 1106 971
internal_count=1979 1955 87 1868 1846 1825 1796 72 43 1724 1702 1662 1420 242 217 187 89 69 1400 1323 77 1290 1270 1246 54 1192 1127 65 1106 971
is_linear=0
shrinkage=0.03


Tree=154
num_leaves=31
num_cat=0
split_feature=0 5 1 0 9 2 5 9 8 2 9 1 5 5 9 9 9 1 2 9 5 2 3 2 1 8 8 9 8 2
split_gain=0.0208776 0.0253374 0.0898608 0.0216095 0.022004 0.0251056 0.0276944 0.138921 0.0907567 0.0447332 0.0918516 0.0298076 0.0250813 0.0871187 0.0503664 0.125079 0.0361545 0.0424561 0.102377 0.0604985 0.0671104 0.0518026 0.0605512 0.0486029 0.0556532 0.0403969 0.0392164 0.0891902 0.0557561 0.0384524
threshold=-0.078793212323153602 -0.102800231474715 -0.060325922565033267 -0.063869007457190582 0.058393703430621696 0.5496430889033096 0.35767842657335708 0.045202141561819807 0.95083501198210629 0.29532921249583372 0.040628441186054708 -0.10828451241527297 0.14661883492515207 0.1421791749058097 0.046951899307722554 0.044548408961695568 0.04852483614004393 0.05442186944674799 -0.029022898858176768 0.045202141561819807 0.13164452278614805 0.18280841056504529 0.028588905783765054 0.13793687707641203 0.11896587088546641 1.0449841095201335 1.0535677261578558 0.026005649447210077 1.1677901483951307 0.020626623919286494
decision_type=2 2 2 2 2 2 2 2 2 2 2 2 2 2 2 2 2 2 2 2 2 2 2 2 2 2 2 2 2 2
left_child=-1 2 -2 -3 5 6 9 -8 -9 11 -11 -5 13 16 15 -14 17 19 -19 20 21 22 26 24 25 -20 -13 28 -28 -29
right_child=1 3 -4 4 -6 -7 7 8 -10 10 -12 12 14 -15 -16 -17 -18 18 23 -21 -22 -23 -24 -25 -26 -27 27 29 -30 -31
leaf_value=-0.0008794410130940378 0.0021685086080635132 0.00092216102385216136 -4.9678144779486151e-05 -0.00083703132800292226 -0.00098920763470232496 0.00086310797856703144 -0.0022077636070677946 -0.00093162217576588905 0.0018256129483184354 -0.00054230976750009824 0.0021490016894415019 -9.9856074415566605e-05 -0.00015833167618449848 0.0016295628566595334 0.00074625733377284959 -0.0021509170108625002 -0.00070536050220391066 0.0025097630317322908 0.0008429370416949192 0.0015723718406765587 -0.0012741995389716554 0.0014346883525352247 -0.0011112117576412856 -0.001152010423829779 0.0018118701279904183 -0.00033393942403130318 0.00085974970973044069 0.0006871725802987137 -0.00031795249330906177 0.0024608985501849518
leaf_weight=24 22 22 65 40 21 29 29 21 22 21 25 633 332 31 44 31 59 20 45 21 39 22 45 20 22 63 53 22 114 22
leaf_count=24 22 22 65 40 21 29 29 21 22 21 25 633 332 31 44 31 59 20 45 21 39 22 45 20 22 63 53 22 114 22
internal_value=-2.45015e-12 1.07962e-05 0.000511243 -1.25115e-05 -2.36506e-05 -1.25401e-05 -2.66792e-05 -0.000603135 0.000479056 -2.60448e-06 0.00092036 -2.79062e-05 -8.14738e-06 5.93532e-05 -0.000212308 -0.000328497 1.87895e-05 5.62346e-05 0.000493589 -2.03363e-05 -5.55435e-05 -3.37274e-06 -3.89603e-05 0.000224766 0.000436578 0.000156426 1.82095e-05 0.000372406 5.58093e-05 0.00157404
internal_weight=1979 1955 87 1868 1846 1825 1796 72 43 1724 46 1678 1638 1231 407 363 1200 1141 170 971 950 911 889 150 130 108 844 211 167 44
internal_count=1979 1955 87 1868 1846 1825 1796 72 43 1724 46 1678 1638 1231 407 363 1200 1141 170 971 950 911 889 150 130 108 844 211 167 44
is_linear=0
shrinkage=0.03


Tree=155
num_leaves=31
num_cat=0
split_feature=6 0 3 1 0 7 5 5 2 1 9 9 5 9 6 6 2 2 3 6 1 9 2 6 0 0 2 9 5 9
split_gain=0.0216326 0.0385565 0.0410549 0.0345278 0.0244004 0.0574057 0.115956 0.0210675 0.0344696 0.0289264 0.0214441 0.0671432 0.0303917 0.0534657 0.100412 0.0777124 0.0429173 0.0351417 0.0281498 0.0269656 0.0830197 0.0536684 0.0411591 0.0707766 0.0597867 0.0783833 0.0578797 0.0573641 0.0408249 0.0612594
threshold=87.760212447422859 0.099030052258957349 0.10301933228705952 0.09922040120137933 0.058194183864915601 0.94470053983661284 0.17666932920669601 0.4134632143734473 0.35406017203770018 0.014209143207234433 0.015885605815660109 0.013927235976156948 -0.077985740794959665 0.025751445073890943 33.882039470713096 40.81666666666667 -0.14031762910113707 -0.19537668905363861 0.0073738393240467834 69.035594035594059 -0.01009443632371587 0.035842223953902193 0.06870132580542411 61.786028688312363 0.028578234533451322 0.024163139201089815 0.026251184425876487 0.051633211939662894 -0.059932782827528945 0.021271728295027995
decision_type=2 2 2 2 2 2 2 2 2 2 2 2 2 2 2 2 2 2 2 2 2 2 2 2 2 2 2 2 2 2
left_child=1 2 4 -2 7 6 -6 8 10 -9 11 18 13 14 -12 17 -14 -15 -1 22 -21 -22 23 24 25 28 -25 -24 -18 -30
right_child=3 -3 -4 -5 5 -7 -8 9 -10 -11 12 -13 16 15 -16 -17 19 -19 -20 20 21 -23 27 26 -26 -27 -28 -29 29 -31
leaf_value=0.00070705150502219202 -0.00014654797602402554 -0.001081741261499701 -0.0013498887562891468 0.0015757336009992284 0.0028817738192738031 -0.00077589791883656283 -0.00010907331563430488 0.0003656279440037906 0.0012526952507905663 -0.0010376607896222802 0.002818520320683352 -0.0013857929154764859 -0.0010315012893018624 0.00024160797338244384 -8.1672524102032186e-05 0.0015791793371317908 -0.00090759723196970289 -0.0013410053615059169 -0.00050059790133673233 0.0021044384570892099 0.00032908108421410856 -0.00093014793548112115 -0.00035124891260920779 -6.7048524215351786e-07 -0.00090974083496257665 0.0018830184660535969 0.0016843522286183353 0.0012202593480998818 -0.00052805497887212845 0.00023665944266486476
leaf_weight=38 22 30 20 20 20 20 28 20 20 39 21 40 36 23 22 20 40 28 32 21 198 36 420 32 60 21 43 22 118 469
leaf_count=38 22 30 20 20 20 20 28 20 20 39 21 40 36 23 22 20 40 28 32 21 198 36 420 32 60 21 43 22 118 469
internal_value=1.59141e-12 -1.46054e-05 2.18229e-06 0.000673586 1.65127e-05 0.000574463 0.00113711 -4.34528e-06 1.43478e-05 -0.00056197 1.13932e-07 -0.000405299 2.74731e-05 0.000499864 0.0013347 -5.74056e-06 -8.04975e-06 -0.000627278 0.000154983 1.6845e-05 0.000297513 0.000135354 -4.15798e-05 8.90722e-05 -3.76011e-06 8.0127e-05 0.000965409 -0.000273029 1.97431e-05 8.29349e-05
internal_weight=1979 1937 1907 42 1887 68 48 1819 1760 59 1740 110 1630 114 43 71 1516 51 70 1480 255 234 1225 783 708 648 75 442 627 587
internal_count=1979 1937 1907 42 1887 68 48 1819 1760 59 1740 110 1630 114 43 71 1516 51 70 1480 255 234 1225 783 708 648 75 442 627 587
is_linear=0
shrinkage=0.03


Tree=156
num_leaves=31
num_cat=0
split_feature=6 4 6 8 4 4 5 4 4 6 0 8 3 8 4 5 6 4 4 1 8 4 1 1 4 4 0 7 4 1
split_gain=0.0203541 0.0527726 0.046287 0.0333649 0.0218425 0.0469255 0.0434982 0.0200908 0.0657202 0.0317401 0.0267842 0.0200714 0.0531384 0.0830618 0.0601321 0.0261984 0.0444973 0.044956 0.0296812 0.0223223 0.0367945 0.0569846 0.0416054 0.0313971 0.0530481 0.0398633 0.0530236 0.101418 0.0460871 0.048059
threshold=87.760212447422859 0.21753091218199852 77.994872907793734 1.2636627376898921 0.15484795994745651 0.14250170761421979 0.31238069662908435 -0.11885780319867155 -0.098905246456421833 23.734910376783322 -0.063869007457190582 2.5074070652001095 0.052714158919926486 1.8764155641489613 0.071666241255051624 0.21964683723221681 55.957841852337268 0.06407928929139374 0.11300410990416355 -0.041963829421199798 1.1406050473993938 -0.055923934355312392 -0.074381313987388939 -0.033397068196303441 -0.059946264521100349 -0.015376194050293777 0.016053855923781061 -0.31535795751668877 -0.020338640920266823 0.0016187908137060838
decision_type=2 2 2 2 2 2 2 2 2 2 2 2 2 2 2 2 2 2 2 2 2 2 2 2 2 2 2 2 2 2
left_child=1 4 -3 -2 5 7 -6 -1 -9 -10 -11 12 15 14 -14 18 -17 -18 19 20 21 -12 -22 -21 -25 26 27 -26 29 -29
right_child=3 2 -4 -5 6 -7 -8 8 9 10 11 -13 13 -15 -16 16 17 -19 -20 23 22 -23 -24 24 25 -27 -28 28 -30 -31
leaf_value=-0.00065623781664180566 -0.00019217545166611669 -2.1451998269185426e-05 -0.0020155614802867851 0.0014989325538876334 0.0014385769252632079 -0.0012750135082751511 -0.00015816373468517078 0.0015828481188509612 -0.0010812489865929819 0.0009213254404864434 0.00095243645240910928 -0.00080957523598853079 -0.00089397337914516139 0.0023401355157098309 0.0010623670984040794 -0.0017317739147110843 0.0010933166728354991 -0.000477554811117403 0.0011073000772475181 0.00072387223360839031 3.7278760194211546e-05 -0.00034732567838220653 -0.0016248673974240029 -0.0013813654205296188 0.0022723599202332219 -3.8611354787483917e-05 -0.00085789100714027877 0.00047052186508662999 0.0013657969162911819 -0.00082784682476463227
leaf_weight=40 21 20 22 21 28 26 34 24 24 29 39 27 26 22 31 20 20 91 22 59 23 137 33 24 28 920 25 75 29 39
leaf_count=40 21 20 22 21 28 26 34 24 24 29 39 27 26 22 31 20 20 91 22 59 23 137 33 24 28 920 25 75 29 39
internal_value=5.37819e-13 -1.41672e-05 -0.00106599 0.000653379 9.14485e-06 -9.58707e-06 0.000562945 8.62051e-06 2.36711e-05 2.20219e-06 1.73289e-05 1.81654e-06 1.49901e-05 0.000774342 0.000170001 -2.28817e-05 -0.000429211 -0.000194515 1.37523e-05 -3.05977e-06 -0.000272422 -5.93102e-05 -0.0009422 4.90603e-05 1.41358e-05 4.41466e-05 0.000432602 0.000621271 0.000297981 2.63431e-05
internal_weight=1979 1937 42 42 1895 1833 62 1807 1767 1743 1719 1690 1663 79 57 1584 131 111 1453 1431 232 176 56 1199 1140 1116 196 171 143 114
internal_count=1979 1937 42 42 1895 1833 62 1807 1767 1743 1719 1690 1663 79 57 1584 131 111 1453 1431 232 176 56 1199 1140 1116 196 171 143 114
is_linear=0
shrinkage=0.03


Tree=157
num_leaves=31
num_cat=0
split_feature=8 2 4 8 5 8 1 1 8 8 4 4 2 2 2 5 8 9 0 2 4 0 2 5 8 8 3 0 0 5
split_gain=0.0207006 0.0592314 0.124956 0.0728642 0.0565407 0.040202 0.0940845 0.078562 0.0405724 0.0399288 0.0291867 0.0641326 0.0263525 0.0288235 0.033133 0.0222633 0.0302022 0.0466705 0.0183586 0.0575979 0.0657918 0.0440868 0.0294266 0.0247427 0.0233404 0.0468809 0.0185432 0.135272 0.0773854 0.0679567
threshold=1.8508703691222912 0.048058577405857734 -0.047041021250622532 2.0307808652458417 0.1011204211053507 1.5292686459800879 0.15625484764542932 0.089929255664311439 1.6830112327665916 2.2749261856009761 -0.11077906633424033 -0.094069000464067007 0.46320706300911046 0.33304222004030798 0.29532921249583372 0.23937365660558688 0.74168101614244242 0.047898669812329743 0.028578234533451322 0.077339287386459468 0.037760682135542407 0.025089928057553949 0.12221776322737356 -0.032287513178276321 1.0603026664631681 0.76439480615657318 0.026833708765756196 0.0035747600853597299 -0.0048922625268247302 0.069649302958296869
decision_type=2 2 2 2 2 2 2 2 2 2 2 2 2 2 2 2 2 2 2 2 2 2 2 2 2 2 2 2 2 2
left_child=5 2 -2 -3 -5 10 7 8 -7 -6 -1 -12 13 14 15 18 -17 -18 21 23 -21 26 -22 -20 25 -25 -13 28 -28 -29
right_child=1 3 -4 4 9 6 -8 -9 -10 -11 11 12 -14 -15 -16 16 17 -19 19 20 22 -23 -24 24 -26 -27 27 29 -30 -31
leaf_value=-0.00090536865598551226 -0.0010931859350682275 -0.0023033632625910367 0.0019707952662414755 -0.0016264514917773859 0.0011828229765722591 0.0012988792533839219 0.0024480974692851305 -0.0014830392206786201 -0.00022208667703024627 -0.0005389230580638266 0.0016567435883916913 -2.7636401450739453e-05 0.00075927955456651171 -0.00086927450106789666 0.0010726759850978851 -0.0014304697600362652 -0.00068658789848268496 0.00073209623980801546 9.272886174065725e-05 0.0017886305430438369 0.00065765654551796615 0.0010348742177638296 -0.00073499545183343189 -0.00040784671405245633 -0.00021969535178504882 -0.0022734707288650999 0.00047824603717096828 -0.0015546237118542194 0.0030242784650597186 0.00026095902506494893
leaf_weight=32 23 22 25 21 22 38 20 20 27 27 21 1134 39 36 25 22 60 32 21 20 22 39 36 22 20 27 22 28 21 55
leaf_count=32 23 22 25 21 22 38 20 20 27 27 21 1134 39 36 25 22 60 32 21 20 22 39 36 22 20 27 22 28 21 55
internal_value=-2.75027e-13 -0.000351655 0.000502638 -0.000797373 -0.000324061 2.67709e-05 0.000596783 0.00016118 0.000667093 0.000234106 -7.74542e-06 9.13117e-06 -1.14517e-05 -2.97578e-05 -1.09392e-05 -2.80742e-05 -0.000431917 -0.000193133 3.30827e-06 -0.000291796 0.000304887 4.14742e-05 -0.000206748 -0.000808922 -0.00108334 -0.00143584 1.07261e-05 0.000355988 0.00172166 -0.000351527
internal_weight=1979 140 48 92 70 1839 105 85 65 49 1734 1702 1681 1642 1606 1581 114 92 1467 168 78 1299 58 90 69 49 1260 126 43 83
internal_count=1979 140 48 92 70 1839 105 85 65 49 1734 1702 1681 1642 1606 1581 114 92 1467 168 78 1299 58 90 69 49 1260 126 43 83
is_linear=0
shrinkage=0.03


Tree=158
num_leaves=31
num_cat=0
split_feature=1 1 8 7 0 3 0 3 8 7 6 9 1 5 8 9 8 1 7 0 8 6 3 7 9 3 8 9 9 6
split_gain=0.020097 0.0320678 0.0804085 0.0360245 0.0292727 0.0210913 0.049898 0.0457197 0.0454215 0.0210197 0.0551282 0.0427994 0.0501973 0.0507432 0.0398807 0.0487491 0.0486935 0.0868023 0.0607018 0.0464616 0.0416016 0.0388891 0.0325119 0.0279875 0.0237569 0.0417921 0.0924786 0.132747 0.0402285 0.030264
threshold=0.28185092619817714 0.1682105263157895 1.5292686459800879 -0.12419877138988482 0.099030052258957349 0.062313114512523311 0.039056711557738939 0.053662132779765399 1.78639697119737 0.075236517684014195 23.734910376783322 0.0447716414121564 -0.094047474906836945 0.098560881919946733 1.1448669320877309 0.030202882576064547 1.0110052652434829 0.063385399264951583 -0.075665726199334246 -0.003796867679271509 1.4123790956357365 69.957627118644083 -0.059729658891815356 -0.21933652992102312 0.041454599787083206 -0.018728259980670067 0.64778573886135737 0.047898669812329743 0.050083738565685078 58.677435025504032
decision_type=2 2 2 2 2 2 2 2 2 2 2 2 2 2 2 2 2 2 2 2 2 2 2 2 2 2 2 2 2 2
left_child=1 4 3 -3 5 7 -7 9 -8 10 -1 22 -13 -14 16 21 24 18 19 -18 -17 23 -11 -16 -12 29 28 -28 -27 -26
right_child=-2 2 -4 -5 -6 6 8 -9 -10 11 14 12 13 -15 15 20 17 -19 -20 -21 -22 -23 -24 -25 25 26 27 -29 -30 -31
leaf_value=0.0015680058053906328 -0.00094616262987256053 0.00064208465776083843 0.0020478449677466411 -0.0010514622274786234 -0.0011016276163189269 -0.0016934837512036954 0.0011049063093018956 0.0011244928897146814 -0.00087047250078864055 -0.0011775371635502035 -3.1364310078060952e-05 0.00053327339887619012 -0.00015107108764350413 -0.001900656634085887 -0.0021229965041857212 -0.00042796600899048918 -0.00028622802137397233 -0.00068937106747180216 0.0027645586577709764 0.0017341649272878254 0.0013505606912076473 7.1734499931335439e-05 -3.4521417927447189e-06 -0.00074852973432280119 0.0004216225119307637 -0.00066775637505752208 0.0034185483564876697 0.0001589453914810134 0.00081054915534332396 -0.00099977578669495403
leaf_weight=22 20 26 24 20 22 22 20 33 22 22 660 20 25 37 24 29 20 25 20 21 20 25 604 30 26 37 22 23 30 28
leaf_count=22 20 26 24 20 22 22 20 33 22 22 660 20 25 37 24 29 20 25 20 21 20 25 604 30 26 37 22 23 30 28
internal_value=5.12093e-12 9.65965e-06 0.000640189 -9.42401e-05 -1.37057e-05 -8.86002e-07 -0.000536077 1.81113e-05 7.01841e-05 -2.51611e-06 8.18955e-05 -0.000129133 -0.000773605 -0.00119518 5.04585e-05 -0.000445424 0.000120056 0.000799416 0.00140958 0.000748607 0.000297963 -0.000906512 -4.47139e-05 -0.0013594 4.93236e-05 0.000370131 0.000700654 0.00175253 -5.82853e-06 -0.000315399
internal_weight=1979 1959 70 46 1889 1867 64 1803 42 1770 1062 708 82 62 1040 128 912 86 61 41 49 79 626 54 826 166 112 45 67 54
internal_count=1979 1959 70 46 1889 1867 64 1803 42 1770 1062 708 82 62 1040 128 912 86 61 41 49 79 626 54 826 166 112 45 67 54
is_linear=0
shrinkage=0.03


Tree=159
num_leaves=31
num_cat=0
split_feature=8 8 7 1 0 1 5 1 5 9 3 7 8 1 8 1 5 9 8 0 0 3 4 9 9 5 5 7 1 5
split_gain=0.0201241 0.0318432 0.0297087 0.0713242 0.0659677 0.091566 0.0528096 0.0503308 0.097083 0.0707803 0.0626349 0.046416 0.0592726 0.0379207 0.0673201 0.065205 0.0387538 0.0872675 0.120531 0.0955308 0.116036 0.0573555 0.0500397 0.0380868 0.0714647 0.0758222 0.0430865 0.0466981 0.0369942 0.0314318
threshold=0.81272988961931736 0.82951876394908042 0.98471158500994593 0.09730369455593281 0.049751742692919161 0.1682105263157895 0.098560881919946733 -0.066839976935684761 -0.102800231474715 0.052261383887176681 -0.047206031527171392 0.45425375885109759 1.2144480300702261 -0.041963829421199798 1.1076029651732502 -0.033397068196303441 0.14661883492515207 0.026658774821215359 1.4958429551365862 0.0057697545622370514 -0.0163968584170428 0.063935039669831287 0.03738013952757769 0.019454082170045846 0.017377187333909212 0.071009296545538794 -0.028935352251604648 0.32251001884485758 0.061065762889426563 0.18642551087439987
decision_type=2 2 2 2 2 2 2 2 2 2 2 2 2 2 2 2 2 2 2 2 2 2 2 2 2 2 2 2 2 2
left_child=-1 -2 4 6 7 11 -4 8 -3 13 -10 12 -6 14 -9 -15 17 23 19 20 -19 22 -18 24 -17 -26 -25 28 -28 -24
right_child=1 2 3 -5 5 -7 -8 9 10 -11 -12 -13 -14 15 -16 16 21 18 -20 -21 -22 -23 29 26 25 -27 27 -29 -30 -31
leaf_value=-0.00011139832229751586 0.0010151219478120766 0.0025496175429434516 -0.00054250994967878791 -0.0018173044200986623 0.0007598371244966984 0.0025638555537840476 0.00095161323028150938 0.00026223812375546375 0.00098086665145513652 -0.0015831050099446796 -0.00085284745390526949 0.0013734495436772702 -0.0014514949414297007 0.0015465657963739852 -0.00163986710133031 -0.00019696333238648043 -0.0015561593446182086 -0.00029636510889977216 0.0029451346654345146 -0.00066376571361793251 0.0024314198404317721 -0.001580206345145901 0.00054626441224279597 0.00071447445529047404 -8.2552317941847897e-06 0.002261550767580047 -0.0014426875721255783 0.00025703160519090793 -0.00010550730033881133 -0.0002329332478788077
leaf_weight=840 32 20 60 25 24 22 33 34 38 26 30 25 20 26 33 108 20 25 21 41 32 27 68 25 26 27 60 36 27 148
leaf_count=840 32 20 60 25 24 22 33 34 38 26 30 25 20 26 33 108 20 25 21 41 32 27 68 25 26 27 60 36 27 148
internal_value=2.5953e-13 8.2155e-05 5.51858e-05 -0.000394746 0.000108868 0.000878541 -1.23372e-05 3.08724e-05 0.000712271 -4.31561e-05 0.000171875 0.000341195 -0.000245314 7.91362e-06 -0.00067462 7.16929e-05 1.61984e-05 0.000192313 0.000882603 0.000440632 0.00123502 -0.000270406 -0.000120556 -7.35267e-05 0.000245809 0.00114806 -0.000420912 -0.000651681 -0.0010277 1.23697e-05
internal_weight=1979 1139 1107 118 989 91 93 898 88 810 68 69 44 784 67 717 691 428 119 98 57 263 236 309 161 53 148 123 87 216
internal_count=1979 1139 1107 118 989 91 93 898 88 810 68 69 44 784 67 717 691 428 119 98 57 263 236 309 161 53 148 123 87 216
is_linear=0
shrinkage=0.03


Tree=160
num_leaves=31
num_cat=0
split_feature=0 9 8 2 1 1 0 1 8 2 6 8 8 1 4 2 4 8 4 3 1 4 9 0 9 4 2 1 1 3
split_gain=0.0197411 0.0239218 0.0290866 0.0426966 0.0408013 0.0804063 0.0511325 0.0391698 0.0772797 0.0384228 0.095172 0.101834 0.0647066 0.0653112 0.0535522 0.055099 0.0530879 0.131751 0.0871579 0.0728324 0.0638843 0.0545386 0.047543 0.0959103 0.037111 0.0298488 0.0278604 0.0517045 0.0396122 0.0269402
threshold=-0.078793212323153602 0.059235197089609774 0.81272988961931736 0.5496430889033096 -0.070569800569800598 -0.10152449255941552 -0.032028571157188872 -0.041963829421199798 1.1076029651732502 0.058595582437544265 60.906697489244202 1.2576000627017001 1.8764155641489613 0.19993359893758303 0.097488566059224194 0.17888274023508502 0.015947824395366132 0.97711025328371948 0.023146118072014724 0.030349482922282792 0.01171665865879601 -0.0054801199438463946 0.044242982010957589 0.033002788460638761 0.040462546360846639 0.03480644787673471 0.22143747855870968 0.053466528445324076 0.11896587088546641 0.039644548386387764
decision_type=2 2 2 2 2 2 2 2 2 2 2 2 2 2 2 2 2 2 2 2 2 2 2 2 2 2 2 2 2 2
left_child=-1 2 29 4 5 24 -7 8 -6 10 16 -12 13 22 -14 -16 19 -18 -19 20 -9 -22 26 -24 -4 -20 28 -28 -11 -2
right_child=1 -3 3 -5 7 6 -8 9 -10 12 11 -13 14 -15 15 -17 17 18 25 -21 21 -23 23 -25 -26 -27 27 -29 -30 -31
leaf_value=-0.00085516938241198654 -7.6779689200990919e-05 -0.00087628323416639531 -0.00097589890385279437 0.0014640450377815537 0.00040468146360944955 0.00067892846540021509 0.0027530073411762713 0.00060413738168744731 -0.0013893694587955479 -5.8222968189018161e-05 0.00053935023366058293 0.0031963344038813376 0.00020686222657818217 0.0017606863287510349 -0.0025907234641324192 -0.00061308708506203403 0.0016734693140024318 -0.0026510899090631439 0.00047748254279472995 0.0021219583775382487 -0.0016671641193330288 0.00021612272582828036 -0.00017220227783846278 0.0024924659477546809 0.0007738604514452163 -0.0010305594942635959 0.00047814572434711812 -0.0010605144557222479 0.001261379732737127 -0.00096449442316952621
leaf_weight=24 799 27 24 21 40 23 20 119 47 295 37 20 29 20 21 32 20 22 21 20 25 31 31 20 20 27 29 61 22 32
leaf_count=24 799 27 24 21 40 23 20 119 47 295 37 20 29 20 21 32 20 22 21 20 25 31 31 20 20 27 29 61 22 32
internal_value=-3.43508e-12 1.04982e-05 2.29169e-05 0.000124334 9.81873e-05 0.000721048 0.00164362 4.33958e-05 -0.000564518 0.000102031 0.00035258 0.00147163 -5.09835e-05 8.2582e-05 -0.000829573 -0.00139668 0.000128771 -0.000473917 -0.00108746 0.000406934 0.000210932 -0.00062463 9.30234e-06 0.000872766 -0.000180554 -0.000370791 -9.88958e-05 -0.000564724 3.33583e-05 -0.000110964
internal_weight=1979 1955 1928 1097 1076 87 43 989 87 902 342 57 560 478 82 53 285 90 70 195 175 56 458 51 44 48 407 90 317 831
internal_count=1979 1955 1928 1097 1076 87 43 989 87 902 342 57 560 478 82 53 285 90 70 195 175 56 458 51 44 48 407 90 317 831
is_linear=0
shrinkage=0.03


Tree=161
num_leaves=31
num_cat=0
split_feature=1 4 0 5 5 4 6 6 6 3 0 4 3 1 1 5 9 2 4 2 9 4 9 4 6 0 4 6 5 1
split_gain=0.0189532 0.0332483 0.01841 0.0227055 0.0814249 0.0250067 0.0229575 0.0240475 0.0450422 0.0367964 0.0320042 0.0228459 0.0686813 0.042582 0.0558848 0.0420474 0.0454768 0.0398147 0.0341852 0.0339279 0.0338831 0.0327033 0.0450821 0.0376123 0.0468673 0.0325861 0.0441661 0.040453 0.0382552 0.0356662
threshold=0.28185092619817714 0.26881607714569228 -0.078793212323153602 -0.102800231474715 -0.11764291793541497 -0.08379100734590765 86.817279046673306 30.505050505050509 32.619484302513762 -0.020832530301574888 -0.063869007457190582 -0.0058793802101408379 0.027575690242251597 -0.033397068196303441 -0.025941742890310811 0.054667405588031966 0.046030817408956877 -0.067048743496939553 -0.0099828294909808917 -0.023476011144790417 0.027301073329092995 -0.031488932965266107 0.020481185644673532 -0.022345271477419323 43.409043626134078 -0.0070990708670076166 0.0077284880742448667 64.379280821917817 -0.0076511548679516475 -0.016471106890938666
decision_type=2 2 2 2 2 2 2 2 2 2 2 2 2 2 2 2 2 2 2 2 2 2 2 2 2 2 2 2 2 2
left_child=1 2 -1 4 5 -4 7 9 -9 -5 -10 12 15 -13 -15 18 19 -16 21 -17 -21 -12 -23 -24 -25 27 -27 28 -19 -30
right_child=-2 -3 3 6 -6 -7 -8 8 10 -11 11 13 -14 14 17 16 -18 25 -20 20 -22 22 23 24 -26 26 -28 -29 29 -31
leaf_value=-0.00082951426855288441 -0.00091884295467752953 0.0011690719626759262 -0.00093651444517308833 0.000231678694835864 0.0020576271447895452 0.00033841032930649812 -0.00095780893866701607 0.0011353891668113647 0.0011921698639634996 -0.0010315553043797915 -0.00013703254006596299 0.00059980286625922535 -0.0016989103282013763 -0.0013546292478632594 0.0013531829039566219 -0.001918171097890341 0.00039597196271643045 0.00056440450378100987 -0.0010400041385686823 9.2918428279900633e-05 -0.0011176282887944305 -0.00051253355315162077 0.0015909252136659163 -0.00078553868271410466 0.001034952375339344 0.00091352436617203885 3.9598891344952887e-05 0.00012139296835981481 0.00038459967251401394 -0.00098802832315888502
leaf_weight=24 20 22 20 36 22 45 23 32 20 49 116 115 26 27 20 21 36 22 21 38 46 27 39 20 35 56 737 129 20 115
leaf_count=24 20 22 20 36 22 45 23 32 20 49 116 115 26 27 20 21 36 22 21 38 46 27 39 20 35 56 737 129 20 115
internal_value=-1.41181e-14 9.38073e-06 -3.79077e-06 6.56854e-06 0.000480069 -5.38742e-05 -1.59914e-05 -3.97712e-06 2.03929e-05 -0.000496539 -7.69529e-07 -1.50905e-05 -0.000204927 4.99219e-05 -6.23824e-06 -0.000107575 -0.00052416 2.68887e-05 0.000120094 -0.000839634 -0.00057 0.000222888 0.000567936 0.000878283 0.000372956 2.30498e-06 0.000101314 -0.000272219 -0.000595633 -0.000784676
internal_weight=1979 1959 1937 1913 87 65 1826 1803 1718 85 1686 1666 425 1241 1126 399 141 1099 258 105 84 237 121 94 55 1079 793 286 157 135
internal_count=1979 1959 1937 1913 87 65 1826 1803 1718 85 1686 1666 425 1241 1126 399 141 1099 258 105 84 237 121 94 55 1079 793 286 157 135
is_linear=0
shrinkage=0.03


Tree=162
num_leaves=31
num_cat=0
split_feature=6 4 6 2 1 0 6 6 6 6 6 1 6 5 5 2 0 1 3 4 3 1 1 3 7 7 7 1 0 5
split_gain=0.0192165 0.0518242 0.0411268 0.038846 0.0297393 0.019472 0.0222361 0.0182281 0.0178768 0.0638418 0.0232466 0.0258412 0.0225762 0.0717737 0.104783 0.0305098 0.0224892 0.0298143 0.0331445 0.0618692 0.0350853 0.0284906 0.0236787 0.0348093 0.0374562 0.0493101 0.0484933 0.0446474 0.0339933 0.036766
threshold=87.760212447422859 0.21753091218199852 77.994872907793734 0.41368158618905398 0.09922040120137933 -0.073618157063451747 20.37234042553192 26.847469967236986 32.619484302513762 31.570638202749532 35.897435897435898 -0.046666223057014948 40.141369047619058 -0.020858235975145297 -0.068255932218158663 -0.029022898858176768 0.074452003023431704 0.15625484764542932 0.057562342161102016 0.13685680025460237 0.068931683553526871 0.18416121035755664 0.044199380720278965 0.051845029729737042 0.057914252088865588 -0.18458865823020934 -0.31845096430127651 0.089929255664311439 0.035208944281524886 0.071752309426285313
decision_type=2 2 2 2 2 2 2 2 2 2 2 2 2 2 2 2 2 2 2 2 2 2 2 2 2 2 2 2 2 2
left_child=1 3 -3 5 -2 -1 -7 -8 9 -9 11 -10 13 14 -12 -15 17 18 19 22 -20 -19 28 24 25 26 -24 -27 -14 -30
right_child=4 2 -4 -5 -6 6 7 8 10 -11 12 -13 16 15 -16 -17 -18 21 20 -21 -22 -23 23 -25 -26 27 -28 -29 29 -31
leaf_value=-0.00075166843801496494 -0.00012628525897691195 -7.149964675772935e-05 -0.0019511719572950492 0.001208617987576872 0.0014721117476583457 0.00093346209103322547 -0.00065536554804758018 -8.7214547849725934e-05 0.00028801097450195808 0.001743549540260574 -0.00010825116843162422 -0.0010327018817260978 3.0609551324708856e-08 -0.00089353197707696971 0.0028197406092658637 0.00047264489677867723 -0.00065246562602364327 0.0016062683137133716 -0.0017627266131603392 0.0013055366076878271 1.4258861308917403e-05 7.3141766479238867e-05 0.00010585090999181072 0.0009149907660585912 -0.00069241949085735801 0.00010003807474778772 -0.0011454053748788282 0.0017144316192051127 0.0015841530385212255 0.00011208692899074505
leaf_weight=31 22 20 22 24 20 23 38 60 20 24 22 40 951 31 22 28 49 20 20 32 20 24 63 22 139 58 50 21 26 37
leaf_count=31 22 20 22 24 20 23 38 60 20 24 22 40 951 31 22 28 49 20 20 32 20 24 63 22 139 58 50 21 26 37
internal_value=-1.26536e-12 -1.37656e-05 -0.00105609 9.33605e-06 0.000634856 -6.04758e-06 6.51451e-06 -5.219e-06 8.66833e-06 0.000435861 -1.25023e-05 -0.000592464 8.78074e-06 0.000438712 0.00135574 -0.000245177 -2.01246e-05 7.68704e-07 -2.27525e-05 1.59298e-06 -0.000874234 0.000770017 -2.89309e-05 -0.000240546 -0.00031735 -4.58145e-05 -0.000447802 0.000529181 4.4738e-05 0.000719606
internal_weight=1979 1937 42 1895 42 1871 1840 1817 1779 84 1695 60 1635 103 44 59 1532 1483 1439 1399 40 44 1367 353 331 192 113 79 1014 63
internal_count=1979 1937 42 1895 42 1871 1840 1817 1779 84 1695 60 1635 103 44 59 1532 1483 1439 1399 40 44 1367 353 331 192 113 79 1014 63
is_linear=0
shrinkage=0.03


Tree=163
num_leaves=31
num_cat=0
split_feature=5 4 8 8 4 4 0 3 7 4 3 5 3 9 9 4 3 9 9 9 5 2 2 8 8 2 9 9 7 8
split_gain=0.0192399 0.0356377 0.0229574 0.0188449 0.0173475 0.0581013 0.0230373 0.0217296 0.0521129 0.0177996 0.0506493 0.0241054 0.093583 0.0296369 0.0489905 0.0247612 0.0810269 0.043193 0.0797893 0.0446004 0.040043 0.0356339 0.0350086 0.0516884 0.0376633 0.0442933 0.0620351 0.0394349 0.0780763 0.0588584
threshold=0.48243215995500294 0.23271976271406883 1.2434150153598267 0.80585419907393996 -0.11885780319867155 -0.098905246456421833 -0.063869007457190582 -0.044617093628265207 -0.095066441055442916 -0.061792614810943829 -0.014123734475750991 -0.039327018520120875 0.027130760046709782 0.035842223953902193 0.028759439491269873 -0.0058793802101408379 0.023952971890598865 0.021271728295027995 0.023706624567372131 0.046321695696809155 0.085356743140897487 -0.055455274769354183 -0.0092670120135316929 0.65005036032505281 0.52259078445658969 0.0035462776659960231 0.024774947906508023 0.040462546360846639 -0.21528319451823072 0.89500207313334545
decision_type=2 2 2 2 2 2 2 2 2 2 2 2 2 2 2 2 2 2 2 2 2 2 2 2 2 2 2 2 2 2
left_child=1 4 3 -2 -1 -6 -7 8 -8 10 -9 12 13 14 -11 16 17 -13 -19 20 -20 -17 23 -23 -24 26 -26 -27 -29 -30
right_child=2 -3 -4 -5 5 6 7 9 -10 11 -12 15 -14 -15 -16 21 -18 18 19 -21 -22 22 24 -25 25 27 -28 28 29 -31
leaf_value=-0.00061478468169025291 -0.00072402473738683126 0.0012460226881583886 -0.0012976498950526797 0.0005627006823197007 0.0014831662856158801 0.0008513580201127167 0.00066299839003477242 0.00014585223856556696 -0.0012205318909568282 0.00013977229774172884 -0.0014596662202218014 -0.0010372301000752485 0.002134768095312883 0.00093582311667682176 -0.0014639736623503269 0.0012708287446626595 -0.0020098764396177353 0.00099995047286562284 -0.00018215848395648676 0.00075395932930405246 -0.0012438005658887876 0.0005110291591845453 -0.00054582285821011447 -0.001159650946687907 -5.2055400711568916e-05 -2.3937505370476247e-06 0.0022275161297459689 0.0018204917115243998 -0.00081209373735898242 0.00069539625375043769
leaf_weight=40 21 21 22 20 24 28 20 48 39 120 28 40 23 31 20 21 22 58 117 32 44 25 83 50 22 806 21 33 37 63
leaf_count=40 21 21 22 20 24 28 20 48 39 120 28 40 23 31 20 21 22 58 117 32 44 25 83 50 22 806 21 33 37 63
internal_value=1.85989e-12 1.69618e-05 -0.000515854 -9.63538e-05 3.3416e-06 1.66705e-05 -2.55176e-06 -1.58127e-05 -0.000582047 3.34316e-06 -0.000445655 2.38011e-05 0.000338162 9.6513e-05 -8.93343e-05 -1.75734e-05 -0.000254385 -0.000121667 2.42393e-05 -0.00026898 -0.000472297 4.62698e-05 2.37122e-05 -0.000602758 6.78297e-05 0.000119697 0.00106122 7.65808e-05 0.000555178 0.000137625
internal_weight=1979 1916 63 41 1895 1855 1831 1803 59 1744 76 1668 194 171 140 1474 313 291 251 193 161 1161 1140 75 1065 982 43 939 133 100
internal_count=1979 1916 63 41 1895 1855 1831 1803 59 1744 76 1668 194 171 140 1474 313 291 251 193 161 1161 1140 75 1065 982 43 939 133 100
is_linear=0
shrinkage=0.03


Tree=164
num_leaves=31
num_cat=0
split_feature=1 4 6 4 0 9 1 2 7 9 7 3 0 9 6 4 4 6 4 4 2 4 1 9 2 2 0 0 7 2
split_gain=0.0177276 0.0316992 0.0177957 0.0332568 0.0277227 0.0273859 0.0255096 0.0269947 0.0207927 0.0386635 0.0372027 0.029127 0.0201802 0.0195118 0.0187111 0.0221025 0.0163054 0.0910648 0.0740513 0.0512879 0.0300211 0.0343736 0.0508924 0.040425 0.0238998 0.082518 0.0505225 0.063448 0.033692 0.030868
threshold=0.28185092619817714 0.26881607714569228 22.494331065759635 -0.090629358883831987 -0.040469452196585591 0.03738894669547186 -0.094047474906836945 0.047054463563002365 -0.43033673741546813 0.024705498984083019 -0.40385724677167273 -0.010952380769300272 0.012360958318054062 0.057668293054435604 62.698976937749272 0.022063703327837251 0.15188383163927302 79.596847875742398 0.19068137225043238 0.14250170761421979 0.29532921249583372 0.12040022802883311 0.12860944483650907 0.052261383887176681 -0.042736895509997035 -0.0517955007090024 0.0042283487091467906 -1.0000000180025095e-35 0.17039224744165296 -0.11997094246880384
decision_type=2 2 2 2 2 2 2 2 2 2 2 2 2 2 2 2 2 2 2 2 2 2 2 2 2 2 2 2 2 2
left_child=1 2 -1 4 -4 -6 7 -5 9 12 -10 -11 -8 16 15 -13 19 18 -18 20 21 22 23 24 25 26 27 29 -28 -12
right_child=-2 -3 3 6 5 -7 8 -9 10 11 13 14 -14 -15 -16 -17 17 -19 -20 -21 -22 -23 -24 -25 -26 -27 28 -29 -30 -31
leaf_value=0.00069780697624082671 -0.00088863921957090496 0.0011414250316606326 0.00014578189862811047 0.001463736916669983 -0.0019121603591234554 -0.00036101604313444114 0.00066768644909117074 3.5885420556251817e-05 0.00096131983288639297 -0.0017430550097487867 0.0010358733393681738 -0.00064829021784784603 -0.00045819672897620044 -0.00088815036113373933 -0.0011163592759519817 0.00065748654585331685 0.0021151644941419362 -0.0010883770088548773 -0.00017632130364125424 -0.0015192511437926441 0.0010205848909054811 -0.00098026042227502327 0.001355592506378889 0.0011184613370070499 -8.9004305984061267e-05 0.0019510567826016444 -0.0010287459139541096 0.0019620363695430566 0.00034321788174565879 -0.00014218872766299492
leaf_weight=32 20 22 23 22 21 20 38 26 37 20 26 28 23 22 25 20 30 24 22 20 26 32 25 28 1144 23 49 20 24 87
leaf_count=32 20 22 23 22 21 20 38 26 37 20 26 28 23 22 25 20 30 24 22 20 26 32 25 28 1144 23 49 20 24 87
internal_value=-7.74288e-14 9.07238e-06 -3.78862e-06 -1.5574e-05 -0.000687855 -0.0011555 7.79702e-06 0.000690317 -1.04746e-05 -0.000343759 2.08408e-05 -0.000728736 0.000243173 -8.80671e-07 -0.000450841 -0.000104217 1.14737e-05 0.000440195 0.00114569 -1.01904e-05 1.01474e-05 -7.87142e-06 1.39494e-05 -9.99144e-06 -3.30043e-05 0.000246751 5.64645e-05 0.000404534 -0.000577689 0.00012887
internal_weight=1979 1959 1937 1905 64 41 1841 48 1793 154 1639 93 61 1602 73 48 1580 76 52 1504 1484 1458 1426 1401 1373 229 206 133 73 113
internal_count=1979 1959 1937 1905 64 41 1841 48 1793 154 1639 93 61 1602 73 48 1580 76 52 1504 1484 1458 1426 1401 1373 229 206 133 73 113
is_linear=0
shrinkage=0.03


Tree=165
num_leaves=31
num_cat=0
split_feature=5 2 1 1 6 6 8 6 6 5 8 6 5 5 2 5 1 3 6 6 5 0 2 1 3 3 3 1 3 1
split_gain=0.0182486 0.0330313 0.0216561 0.0173074 0.044565 0.0288767 0.0340405 0.023539 0.0279085 0.0773056 0.0453382 0.0260518 0.028753 0.0218492 0.0390265 0.028564 0.0310773 0.0460634 0.0409634 0.0182305 0.0692177 0.0982841 0.0251462 0.0184028 0.031421 0.0670663 0.0247879 0.0249652 0.0351708 0.0328594
threshold=0.48243215995500294 0.39941752928167856 0.19108154717910811 -0.10152449255941552 22.494331065759635 31.570638202749532 0.95480855025224198 26.847469967236986 32.619484302513762 -0.015533727198024315 0.84819901043548807 35.897435897435898 -0.01046108639705484 0.25548383301046113 0.29532921249583372 0.27553628447297723 0.06774475524475522 -1.0000000180025095e-35 75.919167342525029 40.141369047619058 -0.020858235975145297 -0.0036504130029309518 -0.029022898858176768 0.15625484764542932 0.057562342161102016 0.070535098361274598 0.051845029729737042 0.044199380720278965 0.013504910563734042 0.050382252164698722
decision_type=2 2 2 2 2 2 2 2 2 2 2 2 2 2 2 2 2 2 2 2 2 2 2 2 2 2 2 2 2 2
left_child=1 3 -2 5 -5 -1 -7 -6 9 10 -9 12 -10 14 19 -15 17 -17 -18 20 21 -13 -22 24 26 -26 27 -21 -29 -30
right_child=2 -3 -4 4 7 6 -8 8 11 -11 -12 13 -14 15 -16 16 18 -19 -20 23 22 -23 -24 -25 25 -27 -28 28 29 -31
leaf_value=-0.0012779947942122818 -0.00012305509634749141 0.0010213038269912117 -0.0013179582553566433 0.0012774195481091738 -0.00087711339635360565 -0.00091234247644685887 0.00066459394186884821 0.00024249095376580954 -0.0013255008672630147 -0.00066616733080341608 0.0021270307804095662 1.5178650028246918e-05 4.6591953756028996e-05 -0.0012290502060204745 0.0013607291512889787 -0.00054417207471228063 8.4479924647959181e-05 0.0013991814132010485 -0.0015054972622543573 6.9679860478885297e-05 -0.00089354038352933542 0.0028627106674248351 0.00036688425253877146 0.0007735728627691667 -0.0016525355167686939 0.00059022524370811878 0.00098705516966140767 0.00030716567087802103 -0.0012415304690492465 -0.00026869184986528339
leaf_weight=25 43 29 20 25 27 22 28 20 28 28 27 24 27 27 20 21 35 23 25 960 29 20 28 27 30 20 23 80 37 201
leaf_count=25 43 29 20 25 27 22 28 20 28 28 27 24 27 27 20 21 35 23 25 960 29 20 28 27 30 20 23 80 37 201
internal_value=1.73522e-13 1.65191e-05 -0.000502389 1.07723e-06 1.95615e-05 -0.000445504 -2.92581e-05 1.96419e-06 1.545e-05 0.000581693 0.0013251 -9.75365e-06 -0.000651928 1.19148e-05 4.43846e-05 -0.000359629 -0.000133914 0.000471672 -0.000578011 2.65842e-05 0.00041563 0.00130951 -0.000274384 -1.93076e-06 -1.74294e-05 -0.000755431 1.09335e-05 -6.63362e-06 -0.000237014 -0.000419931
internal_weight=1979 1916 63 1887 1812 75 50 1787 1760 75 47 1685 55 1630 1499 131 104 44 60 1479 101 44 57 1378 1351 50 1301 1278 318 238
internal_count=1979 1916 63 1887 1812 75 50 1787 1760 75 47 1685 55 1630 1499 131 104 44 60 1479 101 44 57 1378 1351 50 1301 1278 318 238
is_linear=0
shrinkage=0.03


Tree=166
num_leaves=31
num_cat=0
split_feature=6 4 6 2 8 8 2 9 5 6 0 5 2 4 6 6 0 5 8 5 5 5 5 2 9 3 4 9 2 9
split_gain=0.0181923 0.0476848 0.0385817 0.0358298 0.0295172 0.0195854 0.0702465 0.0490588 0.0532162 0.0563048 0.0452737 0.0377512 0.052108 0.0722978 0.0489711 0.0671811 0.0806453 0.0775668 0.0627483 0.0539521 0.0404551 0.0373126 0.035601 0.0331474 0.0389783 0.0330051 0.0434756 0.0321134 0.0310934 0.0308795
threshold=87.760212447422859 0.21753091218199852 77.994872907793734 0.41368158618905398 1.2636627376898921 0.96195451443535129 -0.16349538540488959 0.017117506110269607 -0.055994623415200388 33.207547169811335 0.07086102372007487 -0.022021851189710891 0.019544233895088862 0.010591661124248921 66.326286439584706 61.904761904761891 0.034174964438122298 0.068091687420117078 1.4353082824246293 0.15168732569298718 0.028752033135946434 0.12469590858081094 0.25548383301046113 -0.14031762910113707 0.03145531123427376 0.060125714037574059 0.13685680025460237 0.013927235976156948 0.17690298868362511 0.016165830739815552
decision_type=2 2 2 2 2 2 2 2 2 2 2 2 2 2 2 2 2 2 2 2 2 2 2 2 2 2 2 2 2 2
left_child=1 3 -3 5 -2 22 -7 27 -9 -10 11 -11 13 20 15 16 17 -14 -17 21 -13 -16 23 24 -1 26 28 -8 -21 -29
right_child=4 2 -4 -5 -6 6 7 8 9 10 -12 12 14 -15 19 18 -18 -19 -20 25 -22 -23 -24 -25 -26 -27 -28 29 -30 -31
leaf_value=-0.0017811629442231996 -0.0001775984099575518 -5.9585206734482194e-05 -0.001880168327215043 0.0011605479451827704 0.0014130133644877267 0.0015330919845728203 0.00015564389676520865 -0.00074476282126058574 0.0017955366204259915 -0.00071307061787913815 -0.00074830197348174719 -0.00035037608171643858 -0.0013018041391949415 0.0021685422947630285 0.00070483752810282681 -0.00031996659492671654 0.0019319484263126338 0.00037029059836640954 -0.0023465803179424259 0.00062507772323442616 0.001135101135904816 0.0022363333092917772 -0.00083120073718865478 -8.2902811431488245e-06 -0.00013730173233745838 -0.00095829297756063175 0.001307933734459502 -0.0016314492294259252 -0.00066877175767772966 -0.00030292104306300319
leaf_weight=21 21 20 22 24 21 30 35 55 20 34 44 33 34 30 41 44 21 94 20 32 33 22 55 990 34 20 31 32 35 31
leaf_count=21 21 20 22 24 21 30 35 55 20 34 44 33 34 30 41 44 21 94 20 32 33 22 55 990 34 20 31 32 35 31
internal_value=1.49894e-13 -1.33938e-05 -0.00101322 8.76607e-06 0.000617707 -6.00826e-06 0.000109928 5.23102e-05 0.000147607 0.000231077 0.00017599 0.000253603 0.000320678 0.000947419 0.00016797 -0.000140344 0.000208838 -7.38596e-05 -0.000953283 0.000530791 0.000392363 0.00123965 -8.72692e-05 -4.81149e-05 -0.000764958 0.000152335 0.000378994 -0.000572953 -5.08138e-05 -0.000977729
internal_weight=1979 1937 42 1895 42 1871 771 741 643 588 568 524 490 96 394 213 149 128 64 181 66 63 1100 1045 55 118 98 98 67 63
internal_count=1979 1937 42 1895 42 1871 771 741 643 588 568 524 490 96 394 213 149 128 64 181 66 63 1100 1045 55 118 98 98 67 63
is_linear=0
shrinkage=0.03


Tree=167
num_leaves=31
num_cat=0
split_feature=8 8 6 9 9 6 9 7 9 5 6 2 4 8 7 9 2 5 5 7 5 6 2 9 8 9 8 7 7 2
split_gain=0.017275 0.0298349 0.0281422 0.0332636 0.0688057 0.146731 0.0706081 0.0453385 0.043459 0.0452803 0.0733211 0.0404574 0.0495876 0.0447613 0.0399571 0.0317467 0.0343141 0.0671657 0.0361733 0.0294133 0.0504867 0.105161 0.0781473 0.0655335 0.0551739 0.0491653 0.03984 0.0454168 0.0638249 0.0763784
threshold=0.81272988961931736 0.82951876394908042 25.362364375183279 0.026444937254086965 0.029841361739540263 46.050607933606116 0.02882176911975565 0.2459879413413544 0.024565110435235727 0.10465326365567497 46.333671004441698 0.13970947495020117 0.10804766524204203 1.1677901483951307 -0.17560936327164808 0.017377187333909212 -1.0000000180025095e-35 0.065025205624667751 0.11320453985386238 0.049189296355432795 0.14661883492515207 47.161215455365983 0.25402387932293241 0.044242982010957589 1.0782382785934359 0.033801208460176792 1.1568341520818446 0.98471158500994593 0.45425375885109759 0.078893098428576738
decision_type=2 2 2 2 2 2 2 2 2 2 2 2 2 2 2 2 2 2 2 2 2 2 2 2 2 2 2 2 2 2
left_child=-1 -2 -3 8 5 -5 7 -7 11 10 -10 13 -13 15 -15 -4 -17 -18 -19 20 21 -6 24 -24 -22 -23 -21 28 -28 -30
right_child=1 2 3 4 19 6 -8 -9 9 -11 -12 12 -14 14 -16 16 17 18 -20 26 22 25 23 -25 -26 -27 27 -29 29 -31
leaf_value=-0.0001032117943809031 0.00097918625251622858 0.0010451196905225514 -0.00044760845279337701 0.0032221439118875423 -0.00046346709968929644 0.00051525570685043924 0.0017668300447985529 -0.0013934802519257313 -0.0015476645954439173 -0.001888215828075772 0.0007573567780976494 0.0010509457429380793 -0.0006258202564309943 -0.0016402256088622379 -0.00032699931581929668 0.0010907436930144535 -0.0010956304764840753 0.0013379087566863744 -8.8537240317236864e-05 -0.00070152341922306838 0.0002588792649968978 0.0027184481313452125 -0.00027896471097067527 0.0017390633709728717 -0.0014014297006868346 0.00085229186561062108 -0.00022108546812974269 -0.00064981892485828959 0.0026544593470171096 0.00030497504144229667
leaf_weight=840 32 25 56 20 32 24 20 21 23 24 27 57 22 24 159 44 30 32 32 85 31 24 28 30 43 27 63 51 20 33
leaf_count=840 32 25 56 20 32 24 20 21 23 24 27 57 22 24 159 44 30 32 32 85 31 24 28 30 43 27 63 51 20 33
internal_value=1.62181e-12 7.61176e-05 5.00126e-05 2.70203e-05 0.00019001 0.000975089 0.000283687 -0.000375488 -0.000142735 -0.000817092 -0.000302953 -3.33e-05 0.000583998 -0.000162654 -0.000499226 0.000154833 0.000399302 7.56487e-05 0.000624686 4.71158e-05 0.000304876 0.000884623 -5.96616e-05 0.000764843 -0.000705895 0.00173048 -0.000172799 9.63127e-05 0.000424353 0.00119157
internal_weight=1979 1139 1107 1082 552 85 65 45 530 74 50 456 79 377 183 194 138 94 64 467 215 83 132 58 74 51 252 167 116 53
internal_count=1979 1139 1107 1082 552 85 65 45 530 74 50 456 79 377 183 194 138 94 64 467 215 83 132 58 74 51 252 167 116 53
is_linear=0
shrinkage=0.03


Tree=168
num_leaves=31
num_cat=0
split_feature=0 9 5 1 2 5 9 1 2 1 2 3 6 6 9 6 4 5 0 1 3 4 1 3 9 9 6 4 1 3
split_gain=0.017462 0.0228344 0.0255624 0.0934358 0.0257135 0.0229569 0.11854 0.0620655 0.0374181 0.0257279 0.0389757 0.0146992 0.0426497 0.0569142 0.028272 0.0826092 0.053543 0.0422198 0.018461 0.0283078 0.0492361 0.0422496 0.0276722 0.0265001 0.0253468 0.0240544 0.0221866 0.0244512 0.0353085 0.0328927
threshold=-0.078793212323153602 0.059235197089609774 -0.102800231474715 -0.060325922565033267 0.5496430889033096 0.35767842657335708 0.045202141561819807 0.080284213040363053 0.33304222004030798 -0.10152449255941552 -0.073593668236525397 -0.031285516697109488 30.061068163366169 32.315462315462327 0.026658774821215359 44.147747514331066 0.00081711066169620772 0.041331965010633638 0.074452003023431704 0.15625484764542932 0.057562342161102016 0.13685680025460237 0.19108154717910811 0.070535098361274598 0.052261383887176681 0.038578895811532989 79.596847875742398 0.089960054339990672 0.10398154267949379 0.048073754924529706
decision_type=2 2 2 2 2 2 2 2 2 2 2 2 2 2 2 2 2 2 2 2 2 2 2 2 2 2 2 2 2 2
left_child=-1 2 3 -2 5 8 -7 -8 9 10 -4 14 -13 -14 17 -16 -17 -11 19 20 21 24 -21 -22 26 -20 27 28 29 -15
right_child=1 -3 4 -5 -6 6 7 -9 -10 11 -12 12 13 18 15 16 -18 -19 25 22 23 -23 -24 -25 -26 -27 -28 -29 -30 -31
leaf_value=-0.00080429072258993985 0.0023218183555291034 -0.00085651766612297958 -0.0017045830367133021 -6.143838528690762e-05 0.00085647519532006209 -0.0020361583356360165 -0.00051858557471340253 0.001669543765950948 0.0012369267803362823 -0.00094615213618042969 5.1477942615747452e-06 -0.00084275080292071729 0.001496293671105219 -5.0914239527007645e-05 0.0020632914613144329 -0.0010103764361701906 0.00089974752120074945 0.00069311275406597325 -0.0013151482755148953 0.0015870459516299888 -0.0017414625136139379 0.00135523720394953 8.9138153416570263e-06 -0.00023262214253190903 0.00098599911242237544 7.2404761272280111e-05 0.00064327639194247731 -0.00047137178670734575 0.0010709290501351159 0.0010955654762928252
leaf_weight=24 20 27 20 57 31 29 28 20 22 31 30 54 23 1084 26 25 28 26 22 20 22 21 20 20 23 23 44 109 27 23
leaf_count=24 20 27 20 57 31 29 28 20 22 31 30 54 23 1084 26 25 28 26 22 20 22 21 20 20 23 23 44 109 27 23
internal_value=3.25314e-12 9.87365e-06 2.20067e-05 0.000557589 -2.73052e-07 -1.4866e-05 -0.000521794 0.000393135 7.52838e-06 -8.18735e-06 -0.000678745 1.18772e-05 -1.46075e-05 1.55881e-05 0.000310804 0.000678216 -1.25435e-06 -0.000198417 -7.77004e-06 1.12804e-05 -1.16387e-05 2.0274e-05 0.00079798 -0.00102297 -1.12621e-06 -0.000605955 -1.87671e-05 -4.22023e-05 -9.50569e-07 -2.7094e-05
internal_weight=1979 1955 1928 77 1851 1820 77 48 1743 1721 50 1671 1535 1481 136 79 53 57 1458 1413 1373 1331 40 42 1310 45 1287 1243 1134 1107
internal_count=1979 1955 1928 77 1851 1820 77 48 1743 1721 50 1671 1535 1481 136 79 53 57 1458 1413 1373 1331 40 42 1310 45 1287 1243 1134 1107
is_linear=0
shrinkage=0.03


Tree=169
num_leaves=31
num_cat=0
split_feature=6 4 6 2 8 9 9 9 6 6 7 2 8 6 1 6 0 0 9 4 4 9 2 8 2 2 1 8 9 1
split_gain=0.0168387 0.0460209 0.0361385 0.0328156 0.0276674 0.0192426 0.0669696 0.0602305 0.039627 0.0368248 0.0434963 0.0452229 0.0468187 0.0416725 0.0410421 0.027765 0.0256899 0.0471138 0.0203328 0.031779 0.0546339 0.0361613 0.0276475 0.0495153 0.0265233 0.0533227 0.0498828 0.0501555 0.187477 0.0438531
threshold=87.760212447422859 0.21753091218199852 77.994872907793734 0.41368158618905398 1.2636627376898921 0.0447716414121564 0.046321695696809155 0.043252421195420263 22.494331065759635 65.597427652733131 0.17522879083498591 0.010652482269503551 0.67512991006227818 51.501623376623378 -0.01328042328042328 26.847469967236986 0.09231323857145525 0.059892770834106941 0.035613520529957518 0.03032492431953349 0.00081711066169620772 0.040876310896538905 -0.1074556475224334 0.72689775101397058 0.026251184425876487 0.019544233895088862 -0.037500234376464874 0.86379424551651229 0.026658774821215359 0.014699799351751809
decision_type=2 2 2 2 2 2 2 2 2 2 2 2 2 2 2 2 2 2 2 2 2 2 2 2 2 2 2 2 2 2
left_child=1 3 -3 5 -2 7 -7 8 -1 10 11 14 13 -13 -8 -10 17 18 22 20 -20 -21 23 -17 25 26 -24 -28 29 -29
right_child=4 2 -4 -5 -6 6 9 -9 15 -11 -12 12 -14 -15 -16 16 -18 -19 19 21 -22 -23 24 -25 -26 -27 27 28 -30 -31
leaf_value=0.0011703511388399279 -0.00017569854256830044 -7.2167092381278044e-05 -0.0018341627391055225 0.0011111537832766772 0.0013642648427672351 -0.0014078773901565001 0.00072159817789305136 0.0013885430036241124 -0.0009144138055853546 -0.00097279761240563604 -0.00055085413371686075 0.0012226289743557572 0.0018075925688589771 -0.00071399928024038666 -0.0008519508502712207 -0.00029672866021428489 -0.0010348205907627873 0.0011987070580944418 -0.00029361853446032674 -0.0013896810582373291 0.0014005392443920885 -4.8097093346190048e-05 -0.00067771154680093255 0.0015454184385578565 0.00012013835519296573 -0.0012439636271569484 -0.00020048145169536139 0.00054515739860521112 0.0026855196568568974 -0.00068242252506315704
leaf_weight=26 21 20 22 24 21 38 26 29 30 33 61 20 31 20 35 24 21 30 93 40 21 33 95 29 765 38 199 55 29 50
leaf_count=26 21 20 22 24 21 38 26 29 30 33 61 20 31 20 35 24 21 30 93 40 21 33 95 29 765 38 199 55 29 50
internal_value=-2.65974e-12 -1.28859e-05 -0.000995117 8.88392e-06 0.000594283 -5.2553e-06 -0.000242623 3.37398e-05 8.84164e-06 -4.66955e-05 0.000111654 0.000417812 0.000932507 0.000254315 -0.000181258 -1.06166e-05 7.19803e-06 2.17766e-05 -2.22609e-06 -0.00029449 1.84632e-05 -0.000783212 4.03388e-05 0.000711239 1.14536e-05 -0.000166967 -7.13453e-05 0.000101642 0.000550318 -3.94045e-05
internal_weight=1979 1937 42 1895 42 1871 264 1607 1578 226 193 132 71 40 61 1552 1522 1501 1471 187 114 73 1284 53 1231 466 428 333 134 105
internal_count=1979 1937 42 1895 42 1871 264 1607 1578 226 193 132 71 40 61 1552 1522 1501 1471 187 114 73 1284 53 1231 466 428 333 134 105
is_linear=0
shrinkage=0.03


Tree=170
num_leaves=31
num_cat=0
split_feature=5 4 0 4 4 6 0 3 7 7 9 7 2 5 0 6 4 9 3 4 4 6 4 0 3 3 3 3 2 3
split_gain=0.0175188 0.0333782 0.0190999 0.0173353 0.0532876 0.0305532 0.020499 0.0205681 0.0149074 0.0475149 0.0249573 0.02875 0.0197656 0.0297002 0.0163665 0.0163267 0.0376069 0.0557005 0.0388241 0.037895 0.028162 0.0565271 0.04287 0.0312434 0.0523105 0.0181623 0.0335831 0.0233947 0.0538591 0.0467761
threshold=0.48243215995500294 0.23271976271406883 -1.0000000180025095e-35 -0.11885780319867155 -0.098905246456421833 23.734910376783322 -0.063869007457190582 -0.051282134527377614 -0.43033673741546813 -0.40385724677167273 0.024705498984083019 -0.47672517707968642 -0.017908110361636417 0.15946415527303628 0.012360958318054062 88.663740705072584 0.13685680025460237 0.040462546360846639 0.061108299595141642 0.12040022802883311 0.1069441885330661 70.93807555355464 0.10281904388994802 0.056173674288992677 0.054623447607845883 0.054623447607845883 0.046975020041680089 0.028205980954671087 0.11808812340042886 0.025930908647775034
decision_type=2 2 2 2 2 2 2 2 2 2 2 2 2 2 2 2 2 2 2 2 2 2 2 2 2 2 2 2 2 2
left_child=1 3 -2 -1 -5 -6 -7 -8 10 -10 14 12 -12 -14 -9 16 19 18 -18 20 22 -22 23 25 -25 26 27 29 -29 -11
right_child=2 -3 -4 4 5 6 7 8 9 15 11 -13 13 -15 -16 -17 17 -19 -20 -21 21 -23 -24 24 -26 -27 -28 28 -30 -31
leaf_value=-0.00061490446564585 0.00024648051226644642 0.0012056454508897981 -0.00086160289190177406 0.0014207606659329029 -0.0010654368554241954 0.00081745274356632882 -0.00070056277509728394 0.00058425962018143188 0.0011345795534018958 -1.0569056443871012e-05 -0.00099357517573728476 -0.0014487703565508128 0.00079299932175781577 -0.00075803652567265093 -0.00042967200582927985 -0.00083476756559684869 0.0009025745471008122 0.0014943572949912202 -0.00088711535456241107 -0.00116525100460276 0.0019453993316274135 -0.00014282093574625573 -0.0013256239755587143 -0.00010431518414876454 0.0017612500470568192 -0.00085576799779158569 0.0011064441181952134 -0.00081194451518273078 0.00056323521353382 0.0013864150748122482
leaf_weight=40 21 21 42 24 24 28 37 38 35 1108 22 25 25 20 23 20 20 38 24 25 20 28 22 31 24 23 24 89 36 22
leaf_count=40 21 21 42 24 24 28 37 38 35 1108 22 25 25 20 23 20 20 38 24 25 20 28 22 31 24 23 24 89 36 22
internal_value=-6.46178e-13 1.61854e-05 -0.000492242 3.00405e-06 1.63282e-05 -2.0805e-06 1.20427e-05 -6.33836e-07 1.42326e-05 4.14647e-05 -0.00026859 -0.000580583 -0.000256633 0.00010365 0.000201958 1.6845e-05 2.79482e-05 0.000653004 -7.36199e-05 -7.35107e-06 1.29345e-05 0.000727271 -1.193e-05 9.36791e-06 0.00070975 -2.02181e-05 -5.19259e-06 -2.6451e-05 -0.000415893 1.66289e-05
internal_weight=1979 1916 63 1895 1855 1831 1807 1779 1742 1589 153 92 67 45 61 1554 1534 82 44 1452 1427 48 1379 1357 55 1302 1279 1255 125 1130
internal_count=1979 1916 63 1895 1855 1831 1807 1779 1742 1589 153 92 67 45 61 1554 1534 82 44 1452 1427 48 1379 1357 55 1302 1279 1255 125 1130
is_linear=0
shrinkage=0.03


Tree=171
num_leaves=31
num_cat=0
split_feature=0 9 5 1 2 5 9 8 2 1 2 7 7 9 8 8 1 8 9 9 9 5 8 9 8 9 5 8 0 5
split_gain=0.0166652 0.0208462 0.0239991 0.0875173 0.024855 0.0215634 0.10984 0.0740068 0.0342569 0.0243339 0.0381475 0.0153408 0.0344975 0.0318992 0.0238646 0.0518037 0.0408691 0.0349995 0.0303401 0.022888 0.0216253 0.0969906 0.0798423 0.111218 0.0290318 0.026484 0.0325 0.0459527 0.0307895 0.055052
threshold=-0.078793212323153602 0.059235197089609774 -0.102800231474715 -0.060325922565033267 0.5496430889033096 0.35767842657335708 0.045202141561819807 0.89324000695139483 0.33304222004030798 -0.10152449255941552 -0.073593668236525397 0.98471158500994593 0.89888400601532314 0.023706624567372131 2.1657085105182188 1.8508703691222912 0.1682105263157895 1.5932386190925483 0.052261383887176681 0.04852483614004393 0.041745198999884478 0.18084982712780009 0.62117865246400705 0.045594873608079088 0.90294832502276401 0.033928288260547522 0.058979009696924496 0.68479030231897287 -0.029659619133303335 0.0091627391866861991
decision_type=2 2 2 2 2 2 2 2 2 2 2 2 2 2 2 2 2 2 2 2 2 2 2 2 2 2 2 2 2 2
left_child=-1 2 3 -2 5 8 -7 -8 9 10 -4 12 14 -13 15 16 17 18 19 20 25 22 -22 -24 -23 28 27 -27 29 -11
right_child=1 -3 4 -5 -6 6 7 -9 -10 11 -12 13 -14 -15 -16 -17 -18 -19 -20 -21 21 24 23 -25 -26 26 -28 -29 -30 -31
leaf_value=-0.00078572707483544942 0.0022476242492557503 -0.00081816910035235597 -0.0016750484202057124 -5.8916301150977809e-05 0.00084197640653714653 -0.0019637324462708984 -0.0010190829747298267 0.0013702890913866992 0.0011833281975916839 0.0019906487753614784 1.6419243533164263e-05 0.00035669902490917589 0.0012716988301835952 -0.00078648202174532594 0.00084181777783669525 -0.0012128134637004544 0.0013096810882085594 -0.00087969876569471894 0.0010089922227364567 -0.0005666721215515034 -0.00021775473346933723 -0.001472870453393885 0.0033465351399196231 0.000326852465347786 6.9934192882931752e-05 0.00066080964263699781 -0.00070044445841410902 -0.00080378541955724355 2.5603440702002352e-05 -0.00020860362565144894
leaf_weight=24 20 27 20 57 31 29 20 28 22 20 30 35 20 59 31 31 22 39 28 59 25 21 23 21 23 51 99 31 1012 21
leaf_count=24 20 27 20 57 31 29 20 28 22 20 30 35 20 59 31 31 22 39 28 59 25 21 23 21 23 51 99 31 1012 21
internal_value=3.4115e-13 9.64575e-06 2.12386e-05 0.000540185 -3.4913e-07 -1.46964e-05 -0.000505997 0.000374717 7.00763e-06 -8.02959e-06 -0.000660168 1.14838e-05 3.36762e-05 -0.00036083 1.77736e-05 1.0335e-06 2.62036e-05 7.03418e-06 3.11503e-05 1.1677e-05 3.70093e-05 0.000434235 0.00113609 0.00190532 -0.000666404 6.3446e-07 -0.000334586 0.000107121 5.82554e-05 0.000864202
internal_weight=1979 1955 1928 77 1851 1820 77 48 1743 1721 50 1671 1577 94 1557 1526 1495 1473 1434 1406 1347 113 69 44 44 1234 181 82 1053 41
internal_count=1979 1955 1928 77 1851 1820 77 48 1743 1721 50 1671 1577 94 1557 1526 1495 1473 1434 1406 1347 113 69 44 44 1234 181 82 1053 41
is_linear=0
shrinkage=0.03


Tree=172
num_leaves=31
num_cat=0
split_feature=5 4 8 8 4 4 6 0 0 5 3 2 5 2 2 3 5 3 7 7 3 7 3 8 8 2 5 5 4 6
split_gain=0.0171022 0.0310267 0.0200928 0.0167015 0.0164094 0.0351004 0.0226439 0.0192659 0.0209959 0.042953 0.0303345 0.0197859 0.0193995 0.0175348 0.046183 0.0406718 0.0997809 0.0608013 0.0431555 0.045688 0.0442869 0.0284188 0.04549 0.14838 0.0201676 0.0174021 0.0234189 0.0166498 0.0154474 0.0152931
threshold=0.48243215995500294 0.23271976271406883 1.2434150153598267 0.80585419907393996 -0.11077906633424033 -0.094069000464067007 23.734910376783322 -0.063869007457190582 -0.032028571157188872 0.052810446981947042 -0.044617093628265207 0.099423511430090331 -0.012936649124033304 0.17888274023508502 0.16740420319904717 0.0097253401844247262 0.18209622758073121 0.0017082703933426482 0.7334774152477519 -0.26123159640797039 0.065486255705470411 1.0449358927622268 0.053662132779765399 1.5468157765870336 2.0649904241024619 0.22143747855870968 0.17469865937252774 -0.10925141084644967 0.074446724436832659 71.555061591182735
decision_type=2 2 2 2 2 2 2 2 2 2 2 2 2 2 2 2 2 2 2 2 2 2 2 2 2 2 2 2 2 2
left_child=1 4 3 -2 27 -6 -7 -8 9 12 -11 -12 -9 14 21 16 17 -15 19 -17 25 22 -10 -24 -23 26 -21 -1 -16 -27
right_child=2 -3 -4 -5 5 6 7 8 13 10 11 -13 -14 15 28 18 -18 -19 -20 20 -22 24 23 -25 -26 29 -28 -29 -30 -31
leaf_value=-5.1575556424520778e-05 -0.00068479493576368048 0.0011627888519225443 -0.0012177479902113026 0.00052654607361182575 0.001157322988292435 -0.00093284514408720578 0.00079524771800996465 -0.00018275829682383557 1.2359301504405496e-05 -0.0017971202744437114 0.00018733043616521171 -0.00097715212409545116 0.0010317510645836592 0.000791637806687504 -0.00034904405674231903 0.00078799890404617455 -0.000332331705542926 0.00297401519108098 0.0012317890017900777 -0.00082043507961894978 0.00080609421843014977 -0.00021115437399952069 -0.00070115512383737315 0.002745045093734833 -0.001411732662236318 -0.0015726253411478615 0.0005979786474417778 -0.0011778763023072055 -0.0014527358014136552 -0.00063170946378893439
leaf_weight=27 21 21 22 20 24 23 28 29 1218 21 24 29 20 27 21 37 39 20 23 22 23 34 23 22 20 22 20 21 25 53
leaf_count=27 21 21 22 20 24 23 28 29 1218 21 24 29 20 27 21 37 39 20 23 22 23 34 23 22 20 22 20 21 25 53
internal_value=1.93256e-12 1.59918e-05 -0.000486353 -9.38969e-05 3.2832e-06 1.75147e-05 2.50897e-06 1.44607e-05 2.12323e-06 -0.000375984 -0.000832176 -0.000449839 0.00031296 3.03265e-05 -1.44858e-05 0.00024389 0.00078946 0.00172031 9.29458e-06 -0.000149561 -0.000397344 1.81505e-05 4.6966e-05 0.000983654 -0.000655813 -0.000633918 -0.000145 -0.000544332 -0.000948877 -0.000907711
internal_weight=1979 1916 63 41 1895 1847 1823 1800 1772 123 74 53 49 1649 1363 286 86 47 200 177 140 1317 1263 45 54 117 42 48 46 75
internal_count=1979 1916 63 41 1895 1847 1823 1800 1772 123 74 53 49 1649 1363 286 86 47 200 177 140 1317 1263 45 54 117 42 48 46 75
is_linear=0
shrinkage=0.03


Tree=173
num_leaves=31
num_cat=0
split_feature=6 4 6 1 9 9 3 5 9 6 6 4 1 6 4 5 9 9 3 9 5 3 3 5 6 1 1 1 1 6
split_gain=0.0161908 0.0440148 0.0343996 0.0254841 0.0186732 0.058473 0.0261152 0.0234196 0.0462331 0.0848422 0.0773793 0.0331104 0.0227542 0.0254003 0.0518098 0.0487891 0.0445599 0.210329 0.0443621 0.04358 0.0362252 0.0353621 0.0261861 0.0477208 0.0512014 0.0321715 0.0236741 0.0368033 0.0263285 0.0428221
threshold=87.760212447422859 0.21753091218199852 77.994872907793734 0.09922040120137933 0.015885605815660109 0.013927235976156948 0.0073738393240467834 -0.077985740794959665 0.025751445073890943 33.882039470713096 41.12321471798596 -0.090629358883831987 -0.094047474906836945 69.957627118644083 0.11476857114426543 0.24415585682128618 0.045202141561819807 0.040462546360846639 0.065486255705470411 0.035842223953902193 0.24415585682128618 -0.0065931936139164695 0.041148105608228243 0.12112508614373053 56.464959189417421 0.10226304994482562 0.075298867239792192 0.061065762889426563 0.028475381773953704 60.834057881008583
decision_type=2 2 2 2 2 2 2 2 2 2 2 2 2 2 2 2 2 2 2 2 2 2 2 2 2 2 2 2 2 2
left_child=1 4 -3 -2 5 6 -1 8 9 -6 -10 -9 -13 14 18 -16 17 19 20 -15 22 -22 25 24 -24 26 27 28 -14 -30
right_child=3 2 -4 -5 7 -7 -8 11 10 -11 -12 12 13 16 15 -17 -18 -19 -20 -21 21 -23 23 -25 -26 -27 -28 -29 29 -31
leaf_value=0.00068389900807304871 -0.00012185069674160332 -7.2749782906612388e-05 -0.001791829869828441 0.0013577840877114795 0.0025887259433511646 -0.0012857041885145008 -0.0004792906844886602 -0.00091010968387126917 -0.00060471794703169672 -7.7153228604319419e-05 0.0015004479455422949 0.00068020755657926201 1.1109228707595803e-05 0.00026179806922355326 -0.0021529674713965507 -0.00019802174983649616 -0.00078852419705071947 0.0031326954121417973 0.0010534636906745351 -0.001117477250467662 0.00017036068253219126 -0.0013953902427216662 0.00093371454984522771 0.0017934655579738318 -0.0010579427331686021 0.00095920608728192744 -0.00068907144824306493 0.0011476782895624637 -0.0006384040736498272 0.00034946110554503519
leaf_weight=38 22 20 22 20 21 40 32 35 55 22 22 46 799 199 20 27 32 23 34 23 21 34 26 20 21 28 53 23 147 54
leaf_count=38 22 20 22 20 21 40 32 35 55 22 22 46 799 199 20 27 32 23 34 23 21 34 26 20 21 28 53 23 147 54
internal_value=8.85344e-13 -1.26355e-05 -0.00097322 0.000582737 8.65451e-06 -0.000370703 0.000152155 3.20323e-05 0.000436802 0.00122479 -3.24198e-06 2.85967e-06 2.24633e-05 3.36215e-06 -5.19429e-05 -0.00102991 0.000264314 0.000401828 -1.54631e-05 0.0001189 -4.5107e-05 -0.000797558 -9.76563e-06 0.000566106 4.38251e-05 -4.47143e-05 -7.08387e-05 -3.8809e-05 -6.60982e-05 -0.000373007
internal_weight=1979 1937 42 42 1895 110 70 1785 120 43 77 1665 1630 1584 1307 47 277 245 1260 222 1226 55 1171 67 47 1104 1076 1023 1000 201
internal_count=1979 1937 42 42 1895 110 70 1785 120 43 77 1665 1630 1584 1307 47 277 245 1260 222 1226 55 1171 67 47 1104 1076 1023 1000 201
is_linear=0
shrinkage=0.03


Tree=174
num_leaves=31
num_cat=0
split_feature=5 4 8 8 3 2 4 6 1 7 7 8 2 3 1 2 1 1 1 5 1 3 4 7 4 7 7 8 6 1
split_gain=0.0153152 0.0295014 0.0186989 0.0163175 0.0150016 0.0212823 0.0603846 0.0291677 0.0208863 0.0149698 0.0408642 0.022838 0.0442346 0.0297543 0.0265316 0.0919172 0.0422279 0.0360417 0.0447282 0.0425056 0.0411431 0.044167 0.034723 0.0327313 0.0305822 0.0289561 0.108916 0.0282626 0.0391717 0.0338951
threshold=0.48243215995500294 0.23271976271406883 1.2434150153598267 0.80585419907393996 -0.069124451844052456 -0.21348329331837576 -0.098905246456421833 23.734910376783322 -0.1175380318702665 -0.43033673741546813 -0.40385724677167273 0.43209997507328746 0.13084799477020162 0.0023727039674698029 0.01077453292218389 0.21725848778087589 0.013631772709783442 0.0029499551850465937 0.0016187908137060838 0.019147371314653275 -0.0013638105228699347 0.014677078867803008 0.029466225173806707 0.087262044505593619 0.037760682135542407 -0.31845096430127651 -0.33463876337419579 0.96195451443535129 45.005307855626334 0.027916746276761665
decision_type=2 2 2 2 2 2 2 2 2 2 2 2 2 2 2 2 2 2 2 2 2 2 2 2 2 2 2 2 2 2
left_child=1 4 3 -2 8 -6 -7 -8 -1 -9 -11 12 13 -12 15 17 22 18 20 -19 21 24 -16 -21 -13 26 -18 29 -29 -27
right_child=2 -3 -4 -5 5 6 7 9 -10 10 11 14 -14 -15 16 -17 25 19 -20 23 -22 -23 -24 -25 -26 27 -28 28 -30 -31
leaf_value=7.9824256751200433e-05 -0.00066571131880794254 0.0011333852972269856 -0.0011658122316426174 0.00053162455977872009 -0.00093385154589278885 0.0015888886621475897 -0.0010312366671860218 -0.00025813497175094759 -0.001228769435547292 0.0010481141833588482 0.00069267551319041683 0.00019794789578323678 -0.0014564457293858545 -0.00082236060337163505 -0.0018940599504858255 0.0020561210798990467 -0.00018629728492001329 -8.4686607820913198e-05 -0.0012785885211037979 0.00055097964615561073 0.0013156259333482012 -0.00096879047215528153 -0.00014744452267353024 0.0022673180834390226 -0.00059171310832666947 0.00022125029478800194 0.0024408166139619422 0.0013888372359797357 2.8533821899674956e-05 -0.00047476373396899648
leaf_weight=23 21 21 22 20 21 22 24 157 21 36 28 445 27 20 20 23 49 30 22 20 24 36 21 20 49 87 20 20 402 228
leaf_count=23 21 21 22 20 21 22 24 157 21 36 28 445 27 20 20 23 49 30 22 20 24 36 21 20 49 87 20 20 402 228
internal_value=-8.35421e-13 1.51333e-05 -0.000460243 -8.1645e-05 2.74101e-06 1.5755e-05 2.66521e-05 7.64256e-06 -0.000544732 2.16185e-05 4.86138e-05 2.59978e-05 -0.000485018 6.14105e-05 5.12789e-05 0.000192494 -6.02595e-05 0.000126142 4.80252e-05 0.000768934 0.000100707 4.56913e-05 -0.000999452 0.00140915 0.000119621 -1.24842e-05 0.000575185 -6.75034e-05 9.30032e-05 -0.000282531
internal_weight=1979 1916 63 41 1895 1851 1830 1808 44 1784 1627 1591 75 48 1516 669 847 646 576 70 554 530 41 40 494 806 69 737 422 315
internal_count=1979 1916 63 41 1895 1851 1830 1808 44 1784 1627 1591 75 48 1516 669 847 646 576 70 554 530 41 40 494 806 69 737 422 315
is_linear=0
shrinkage=0.03


Tree=175
num_leaves=31
num_cat=0
split_feature=6 4 0 9 1 9 2 2 5 9 1 4 5 4 2 0 3 3 3 1 4 3 0 0 1 9 1 1 5 4
split_gain=0.0154341 0.0319276 0.0278155 0.0270422 0.0228037 0.0277741 0.0258629 0.0251332 0.0395343 0.0767714 0.0672537 0.0250475 0.0781085 0.0462243 0.0232566 0.0614985 0.06107 0.0643557 0.0596937 0.0393088 0.0446644 0.0264455 0.0262832 0.0321448 0.0183466 0.0202344 0.0469986 0.0533976 0.0324435 0.0250458
threshold=22.494331065759635 -0.090629358883831987 -0.040469452196585591 0.03738894669547186 -0.094047474906836945 0.059235197089609774 0.047054463563002365 0.5496430889033096 0.35767842657335708 0.045202141561819807 0.080284213040363053 0.15484795994745651 0.28633597144600037 0.14250170761421979 0.18280841056504529 -0.025498024157092177 0.010110638616864011 0.032205473330448105 0.0025159183260123901 0.030466098339401507 0.097488566059224194 -0.0062053740163663376 0.079414282656773985 0.059892770834106941 -0.079207633531088381 0.041053905502406618 0.0077312963593871862 -0.043476331640263537 0.12626255907969733 0.033529104034413455
decision_type=2 2 2 2 2 2 2 2 2 2 2 2 2 2 2 2 2 2 2 2 2 2 2 2 2 2 2 2 2 2
left_child=-1 2 -2 -4 6 7 -3 8 11 -10 -11 13 -13 14 22 -16 18 19 21 -18 -21 -17 23 24 -6 -26 27 -27 29 -28
right_child=1 4 3 -5 5 -7 -8 -9 9 10 -12 12 -14 -15 15 16 17 -19 -20 20 -22 -23 -24 -25 25 26 28 -29 -30 -31
leaf_value=0.00065350132703315459 0.00016533493646420539 0.0014141886001876132 -0.0018900208422980669 -0.00034864284703508018 -0.00068099620627362048 -0.0011170790264150127 1.6589074288136684e-05 0.00088311215136039614 -0.0018902050763175916 -0.0009705957194790243 0.0013323233705679221 0.0016202243272170063 -0.00078446870151674365 -0.001363762008364905 -0.0011791703392836181 0.0014123845279973466 -0.0013003015010950288 0.0010561928085579503 0.0026141773358685895 0.00093572029876264019 -0.00084296681277919562 -9.4899972378202196e-05 -0.00096732272444149622 0.0011894200955866836 -4.3533653858749376e-05 -8.7691698785680007e-05 -0.0015147586078383029 0.0016294583219748275 0.000496395324521205 -1.3384466408751906e-05
leaf_weight=32 23 22 21 20 37 20 26 29 29 25 21 31 20 22 22 20 28 42 20 27 24 22 26 20 1209 28 20 39 34 20
leaf_count=32 23 22 21 20 37 20 26 29 29 25 21 31 20 22 22 20 28 42 20 27 24 22 26 20 1209 28 20 39 34 20
internal_value=-1.88945e-12 -1.07407e-05 -0.000669697 -0.00113813 1.16562e-05 -5.22884e-06 0.000657156 7.02295e-06 -7.20246e-06 -0.000681361 8.07369e-05 2.23486e-05 0.000677207 2.22944e-06 2.05761e-05 0.000319447 0.000499608 0.000107313 0.00126522 -0.000397154 9.86911e-05 0.000622855 -2.21793e-05 -4.71397e-06 -2.19329e-05 -3.8697e-06 0.000336228 0.000911843 -0.000184938 -0.000764072
internal_weight=1979 1947 64 41 1883 1835 48 1815 1786 75 46 1711 51 1660 1638 205 183 121 62 79 51 42 1433 1407 1387 1350 141 67 74 40
internal_count=1979 1947 64 41 1883 1835 48 1815 1786 75 46 1711 51 1660 1638 205 183 121 62 79 51 42 1433 1407 1387 1350 141 67 74 40
is_linear=0
shrinkage=0.03


Tree=176
num_leaves=31
num_cat=0
split_feature=0 9 8 2 2 6 6 9 3 7 7 3 8 8 3 0 4 4 3 2 0 0 8 3 0 6 9 8 6 9
split_gain=0.0155033 0.0177216 0.022384 0.0379555 0.0352622 0.0256801 0.0721968 0.0595222 0.0244599 0.0241231 0.0274333 0.033181 0.0293267 0.0517587 0.0564503 0.0362723 0.0402661 0.0374316 0.0346162 0.0308353 0.053788 0.0358002 0.0298687 0.0286005 0.0268478 0.0524375 0.0244091 0.0324648 0.0330247 0.0238476
threshold=-0.078793212323153602 0.059235197089609774 0.81272988961931736 0.5496430889033096 -0.16349538540488959 30.505050505050509 32.619484302513762 0.026110614122931867 0.039644548386387764 0.075236517684014195 0.014343499932896632 -0.0012276783099622877 0.75255196920753764 0.72164339749312767 0.0066937130691693278 0.0082730181544410381 0.024004559595335987 -0.018496906225513806 0.014677078867803008 0.15689852583369127 -0.0080242216355749778 -0.02094030513662681 0.54739490179528527 0.012610621938018209 -0.0094718780323512202 52.766841644794418 0.017467676705258763 0.46032766577733769 47.605557803858083 0.027480254868512455
decision_type=2 2 2 2 2 2 2 2 2 2 2 2 2 2 2 2 2 2 2 2 2 2 2 2 2 2 2 2 2 2
left_child=-1 2 8 4 -4 7 -7 -6 9 10 12 -12 13 15 -15 19 17 -17 22 21 -21 -2 -19 -18 -14 -26 -23 28 -28 -29
right_child=1 -3 3 -5 5 6 -8 -9 -10 -11 11 -13 24 14 -16 16 23 18 -20 20 -22 26 -24 -25 25 -27 27 29 -30 -31
leaf_value=-0.00075784159344038915 0.00086545656749513001 -0.00075395297223520977 0.0011162238276627814 0.0013721016714615482 0.00046751421764201952 0.001825918667683644 4.8266037661170997e-05 -0.0018470056758960708 -0.00091074611889780494 -0.00038677523951768505 0.001566587842799808 -4.6387933834921569e-05 0.00027597115724347531 -1.896517654961866e-05 0.0021066533858803186 -0.00014823405312434319 0.00029446682715788484 0.0014821658483706412 0.0021202257865973349 -0.00068143246999091429 0.001220549102122277 0.00055015570446266787 -0.00010303729557958634 -0.0012275835546897724 -0.002157778004184365 -0.00025115975949636384 0.00099105256331809364 -0.00041890761493603985 -0.00050950813615186646 -0.0011295220727996925
leaf_weight=24 20 27 29 21 20 21 986 20 32 166 22 24 24 23 22 31 25 20 21 23 32 20 23 20 20 37 22 92 33 79
leaf_count=24 20 27 29 21 20 21 986 20 32 166 22 24 24 23 22 31 25 20 21 23 32 20 23 20 20 37 22 92 33 79
internal_value=1.41732e-13 9.30343e-06 1.99922e-05 0.00010896 8.43079e-05 5.57257e-05 8.53372e-05 -0.000689746 -9.74542e-05 -6.48818e-05 1.95325e-05 0.000725035 -3.57539e-05 4.90862e-05 0.00102023 -4.57105e-05 0.000357235 0.000707399 0.00112185 -0.00022145 0.000425175 -0.000355151 0.000634266 -0.000382 -0.000565743 -0.000920149 -0.000454387 -0.000543285 9.07161e-05 -0.000747203
internal_weight=1979 1955 1928 1097 1076 1047 1007 40 831 799 633 46 587 506 45 461 140 95 64 321 55 266 43 45 81 57 246 226 55 171
internal_count=1979 1955 1928 1097 1076 1047 1007 40 831 799 633 46 587 506 45 461 140 95 64 321 55 266 43 45 81 57 246 226 55 171
is_linear=0
shrinkage=0.03


Tree=177
num_leaves=31
num_cat=0
split_feature=6 3 2 0 9 9 6 5 9 6 9 9 9 6 2 9 3 3 0 2 2 9 3 7 7 7 6 3 1 2
split_gain=0.0148135 0.0294262 0.024108 0.0201649 0.0180416 0.0548677 0.0246648 0.022546 0.0971241 0.0674262 0.0229031 0.0386801 0.0423345 0.0929233 0.0853374 0.0488518 0.0388784 0.0384868 0.0379156 0.036904 0.0434877 0.0604666 0.0378197 0.0420289 0.0329185 0.0583253 0.0322335 0.0284354 0.0299974 0.0799163
threshold=87.760212447422859 0.11683258079084559 0.33304222004030798 0.099030052258957349 0.015885605815660109 0.013927235976156948 60.198992812790301 -0.099455256383074661 0.025853438825319233 33.882039470713096 0.035613520529957518 0.040210937526493455 0.045202141561819807 69.957627118644083 0.14273227969348659 0.04222417709937118 0.022305167320503142 0.070535098361274598 0.059892770834106941 -0.048464232073488815 0.12221776322737356 0.048182875776256122 0.0083190117533074055 -0.11053705500915977 -0.014243050889736207 0.17522879083498591 57.523603461841084 0.054623447607845883 0.064754652706459984 0.0061117102983951907
decision_type=2 2 2 2 2 2 2 2 2 2 2 2 2 2 2 2 2 2 2 2 2 2 2 2 2 2 2 2 2 2
left_child=1 3 -2 4 5 6 -1 8 -6 -10 17 16 13 14 15 -13 -12 18 27 -14 22 -22 23 -21 26 -26 -23 28 -9 -30
right_child=2 -3 -4 -5 7 -7 -8 10 9 -11 11 12 19 -15 -16 -17 -18 -19 -20 20 21 24 -24 -25 25 -27 -28 -29 29 -31
leaf_value=0.00075908117254584794 -0.00016134815365408678 -0.0010346673287451266 0.0012761492174052235 -0.00090173016519243406 0.0023315243715187534 -0.001247403976033638 -0.00037134406830821381 -3.3248250975490089e-06 -0.0010905230684298218 0.0010845517309929203 -0.00029492193983927326 0.001935613711044425 -0.0010144794856221944 0.0019375263692827187 -0.00111373903783592 8.330565459769347e-06 -0.00150619758462364 0.0013558684537253742 0.0013238348589012666 0.0019519569101447071 -0.0015210639643919422 0.00036279761515881705 -0.0005330735158217563 0.00024860013741999864 0.0017345375141927172 -0.00039116427776976845 -0.001082945042955024 -0.00092456662613484594 0.0022101178101729601 0.00019047634867129333
leaf_weight=32 21 25 21 22 20 40 38 979 29 23 86 20 44 29 37 29 33 21 21 22 32 23 22 32 21 26 35 27 20 149
leaf_count=32 21 25 21 22 20 40 38 979 29 23 86 20 44 29 37 29 33 21 21 22 32 23 22 32 21 26 35 27 20 149
internal_value=2.77508e-13 -1.20861e-05 0.000557401 1.28445e-06 1.17957e-05 -0.00036106 0.000145422 3.48374e-05 0.000554861 -0.000128471 1.2916e-05 -0.000160037 -9.43666e-06 0.000468989 -2.62149e-05 0.000794977 -0.000630822 8.26942e-05 6.03391e-05 -0.000223518 -6.01273e-05 -0.0003794 0.000515403 0.00094256 -3.1464e-05 0.000558617 -0.000509633 3.77575e-05 6.03905e-05 0.000429487
internal_weight=1979 1937 42 1912 1890 110 70 1780 72 52 1708 491 372 115 86 49 119 1217 1196 257 213 137 76 54 105 47 58 1175 1148 169
internal_count=1979 1937 42 1912 1890 110 70 1780 72 52 1708 491 372 115 86 49 119 1217 1196 257 213 137 76 54 105 47 58 1175 1148 169
is_linear=0
shrinkage=0.03


Tree=178
num_leaves=31
num_cat=0
split_feature=8 7 7 1 6 4 2 5 5 4 7 6 9 8 1 4 2 1 2 6 5 4 1 9 5 8 5 1 9 2
split_gain=0.0151959 0.035778 0.0330414 0.0436374 0.026494 0.0240795 0.0206062 0.0432268 0.0223223 0.0490992 0.0263728 0.0226034 0.0252161 0.0326732 0.0532642 0.0306923 0.025658 0.0200398 0.0185886 0.0177148 0.0239462 0.0336591 0.0275092 0.0237074 0.0834637 0.103174 0.0501551 0.0605866 0.0595944 0.0290791
threshold=1.915845702081213 0.10598768200052013 0.80405522717174849 0.09358468932587817 20.37234042553192 -0.090629358883831987 0.52655660377358504 0.64120099783527407 0.20721051133530391 0.13028420626710693 -0.41270979975597899 80.482967731823933 0.030202882576064547 0.74168101614244242 -0.032463866305329707 0.14619139057580324 0.1509125211766518 0.11713872916849356 -0.19537668905363861 79.596847875742398 0.16663751850763478 0.021498999956522494 0.042633832399827772 0.040210937526493455 0.13345014101486311 0.64262802985004608 0.1011204211053507 0.045727443109501061 0.048182875776256122 0.18280841056504529
decision_type=2 2 2 2 2 2 2 2 2 2 2 2 2 2 2 2 2 2 2 2 2 2 2 2 2 2 2 2 2 2
left_child=4 -2 -3 -4 -1 18 8 -8 9 17 -10 12 16 -14 -15 -16 -12 19 -6 20 23 -22 -23 29 26 -26 27 28 -25 -7
right_child=1 2 3 -5 5 6 7 -9 10 -11 11 -13 13 14 15 -17 -18 -19 -20 -21 21 22 -24 24 25 -27 -28 -29 -30 -31
leaf_value=0.0010805735164987188 -0.0014523809256830385 0.00061943650243896674 6.4510403714848502e-05 -0.0016242799522089106 5.1286063157021994e-05 -4.1224884133359939e-05 0.0016919517511851155 -0.0002568392256008727 -0.0012656005841147687 0.0015340297920629381 -0.00014475780888460578 -0.0009089550484092004 -0.0012091001059859989 0.0013591876240181071 -0.00064834215643190562 0.00040299973585397787 0.0013212831853888927 0.00077999276029004248 -0.0010135636907458927 0.00057565464925719422 0.00061200431664474306 -0.0012119331887414202 -0.00020688136169490844 0.0015825868183609974 7.997803123933928e-05 0.0030907239709049459 -0.0013494329540325062 -0.0012199252364225685 -5.9025996590662545e-05 0.00076374500981598562
leaf_weight=21 21 37 40 21 25 1053 20 21 21 20 21 31 25 21 73 38 22 32 36 50 24 43 57 34 21 20 21 20 48 42
leaf_count=21 21 37 40 21 25 1053 20 21 21 20 21 31 25 21 73 38 22 32 36 50 24 43 57 34 21 20 21 20 48 42
internal_value=-1.16755e-12 -0.000328658 -8.78603e-05 -0.000516876 2.1027e-05 8.92782e-06 2.90351e-05 0.000693791 1.33443e-05 5.76468e-05 -0.000247724 -0.00015519 -3.83562e-05 -0.000214647 -2.63034e-05 -0.000288423 0.00060531 3.74914e-05 -0.00057715 2.09107e-05 8.54918e-07 -0.000396913 -0.000639054 4.00315e-05 0.000376415 0.00154863 -1.43243e-05 0.000260551 0.000621643 -1.03493e-05
internal_weight=1979 119 98 61 1860 1839 1778 41 1737 1485 252 231 200 157 132 111 43 1465 61 1433 1383 124 100 1259 164 41 123 102 82 1095
internal_count=1979 119 98 61 1860 1839 1778 41 1737 1485 252 231 200 157 132 111 43 1465 61 1433 1383 124 100 1259 164 41 123 102 82 1095
is_linear=0
shrinkage=0.03


Tree=179
num_leaves=31
num_cat=0
split_feature=5 2 6 1 6 6 8 6 6 5 8 6 5 6 5 5 2 1 2 1 5 6 2 2 1 5 1 2 1 7
split_gain=0.0143637 0.025561 0.0193011 0.0151798 0.0372421 0.0264136 0.0319231 0.0191676 0.0218904 0.0708468 0.0372346 0.0234772 0.0260392 0.0170099 0.0676892 0.0948947 0.021324 0.0183229 0.046315 0.027963 0.0502171 0.0318238 0.078888 0.0749896 0.0449918 0.0554847 0.0414221 0.0512799 0.0416159 0.0359674
threshold=0.48243215995500294 0.39941752928167856 77.762128325508613 -0.10152449255941552 22.494331065759635 31.570638202749532 0.95480855025224198 26.847469967236986 32.619484302513762 -0.015533727198024315 0.84819901043548807 35.897435897435898 -0.01046108639705484 40.141369047619058 -0.020858235975145297 -0.068255932218158663 -0.029022898858176768 0.030466098339401507 -0.054020926034701482 0.023098627677311748 0.092944987330033882 70.17513491497813 0.20930489312842251 0.23853723769733595 0.01077453292218389 0.077497756255573771 -0.037500234376464874 0.0049248202222705881 -0.033397068196303441 -0.24597443960221918
decision_type=2 2 2 2 2 2 2 2 2 2 2 2 2 2 2 2 2 2 2 2 2 2 2 2 2 2 2 2 2 2
left_child=1 3 -2 5 -5 -1 -7 -6 9 10 -9 12 -10 14 15 -13 -16 19 -19 21 -21 23 -23 24 26 -26 27 29 -28 -15
right_child=2 -3 -4 4 7 6 -8 8 11 -11 -12 13 -14 17 16 -17 -18 18 -20 20 -22 22 -24 -25 25 -27 28 -29 -30 -31
leaf_value=-0.0012133541744202374 -7.4415382530008048e-05 0.00089854780480201385 -0.0011883203685283659 0.0011682594481855629 -0.00079096767676269846 -0.00087423992068083438 0.00065286372248790159 0.00024652896635234356 -0.0012584716567237463 -0.00067864094218910906 0.0019543680315837262 -0.00011810481472903946 4.726521512364141e-05 -0.0016386654316447675 -0.00086054368185457483 0.0026683102852918883 0.00028991600643072659 -0.0013040808732781945 -7.7811851351493905e-05 0.0013416398722087828 -0.00019385747795846935 6.0051167005874609e-05 0.002167325279941516 -0.0018528718133457005 2.9493677155936464e-05 -0.0012946900986705204 0.0013701719949021935 0.00019664488198673898 0.00020669146015116189 -0.00032956583173740105
leaf_weight=25 42 29 21 25 27 22 28 20 28 28 27 22 27 30 29 22 29 29 628 41 36 67 21 20 68 49 30 102 356 51
leaf_count=25 42 29 21 25 27 22 28 20 28 28 27 22 27 30 29 22 29 29 628 41 36 67 21 20 68 49 30 102 356 51
internal_value=-1.05476e-12 1.46556e-05 -0.000445717 1.07169e-06 1.83826e-05 -0.000417159 -1.90619e-05 2.29589e-06 1.44653e-05 0.000515954 0.00122763 -7.8562e-06 -0.000617474 1.27137e-05 0.000387807 0.0012751 -0.000285314 -1.23252e-05 -0.000131939 7.79004e-05 0.000623745 2.49658e-05 0.000562923 -4.20884e-05 1.07041e-05 -0.000525079 0.000120874 -0.000250875 0.000297117 -0.000814418
internal_weight=1979 1916 63 1887 1812 75 50 1787 1760 75 47 1685 55 1630 102 44 58 1528 657 871 77 794 88 706 686 117 569 183 386 81
internal_count=1979 1916 63 1887 1812 75 50 1787 1760 75 47 1685 55 1630 102 44 58 1528 657 871 77 794 88 706 686 117 569 183 386 81
is_linear=0
shrinkage=0.03


Tree=180
num_leaves=31
num_cat=0
split_feature=8 7 7 9 6 4 3 2 5 8 7 2 9 7 2 5 3 5 2 9 7 7 7 4 8 3 5 4 4 6
split_gain=0.0142919 0.0335648 0.0312486 0.0567053 0.0238993 0.0222974 0.0257008 0.0198139 0.0307133 0.0243842 0.0955977 0.0299756 0.0276176 0.0199779 0.019319 0.0226501 0.0181674 0.0127666 0.0489661 0.0438523 0.067354 0.113317 0.0972246 0.0455325 0.0802198 0.0729148 0.0435146 0.0584052 0.0507104 0.0506014
threshold=1.915845702081213 0.10598768200052013 0.98471158500994593 0.030434215926805303 20.37234042553192 -0.090629358883831987 -0.046086173934924028 0.46320706300911046 0.64120099783527407 1.6599866352613899 0.80405522717174849 0.30993088929091889 0.042039630578940064 0.70883729182532595 0.27299095689028979 0.35767842657335708 0.055879051625124861 0.0045233131453921169 -0.08946872599846388 0.024446188169023771 -0.31845096430127651 -0.2562978603499565 -0.42603481317142705 0.0042721783699107849 0.79611158623426947 0.0029539870286653396 0.027599945697306175 -0.039025493348270483 -0.021359705528540992 41.40770764974588
decision_type=2 2 2 2 2 2 2 2 2 2 2 2 2 2 2 2 2 2 2 2 2 2 2 2 2 2 2 2 2 2
left_child=4 -2 3 -3 -1 6 -6 9 -9 11 -11 13 -13 14 15 17 -4 19 -19 -7 22 -22 -21 25 -25 -23 -20 29 -29 -28
right_child=1 2 16 -5 5 7 -8 8 -10 10 -12 12 -14 -15 -16 -17 -18 18 26 20 21 23 -24 24 -26 -27 27 28 -30 -31
leaf_value=0.0010267176598842654 -0.0014071437836225542 -0.00047102122239367516 -0.00014148668061885662 0.001580792702686515 3.1138499971348209e-05 -0.00016662723502740444 -0.0012019256672597136 0.0012987363203946086 -0.00023098864542719509 -0.00038873471482314497 0.0021155229915166274 -2.6091441719068418e-05 -0.001382988692364759 -0.00039033018134662076 0.00079516460606828324 -0.00090790220009891881 -0.001316793934442103 -0.0014485893613060137 -0.00048738086523695125 0.00011467758872200765 -0.0018105841247850786 0.00063817049603953602 0.0024906610943106634 0.00023543419720226664 0.0026574324688408524 -0.0011587944200582567 0.00018972175564902665 -0.00095521095981398096 9.0543947472556118e-05 0.0022746960176154973
leaf_weight=21 21 27 29 22 32 181 29 27 21 34 23 27 27 103 30 23 20 21 135 31 23 63 31 32 20 30 22 44 810 20
leaf_count=21 21 27 29 22 32 181 29 27 21 34 23 27 27 103 30 23 20 21 135 31 23 63 31 32 20 30 22 44 810 20
internal_value=1.95011e-12 -0.000318732 -8.55013e-05 0.000450201 2.0392e-05 8.90053e-06 -0.000555072 2.82494e-05 0.000629482 1.15678e-05 0.000621755 -9.22156e-06 -0.00070454 1.397e-05 4.1439e-05 2.62224e-05 -0.000621204 4.09079e-05 -1.44845e-05 0.000182691 0.000457589 0.000145714 0.00130267 0.000456024 0.00116697 5.85044e-05 1.47262e-05 9.03785e-05 3.66643e-05 0.00118257
internal_weight=1979 119 98 49 1860 1839 61 1778 48 1730 57 1673 54 1619 1516 1486 49 1463 1052 411 230 168 62 145 52 93 1031 896 854 42
internal_count=1979 119 98 49 1860 1839 61 1778 48 1730 57 1673 54 1619 1516 1486 49 1463 1052 411 230 168 62 145 52 93 1031 896 854 42
is_linear=0
shrinkage=0.03


Tree=181
num_leaves=31
num_cat=0
split_feature=8 2 9 8 2 3 8 5 3 5 4 4 9 6 3 5 3 5 4 8 8 2 8 6 3 3 5 6 9 9
split_gain=0.0136913 0.0466524 0.105836 0.0611704 0.0501163 0.0308629 0.0742467 0.0392612 0.0287024 0.0238562 0.0481018 0.0300803 0.0315841 0.024692 0.0243352 0.0434955 0.0350453 0.0256525 0.0819915 0.0270629 0.032693 0.0353912 0.0259803 0.0389531 0.024537 0.0314437 0.0240491 0.0232923 0.0217285 0.0203367
threshold=1.8508703691222912 0.048058577405857734 0.026444937254086965 2.0307808652458417 0.11883445945945938 0.065486255705470411 1.1448669320877309 0.26981639188701539 0.072977333805347447 -0.077985740794959665 -0.098905246456421833 -0.045078281096064814 0.016833461336667743 23.734910376783322 0.045826998586562924 0.18356970161252009 0.041148105608228243 0.18209622758073121 0.10532462375299502 1.0782382785934359 1.1568341520818446 0.20930489312842251 0.52259078445658969 58.407920792079217 -0.018380456905934591 0.0017082703933426482 -0.062165258003855965 44.147747514331066 0.03738894669547186 0.047898669812329743
decision_type=2 2 2 2 2 2 2 2 2 2 2 2 2 2 2 2 2 2 2 2 2 2 2 2 2 2 2 2 2 2
left_child=5 2 -2 -3 -5 9 -7 -8 -6 10 -1 -12 -13 -11 16 -16 17 18 26 22 -21 -22 -19 -24 -25 -26 -15 -14 -27 -28
right_child=1 3 -4 4 8 6 7 -9 -10 13 11 12 27 14 15 -17 -18 19 -20 20 21 -23 23 24 25 28 29 -29 -30 -31
leaf_value=0.001437103613221552 -0.00077017139630495667 -0.0020614175955680283 0.0020694966070160651 -0.0013248407520353794 0.0010280944880461903 -0.00054256557192157711 0.0023561495089670643 0.00061582826265034138 -0.00049666535644792009 -0.0010346933678639205 -0.00062885334575791304 -0.00028937852242961527 0.00024687826527224386 -0.00068938617727199434 -0.0013633293226699937 0.00011652923350294049 0.00096966596722433511 -0.0010513321130669541 0.0019440126026747748 -0.0017093959298323501 -0.0010462414962239563 0.00029347402828612496 0.0011563254766166211 -0.0010762644113440599 0.0010850319080054759 9.5176201341358026e-05 6.6746374860453389e-05 0.0016774013984416213 -0.00097546433942625283 -0.00043174191355952829
leaf_weight=30 27 22 21 25 25 31 20 28 20 22 36 31 20 43 33 39 33 21 20 22 36 35 25 21 21 59 1089 21 24 79
leaf_count=30 27 22 21 25 25 31 20 28 20 22 36 31 20 43 33 39 33 21 20 22 36 35 25 21 21 59 1089 21 24 79
internal_value=-7.14176e-13 -0.000285988 0.000472183 -0.000681556 -0.000247885 2.17718e-05 0.000601856 0.00134096 0.000350423 -4.26608e-06 0.000374396 7.91994e-05 0.000433226 -3.64827e-05 -2.27573e-05 -0.000561739 2.63975e-06 -1.8706e-05 3.88431e-05 -0.00028705 -0.000698923 -0.000385818 -6.30495e-05 7.531e-05 -0.000140893 4.798e-05 7.37868e-06 0.000979585 -0.000214407 3.30301e-05
internal_weight=1979 140 48 92 70 1839 79 48 45 1760 138 108 72 1622 1600 72 1528 1495 1231 264 93 71 171 150 125 104 1211 41 83 1168
internal_count=1979 140 48 92 70 1839 79 48 45 1760 138 108 72 1622 1600 72 1528 1495 1231 264 93 71 171 150 125 104 1211 41 83 1168
is_linear=0
shrinkage=0.03


Tree=182
num_leaves=31
num_cat=0
split_feature=0 9 9 5 1 1 5 9 1 8 8 9 5 1 4 1 3 3 3 5 9 9 4 1 9 9 9 3 6 5
split_gain=0.0144996 0.0166804 0.0223491 0.0201784 0.0789863 0.0177842 0.018328 0.0343094 0.0293353 0.064903 0.0560892 0.0224832 0.0290053 0.0183793 0.0302261 0.0637782 0.0269475 0.0289578 0.0314002 0.0193762 0.0344864 0.0895492 0.0470213 0.0777481 0.0302123 0.0352203 0.036897 0.0232629 0.0211188 0.0700162
threshold=-0.078793212323153602 0.059235197089609774 0.056800304279089858 -0.102800231474715 -0.060325922565033267 -0.10828451241527297 0.48243215995500294 0.052261383887176681 0.1682105263157895 1.1010904919994602 1.6459348176315156 0.052261383887176681 0.35767842657335708 0.14549211493666073 0.13685680025460237 0.09922040120137933 0.068931683553526871 0.060125714037574059 0.052714158919926486 0.16663751850763478 0.047898669812329743 0.044548408961695568 0.097488566059224194 0.10226304994482562 0.030784065261534582 0.048182875776256122 0.042891135673573992 0.031677230330204538 54.783239729917341 0.085356743140897487
decision_type=2 2 2 2 2 2 2 2 2 2 2 2 2 2 2 2 2 2 2 2 2 2 2 2 2 2 2 2 2 2
left_child=-1 2 3 4 -2 -5 8 -8 11 -10 -11 12 13 14 16 -16 17 18 19 20 21 22 23 28 27 26 -26 -21 29 -7
right_child=1 -3 -4 5 -6 6 7 -9 9 10 -12 -13 -14 -15 15 -17 -18 -19 -20 24 -22 -23 -24 -25 25 -27 -28 -29 -30 -31
leaf_value=-0.00073289945721626275 0.0021067430123803206 -0.00073149785373566886 0.0010170031902962363 -0.00061399463694109468 -8.4498218983705887e-05 2.4641346700018334e-05 0.00020165050555740228 -0.0015151752352248876 -0.00073649649030994629 0.0024309157839577113 0.00021104240720160305 0.00080883605964481822 -0.0010139622116604676 -0.00086522030104375024 0.0019324679011796515 -0.00030377705581486226 0.0010528768984866992 -0.0011631824327632784 0.0011378479998425714 0.00025447846704275542 -0.00081778290594906303 0.0017236172333027103 -0.0011094359166666187 0.0017287191521609202 -0.00042414942924070225 0.00051652380132249421 -0.0016229504917448917 -0.00086726637772517275 0.00015397376885357516 -0.00083857090474048161
leaf_weight=24 20 27 20 43 57 548 22 20 20 21 20 30 26 22 22 24 21 20 21 99 43 28 33 24 68 21 35 20 480 100
leaf_count=24 20 27 20 43 57 548 22 20 20 21 20 30 26 22 22 24 21 20 21 99 43 28 33 24 68 21 35 20 480 100
internal_value=1.98977e-13 8.99723e-06 1.93672e-05 8.90984e-06 0.000484655 -1.10969e-05 3.40228e-06 -0.000615886 1.82992e-05 0.000664593 0.00134805 -5.09773e-06 -1.98518e-05 -3.98511e-06 7.80529e-06 0.000765731 -1.45295e-05 -2.9085e-05 -1.41627e-05 -3.03016e-05 1.71403e-05 4.67378e-05 7.11532e-06 3.90999e-05 -0.000275516 -0.000603213 -0.000831509 6.59499e-05 3.15051e-06 -0.00010857
internal_weight=1979 1955 1928 1908 77 1831 1788 42 1746 61 41 1685 1655 1629 1607 46 1561 1540 1520 1499 1256 1213 1185 1152 243 124 103 119 1128 648
internal_count=1979 1955 1928 1908 77 1831 1788 42 1746 61 41 1685 1655 1629 1607 46 1561 1540 1520 1499 1256 1213 1185 1152 243 124 103 119 1128 648
is_linear=0
shrinkage=0.03


Tree=183
num_leaves=31
num_cat=0
split_feature=1 4 0 0 4 1 6 5 4 1 7 6 6 0 5 0 1 4 6 3 4 0 3 2 3 3 3 2 7 1
split_gain=0.0137315 0.0263394 0.0135032 0.0155534 0.0171498 0.105087 0.0289268 0.0163381 0.0945663 0.0380476 0.0402436 0.0190681 0.0198393 0.0190347 0.0209325 0.0289195 0.0408866 0.0391243 0.0725889 0.0164162 0.0752697 0.0303183 0.0245266 0.0894312 0.0616538 0.0278464 0.0415487 0.038199 0.0253622 0.0256845
threshold=0.28185092619817714 0.26881607714569228 -0.078793212323153602 -0.063869007457190582 -0.098905246456421833 -0.097919193335080354 23.734910376783322 0.29341391481563567 0.15484795994745651 0.053466528445324076 -0.014243050889736207 77.762128325508613 65.421052631578974 0.09231323857145525 0.25548383301046113 0.059892770834106941 0.14549211493666073 0.1096000251561985 76.813080934028591 0.035755294824749935 0.03032492431953349 0.020768808673245712 0.028205980954671087 0.045640790833098584 0.026833708765756196 0.023952971890598865 0.02169093755574392 0.23388153688786598 0.36024910717588993 0.029230762831019001
decision_type=2 2 2 2 2 2 2 2 2 2 2 2 2 2 2 2 2 2 2 2 2 2 2 2 2 2 2 2 2 2
left_child=1 2 -1 -4 5 -5 -6 8 13 10 -9 12 -11 14 15 16 17 19 -19 22 -21 -22 24 -24 25 26 27 28 -8 -30
right_child=-2 -3 3 4 6 -7 7 9 -10 11 -12 -13 -14 -15 -16 -17 -18 18 -20 20 21 -23 23 -25 -26 -27 -28 -29 29 -31
leaf_value=-0.00071091246616560955 -0.00078209563114796767 0.0010401772845282473 0.00076403701968956743 -0.00076934847375378012 -0.0010536566923838109 0.0020735691164356297 5.8728066987320826e-05 -0.00046862817576362025 0.0017179260316208518 -0.0010890236513858491 0.0012390613988163353 -0.0013874103532483179 9.7057633887743581e-05 -0.00084884250158211215 -0.00073439992995939546 0.00089673488146879449 -0.0012293887310079298 0.0016280641160971885 -0.00063756356947123997 0.0016544326776959774 0.0006411078525998164 -0.00055236996046074158 -0.0018893022225077811 0.00013429004865026743 0.0015690199531276118 -0.00081180400612356602 0.0012030269600450992 -0.0013009034815643515 -0.00014281434974231831 -0.00096259771935105424
leaf_weight=24 20 22 24 25 24 22 948 27 29 22 23 27 30 24 34 33 24 35 20 29 30 53 29 61 22 40 25 21 190 42
leaf_count=24 20 22 24 25 24 22 948 27 29 22 23 27 30 24 34 33 24 35 20 29 30 53 29 61 22 40 25 21 190 42
internal_value=-1.32892e-12 7.98464e-06 -3.73877e-06 5.13325e-06 -4.50872e-06 0.000561379 -1.89478e-05 -5.28824e-06 1.95662e-05 -0.000330709 0.000316909 -0.000740593 -0.000404746 -1.01039e-05 2.20034e-06 1.78336e-05 -6.51942e-07 1.84352e-05 0.0008042 -1.05695e-05 0.000338716 -0.000120992 -3.89584e-05 -0.000517756 -5.50205e-06 -3.28634e-05 -7.44937e-06 -3.26466e-05 -1.0076e-05 -0.000291223
internal_weight=1979 1959 1937 1913 1889 47 1842 1818 1689 129 50 79 52 1660 1636 1602 1569 1545 55 1490 112 83 1378 90 1288 1266 1226 1201 1180 232
internal_count=1979 1959 1937 1913 1889 47 1842 1818 1689 129 50 79 52 1660 1636 1602 1569 1545 55 1490 112 83 1378 90 1288 1266 1226 1201 1180 232
is_linear=0
shrinkage=0.03


Tree=184
num_leaves=31
num_cat=0
split_feature=6 4 6 8 9 9 6 8 8 8 7 1 9 0 7 0 5 5 5 5 8 4 1 8 7 9 9 7 1 9
split_gain=0.0138106 0.0396825 0.0323623 0.0240159 0.0161707 0.0514815 0.0234996 0.0214122 0.0207425 0.0350558 0.0782398 0.0479091 0.0638934 0.0452734 0.0507344 0.0538958 0.0789192 0.0653875 0.0459136 0.036817 0.034327 0.095203 0.0508184 0.0508697 0.0561273 0.0410231 0.0382201 0.0285791 0.0440963 0.0281914
threshold=87.760212447422859 0.21753091218199852 77.994872907793734 1.2636627376898921 0.015885605815660109 0.013927235976156948 60.198992812790301 1.0369136758267306 0.96195451443535129 1.1677901483951307 -0.21933652992102312 -0.033397068196303441 0.030434215926805303 0.09231323857145525 -0.063077642430844447 0.034174964438122298 0.080009383460706976 0.19672055638544397 0.041331965010633638 -0.071861889719984015 1.1160117864539776 0.032396486115145791 0.019742759489116749 1.0695283734636385 0.20837622598129893 0.025132997571412432 0.027073823125737716 0.30827473180110893 0.028475381773953704 0.017117506110269607
decision_type=2 2 2 2 2 2 2 2 2 2 2 2 2 2 2 2 2 2 2 2 2 2 2 2 2 2 2 2 2 2
left_child=1 4 -3 -2 5 6 -1 -7 27 11 -11 12 -10 14 -12 18 -17 -18 19 -16 22 -22 25 24 26 -13 -24 29 -29 -6
right_child=3 2 -4 -5 8 7 -8 -9 9 10 13 20 -14 -15 15 16 17 -19 -20 -21 21 -23 23 -25 -26 -27 -28 28 -30 -31
leaf_value=0.00074511687613266987 -0.00017917243950900489 -5.0357158295810215e-05 -0.0017177555231716144 0.0012555764655449561 0.00090954842581413681 -0.00050893553299829358 -0.00035828607473951322 -0.0018971363883465528 0.0025705478782765568 -0.0010749962977651092 0.0014022529688663779 -7.4797220877371727e-05 0.00045571037102490661 -0.0011255252256523818 0.00023990168314947581 0.0019911093515674431 -0.00096451077699804535 0.0012862083984405866 0.00021995303764153998 -0.00096062438685793759 0.0024983208682970146 -0.0002325336645460791 0.00048072398493241049 -0.00065445113785764469 -0.00034837071496598499 -0.0017191183815752579 0.0022251171219305923 -0.00010249461390582926 -0.0012834716789288127 -2.5379386216947708e-05
leaf_weight=32 21 20 22 21 30 20 38 20 20 54 30 36 36 24 34 31 26 21 177 71 20 27 20 28 23 22 26 93 41 895
leaf_count=32 21 20 22 21 30 20 38 20 20 54 30 36 36 24 34 31 26 21 177 71 20 27 20 28 23 22 26 93 41 895
internal_value=-2.81521e-13 -1.16698e-05 -0.000923756 0.000538202 8.54527e-06 -0.000344478 0.000146127 -0.00120304 3.03002e-05 0.000153813 -9.68626e-07 0.00043458 0.00121101 0.000139122 0.000216946 0.000118171 0.000816122 4.11297e-05 -7.48794e-05 -0.000571883 0.000219332 0.000929532 3.98105e-06 0.000424024 0.000861667 -0.000698505 0.00146669 -5.43743e-05 -0.000463838 4.9426e-06
internal_weight=1979 1937 42 42 1895 110 70 40 1785 726 468 258 56 414 390 360 78 47 282 105 202 47 155 97 69 58 46 1059 134 925
internal_count=1979 1937 42 42 1895 110 70 40 1785 726 468 258 56 414 390 360 78 47 282 105 202 47 155 97 69 58 46 1059 134 925
is_linear=0
shrinkage=0.03


Tree=185
num_leaves=31
num_cat=0
split_feature=4 4 6 7 7 0 7 0 9 9 0 3 7 5 4 6 6 2 9 4 4 3 9 3 3 2 7 6 4 9
split_gain=0.0139993 0.0320867 0.0214064 0.0132711 0.0125868 0.0269803 0.0266907 0.0263543 0.016324 0.0315517 0.0149516 0.016112 0.0259164 0.016505 0.031743 0.021446 0.0152073 0.0353965 0.0608587 0.0205897 0.0340911 0.0155047 0.0696799 0.0187773 0.0580054 0.0403944 0.0468986 0.0318416 0.0260738 0.0236827
threshold=-0.11077906633424033 -0.094069000464067007 23.734910376783322 0.032841771036533192 -0.43033673741546813 -0.016998124748597295 -0.40385724677167273 -0.0011658409617593122 0.024705498984083019 0.032712336000452376 -0.063869007457190582 -0.044617093628265207 0.042922837845549851 0.48243215995500294 0.21753091218199852 76.813080934028591 88.663740705072584 0.29532921249583372 0.040462546360846639 0.15188383163927302 0.12040022802883311 0.053662132779765399 0.031669268583651412 0.028205980954671087 0.026833708765756196 0.11808812340042886 0.44273882030920936 48.620624048706254 0.088648225247545911 0.052261383887176681
decision_type=2 2 2 2 2 2 2 2 2 2 2 2 2 2 2 2 2 2 2 2 2 2 2 2 2 2 2 2 2 2
left_child=3 -2 -3 -1 5 -4 -6 -7 -9 -10 -8 12 -12 14 16 -15 17 19 -19 20 21 23 -23 24 29 26 27 -25 -27 -13
right_child=1 2 4 -5 6 7 10 8 9 -11 11 13 -14 15 -16 -17 -18 18 -20 -21 -22 22 -24 25 -26 28 -28 -29 -30 -31
leaf_value=8.4141672821715462e-05 0.0011026698596833739 -0.00091082987011126845 -0.0011931522765561292 -0.00092767330715754989 0.00082030490077541834 0.00048685079406567404 0.00068001742148771885 7.5715194092836315e-05 -0.0016637578075169585 -0.00016208563705303651 0.00031041498662671074 -1.641808762704531e-05 -0.0010837614759802818 4.4774939306080338e-06 0.0011444719662160976 -0.0012455196612115417 -0.00080020020576193921 -0.00026681579797613352 0.0019402407449872596 0.00077189577743411056 -0.00088438391618323147 0.0016019779368902423 -0.00035957940603391483 -0.0019564424560997973 0.0014389232001625575 0.00092805505093565435 0.00035794419450129757 -0.00064102162136140263 -0.00027379009396430443 0.00088307315354338944
leaf_weight=20 24 23 23 28 38 48 30 41 20 34 20 1084 30 30 23 21 20 22 23 31 39 28 39 22 26 32 33 67 33 27
leaf_count=20 24 23 23 28 38 48 30 41 20 34 20 1084 30 30 23 21 20 22 23 31 39 28 39 22 26 32 33 67 33 27
internal_value=-2.15467e-12 1.258e-05 -1.13899e-06 -0.000506084 9.96657e-06 -0.00023949 3.40701e-05 -8.61042e-05 -0.000375597 -0.000718261 1.62862e-05 4.21838e-06 -0.000526091 2.07905e-05 3.8274e-05 -0.000510227 2.16013e-05 3.2515e-05 0.000861235 6.98974e-06 -9.59213e-06 1.49347e-05 0.000460176 -7.59635e-06 3.82214e-05 -0.000286178 -0.000608017 -0.000966182 0.000317888 5.44174e-06
internal_weight=1979 1931 1907 48 1884 166 1718 143 95 54 1680 1650 50 1600 1549 51 1526 1506 45 1461 1430 1391 67 1324 1137 187 122 89 65 1111
internal_count=1979 1931 1907 48 1884 166 1718 143 95 54 1680 1650 50 1600 1549 51 1526 1506 45 1461 1430 1391 67 1324 1137 187 122 89 65 1111
is_linear=0
shrinkage=0.03


Tree=186
num_leaves=31
num_cat=0
split_feature=6 3 8 8 1 8 0 8 2 5 7 2 2 2 7 8 2 8 7 0 8 5 5 8 0 3 8 8 2 2
split_gain=0.0133545 0.0252385 0.0225903 0.0170878 0.0413367 0.0324797 0.0871996 0.0653115 0.039961 0.029377 0.0287227 0.022432 0.0399945 0.0343932 0.0210194 0.0190565 0.0881804 0.0372724 0.0372741 0.0311409 0.0319266 0.0304811 0.0279659 0.0529383 0.0612713 0.051296 0.0478549 0.0341238 0.0264788 0.032521
threshold=87.760212447422859 0.11683258079084559 1.2636627376898921 1.915845702081213 0.09358468932587817 1.5385626293075576 0.015824178881618915 1.6830112327665916 -0.041883235011304858 -0.00096596689350547649 0.70883729182532595 0.41368158618905398 0.33304222004030798 0.29532921249583372 0.91377471865165683 0.99827187851368393 -0.14882034985899376 1.1677901483951307 -0.18458865823020934 0.0025255102040816495 1.2357776046149529 0.18642551087439987 0.14661883492515207 1.057271743843359 -0.002439758964432825 0.0063701704027702153 1.0782382785934359 1.1210824632923162 -0.13036408404323549 -0.1074556475224334
decision_type=2 2 2 2 2 2 2 2 2 2 2 2 2 2 2 2 2 2 2 2 2 2 2 2 2 2 2 2 2 2
left_child=1 3 -2 5 9 10 8 -8 -7 -5 11 12 13 15 -11 28 -17 22 -19 21 -21 -20 23 25 27 -18 -24 -25 -1 -30
right_child=2 -3 -4 4 -6 6 7 -9 -10 14 -12 -13 -14 -15 -16 16 17 18 19 20 -22 -23 26 24 -26 -27 -28 -29 29 -31
leaf_value=-0.00064799225949144993 -0.00016651705905262911 -0.00095850231796503068 0.0012249972518267377 -0.00082005419002433141 -0.0011776263047815173 0.00092882830143207681 0.0028271417934447526 0.00048306795484993767 -0.00069432752872925505 -0.00010395868228363764 -0.00049250389432507703 0.00078435461201211982 -0.0012949516304901669 0.0011499476718017829 0.0012087987369990773 0.002120594989391975 -0.0010835639849770815 -0.00097855109039174273 0.00062201681323614724 -0.0014797105137258769 -8.0020343482663681e-05 -0.00068905317597091201 0.00074567000044445538 0.0027168722103603862 0.00023898722493628921 0.00092766906443492701 -0.00093690926812996624 0.0010046972352429294 0.0010451194234192371 -5.0258189285810386e-05
leaf_weight=65 21 25 21 22 37 20 20 23 43 23 104 34 21 24 21 20 25 43 79 20 55 20 29 22 38 21 32 20 25 1006
leaf_count=65 21 25 21 22 37 20 20 23 43 23 104 34 21 24 21 20 25 43 79 20 55 20 29 22 38 21 32 20 25 1006
internal_value=-9.94745e-13 -1.14755e-05 0.00052924 9.07151e-07 -0.000374948 2.23074e-05 0.000531829 0.00157333 -0.00017904 7.50384e-05 -9.40679e-06 2.20142e-05 5.45213e-06 2.3139e-05 0.000522585 5.34725e-06 0.00017613 7.98692e-05 -0.000187626 7.83296e-06 -0.000453271 0.000357154 0.000390278 0.000645544 0.00111183 -0.000165392 -0.000136995 0.00190155 -6.07219e-05 -2.36971e-05
internal_weight=1979 1937 42 1912 103 1809 106 43 63 66 1703 1599 1565 1544 44 1520 424 404 217 174 75 99 187 126 80 46 61 42 1096 1031
internal_count=1979 1937 42 1912 103 1809 106 43 63 66 1703 1599 1565 1544 44 1520 424 404 217 174 75 99 187 126 80 46 61 42 1096 1031
is_linear=0
shrinkage=0.03


Tree=187
num_leaves=31
num_cat=0
split_feature=4 2 1 4 1 2 5 9 9 2 1 1 9 4 2 8 0 9 2 1 4 4 4 4 4 3 0 3 9 4
split_gain=0.0138092 0.031064 0.10202 0.018521 0.0202862 0.0221535 0.0217994 0.0641693 0.104389 0.032138 0.0186427 0.0390929 0.0795168 0.0232124 0.0230114 0.0531355 0.0349878 0.0457047 0.0187483 0.0354738 0.0346627 0.0172497 0.0399157 0.0390291 0.016775 0.0153869 0.049995 0.0345338 0.0220345 0.0614604
threshold=-0.11077906633424033 -0.16349538540488959 -0.033397068196303441 -0.090629358883831987 -0.094047474906836945 0.047054463563002365 0.35767842657335708 0.045202141561819807 0.052261383887176681 0.33304222004030798 -0.05724980224346448 -0.05166557391270981 0.028453013238184818 -0.064675713451162506 -0.075497864029012804 1.063283924425467 0.0062270636158727752 0.028759439491269873 1.0000000180025095e-35 -0.069267908464507741 -0.040962874832235534 -0.032482520366832184 -0.028696426597962007 -0.040962874832235534 0.13685680025460237 0.016562801343367965 0.033002788460638761 0.017744882304912449 0.043849910196924392 0.088648225247545911
decision_type=2 2 2 2 2 2 2 2 2 2 2 2 2 2 2 2 2 2 2 2 2 2 2 2 2 2 2 2 2 2
left_child=-1 2 -2 -3 5 -5 9 -8 -9 10 18 12 -12 -13 15 16 17 -15 20 -20 -6 23 -23 -16 -10 26 -24 -27 -29 -30
right_child=1 3 -4 4 6 -7 7 8 24 -11 11 13 -14 14 21 -17 -18 -19 19 -21 -22 22 25 -25 -26 27 -28 28 29 -31
leaf_value=-0.00050263533304359951 0.0023628873306006425 -0.00089119449124804571 -0.00063096909101919402 0.0013141375399109991 -0.0001903373053452621 2.0640942697914748e-05 -0.0014601353066973387 0.0013466065757463432 -0.00029009033559954588 0.001105322001967579 -0.00042635238862463406 -0.00092430752571090122 0.0021269571339792531 0.0012692201887736755 0.00035073048374936755 0.0018331518257036804 -0.00063464119509958159 -0.0005108372012286314 0.00065651923650875685 -0.00084165359248872848 -0.0017239974857563669 0.0013372443139669486 2.475948060889078e-05 -0.0011025132344981941 -0.0014754934659735723 -0.001162570746801066 0.0012944876656321616 -1.2524739257252731e-05 0.00013630065431987696 -0.0019712835671380161
leaf_weight=48 20 21 21 22 36 26 36 33 21 24 21 24 23 34 29 20 34 21 33 25 21 20 742 39 22 28 29 453 33 20
leaf_count=48 20 21 21 22 36 26 36 33 21 24 21 24 23 34 29 20 34 21 33 25 21 20 742 39 22 28 29 453 33 20
internal_value=-4.02917e-13 1.24943e-05 0.000829449 -5.22799e-06 4.72669e-06 0.000613494 -1.13199e-05 -0.000416782 7.74377e-05 1.52523e-05 -2.73963e-07 2.67329e-05 0.000908332 1.31327e-06 1.61035e-05 0.000435882 0.000121889 0.000589562 -0.000368976 1.07551e-05 -0.00075537 -1.67435e-05 7.17217e-06 -0.000482748 -0.000896576 -1.32121e-05 7.25184e-05 -0.000136991 -8.024e-05 -0.000659014
internal_weight=1979 1931 41 1890 1869 48 1821 112 76 1709 1685 1570 44 1526 1502 109 89 55 115 58 57 1393 1325 68 43 1305 771 534 506 53
internal_count=1979 1931 41 1890 1869 48 1821 112 76 1709 1685 1570 44 1526 1502 109 89 55 115 58 57 1393 1325 68 43 1305 771 534 506 53
is_linear=0
shrinkage=0.03


Tree=188
num_leaves=31
num_cat=0
split_feature=4 4 6 1 9 2 5 7 2 5 6 9 2 6 4 0 9 1 6 0 1 2 5 2 5 2 2 9 9 9
split_gain=0.0130498 0.0436858 0.0267271 0.0127313 0.0259178 0.0230999 0.0379 0.0452605 0.0296416 0.0153326 0.0502051 0.0397073 0.0331972 0.0221031 0.0738976 0.042291 0.0293229 0.0220464 0.0215352 0.020391 0.0368408 0.0323537 0.0496959 0.0212686 0.0317479 0.0246455 0.0274311 0.0462445 0.0459542 0.0577906
threshold=-0.11885780319867155 -0.098905246456421833 23.734910376783322 -0.094047474906836945 0.059235197089609774 0.64904173866176318 0.4134632143734473 0.026704029759391349 0.36684808217887105 0.18642551087439987 57.822516897597609 0.04344103780815909 0.24745382294502918 72.549917856691536 0.10281904388994802 0.061565951916829127 0.031971633523351438 0.081486182989942493 62.492603550295875 0.031941961650673763 0.10226304994482562 -0.0055641541557034371 0.05194595603988595 0.18280841056504529 0.12469590858081094 0.078893098428576738 0.028737979004551443 0.015885605815660109 0.018465750358328117 0.012114943093226411
decision_type=2 2 2 2 2 2 2 2 2 2 2 2 2 2 2 2 2 2 2 2 2 2 2 2 2 2 2 2 2 2
left_child=-1 -2 -3 -4 5 6 8 -8 9 12 -11 18 13 14 15 19 17 -15 -12 20 23 -21 -23 25 -25 26 27 -5 29 -28
right_child=1 2 3 4 -6 -7 7 -9 -10 10 11 -13 -14 16 -16 -17 -18 -19 -20 21 -22 22 -24 24 -26 -27 28 -29 -30 -31
leaf_value=-0.00053636358659423422 0.0012830480108095798 -0.00099971607676707197 0.00046615149318416299 -0.0013094129554855707 -0.0010533587953874043 0.00095134732472892524 -0.00011326999572867696 -0.0019218881602864712 0.00092321522621205074 0.00083256409096065897 -0.00098066414602928677 -0.0012582336674983564 0.0012241457020198659 0.00041820679121883585 -0.0015672942439818548 0.0011132312089114659 0.0014555553735117427 -0.00066727964024591662 -6.5925032212156109e-05 -0.0011390406122275939 0.00101500765949657 0.0011386115385473453 -0.00062884468342484226 0.0014903257138627979 -6.4950609683162632e-05 -0.00031120125994061096 -0.0002011634061578661 -1.4315473851391235e-05 6.1042184463462262e-05 0.001597801125710248
leaf_weight=40 24 24 53 26 21 23 33 20 32 36 27 38 21 85 27 31 20 21 163 36 33 22 41 21 27 222 25 544 198 45
leaf_count=40 24 24 53 26 21 23 33 20 32 36 27 38 21 85 27 31 20 21 163 36 33 22 41 21 27 222 25 544 198 45
internal_value=2.22553e-13 1.10647e-05 -4.87656e-06 7.74964e-06 -5.46869e-06 6.64231e-06 -5.46929e-06 -0.000795767 1.85892e-05 1.6506e-06 -0.000208577 -0.000372968 4.00589e-05 2.2597e-05 -1.42278e-05 1.87642e-05 0.000401951 0.000203158 -0.000195914 -8.59752e-06 2.72373e-05 -0.000421602 -1.16377e-05 -2.1819e-06 0.000615483 -3.01516e-05 4.43031e-05 -7.33901e-05 0.000294621 0.000955314
internal_weight=1979 1939 1915 1891 1838 1817 1794 53 1741 1709 264 228 1445 1424 1298 1271 126 106 190 1240 1141 99 63 1108 48 1060 838 570 268 70
internal_count=1979 1939 1915 1891 1838 1817 1794 53 1741 1709 264 228 1445 1424 1298 1271 126 106 190 1240 1141 99 63 1108 48 1060 838 570 268 70
is_linear=0
shrinkage=0.03


Tree=189
num_leaves=31
num_cat=0
split_feature=8 2 5 7 2 2 9 5 5 9 9 5 9 2 7 1 7 8 2 9 9 1 9 5 8 8 9 3 5 1
split_gain=0.0128345 0.0385612 0.0316204 0.0408062 0.0310595 0.0273204 0.131955 0.0254189 0.0528533 0.0379138 0.0770257 0.0314875 0.0270493 0.0396146 0.03553 0.072047 0.0394295 0.0364892 0.0447334 0.109489 0.0609242 0.0549321 0.0500694 0.0290712 0.0287191 0.071531 0.0843519 0.030891 0.0256294 0.0339867
threshold=0.5800432010685278 0.64904173866176318 0.4134632143734473 0.049189296355432795 0.26005864042055776 0.29532921249583372 0.040462546360846639 0.14661883492515207 0.1421791749058097 0.046951899307722554 0.044548408961695568 0.15673354373285112 0.049165765623419656 0.18280841056504529 0.98471158500994593 0.11896587088546641 0.81659753513877953 1.6234995665323932 -0.1074556475224334 0.025853438825319233 0.040628441186054708 -0.033397068196303441 0.033928288260547522 0.019147371314653275 1.1677901483951307 1.063283924425467 0.023319626741898684 0.025062045872139675 0.0045233131453921169 0.01879922798290146
decision_type=2 2 2 2 2 2 2 2 2 2 2 2 2 2 2 2 2 2 2 2 2 2 2 2 2 2 2 2 2 2
left_child=4 2 5 -4 -1 7 -7 8 12 10 11 -9 13 14 15 16 17 18 19 -2 22 -21 24 -14 25 -20 -27 -26 -16 -30
right_child=1 -3 3 -5 -6 6 -8 9 -10 -11 -12 -13 23 -15 28 -17 -18 -19 20 21 -22 -23 -24 -25 27 26 -28 -29 29 -31
leaf_value=-8.8560845616748627e-05 0.0021998552770492097 0.0013100070251883672 -2.3730943529781969e-05 -0.0016917357386343858 -0.0011923419733531771 -0.00071425108544644902 0.0020101653289748356 -0.0010069443442625925 0.0013731904196902177 0.0006115076933201635 -0.0018434875799963871 -6.322126536473741e-05 -0.00011394519102535784 0.0012269769394252863 -0.0012809558023997979 0.0018508079064486081 0.0013003730437839808 -0.0007136345579056069 1.2213963024405993e-05 0.0007589646007400006 0.0013007333336281591 -0.0012146579997021365 -0.00083819155119272174 -0.0014148801503787664 -9.8320155096958978e-05 0.00022744017366606452 0.0024879219272406767 -0.0011642163241049274 0.00063095532031729818 -0.00094955888460390258
leaf_weight=279 30 21 33 22 25 32 32 36 28 46 27 274 52 27 28 21 23 54 471 30 32 22 64 22 104 39 24 32 25 24
leaf_count=279 30 21 33 22 25 32 32 36 28 46 27 274 52 27 28 21 23 54 471 30 32 22 64 22 104 39 24 32 25 24
internal_value=-6.29757e-13 3.25475e-05 1.63282e-05 -0.000690933 -0.000179332 4.06555e-05 0.000647957 1.53348e-05 8.5726e-05 -0.00019639 -0.000306667 -0.000172815 5.36539e-05 9.27234e-05 6.27871e-05 0.000113228 7.378e-05 4.25032e-05 9.06535e-05 0.000756611 1.9363e-05 -7.60296e-05 -3.65006e-05 -0.00050071 4.00789e-05 0.000139201 0.00108858 -0.000349119 -0.000556913 -0.000143174
internal_weight=1979 1675 1654 55 304 1599 64 1535 1152 383 337 310 1124 1050 1023 946 925 902 848 82 766 52 734 74 670 534 63 136 77 49
internal_count=1979 1675 1654 55 304 1599 64 1535 1152 383 337 310 1124 1050 1023 946 925 902 848 82 766 52 734 74 670 534 63 136 77 49
is_linear=0
shrinkage=0.03


Tree=190
num_leaves=31
num_cat=0
split_feature=4 4 6 8 6 6 7 7 9 9 9 1 3 7 6 9 9 6 4 4 4 7 8 3 5 9 5 5 9 9
split_gain=0.0124958 0.0275487 0.0194365 0.0148219 0.0331589 0.0654338 0.0267241 0.0268934 0.0207633 0.0602444 0.0597937 0.0489929 0.068006 0.0542626 0.0749817 0.0433243 0.031512 0.074301 0.185061 0.0712863 0.0662259 0.10987 0.0420998 0.0340749 0.0495848 0.080326 0.0705835 0.0516181 0.0338598 0.048263
threshold=-0.11077906633424033 -0.094069000464067007 23.734910376783322 0.5800432010685278 49.147699757869262 46.608250137661905 0.042922837845549851 -0.31845096430127651 0.040462546360846639 0.042511953854959879 0.035613520529957518 0.04142674450194473 0.029946219783043574 0.049189296355432795 57.822516897597609 0.047489943291374452 0.025751445073890943 41.40770764974588 -0.036181532146396571 0.010591661124248921 0.026446076869698357 -0.10334617161882369 1.1076029651732502 0.065486255705470411 0.11133743275978415 0.033050594405784582 0.15168732569298718 0.084036882248917602 0.030784065261534582 0.033354817505333034
decision_type=2 2 2 2 2 2 2 2 2 2 2 2 2 2 2 2 2 2 2 2 2 2 2 2 2 2 2 2 2 2
left_child=-1 -2 -3 4 5 6 7 -4 10 -10 16 13 -13 15 -15 -11 -5 18 -18 22 21 -21 -19 24 25 27 -26 -22 -28 -30
right_child=1 2 3 8 -6 -7 -8 -9 9 11 -12 12 -14 14 -16 -17 17 19 -20 20 23 -23 -24 -25 26 -27 28 -29 29 -31
leaf_value=-0.00047813597135245797 0.0010219533590134233 -0.00086765262784193383 -0.00048784178448840971 -5.927841318444673e-05 -0.00046274232322632866 0.0017087744063298616 -0.0011109670453006402 0.00056320414476504087 0.0013084076724534984 0.0020783296588342635 -0.00070781354886931508 -0.0011614243148449952 0.00024653877064242566 0.00075936338072642683 -0.0013234774784567499 0.00054198512666911447 -3.3691832019637026e-06 -0.0012637353155197219 0.0035958335735485889 0.0029632612823375635 -0.00052861501928418869 -3.8070752558743824e-05 0.00022270112091468439 0.0010653471932891988 0.0015982104224273035 0.00098751131299650301 0.00053555170577669208 -0.00241152504645288 -0.0016919970964746815 0.00027733691109460779
leaf_weight=48 24 23 39 772 168 21 20 50 43 24 101 52 76 35 28 53 36 47 20 21 38 23 27 30 31 21 43 20 21 24
leaf_count=48 24 23 39 772 168 21 20 50 43 24 101 52 76 35 28 53 36 47 20 21 38 23 27 30 31 21 43 20 21 24
internal_value=-2.03968e-13 1.18853e-05 -8.26615e-07 9.75566e-06 -0.000184367 0.000175379 -0.000120046 0.000102633 4.62302e-05 0.000266012 -7.37946e-06 9.87625e-05 -0.000325446 0.000486611 -0.000166344 0.00102085 5.28793e-05 0.000268267 0.00128206 0.000104185 0.000328789 0.00139438 -0.000721387 0.000123148 -1.96098e-05 -0.00060228 0.000367205 -0.00117789 -6.64447e-05 -0.000641686
internal_weight=1979 1931 1907 1884 298 130 109 89 1586 311 1275 268 128 140 63 77 1174 402 56 346 272 44 74 228 198 79 119 58 88 45
internal_count=1979 1931 1907 1884 298 130 109 89 1586 311 1275 268 128 140 63 77 1174 402 56 346 272 44 74 228 198 79 119 58 88 45
is_linear=0
shrinkage=0.03


Tree=191
num_leaves=31
num_cat=0
split_feature=6 4 0 1 5 4 8 0 0 8 6 8 2 1 0 8 0 8 6 2 8 7 1 7 5 7 7 0 2 4
split_gain=0.012067 0.0278449 0.0280697 0.017799 0.0212653 0.0862228 0.0639221 0.0488118 0.0298967 0.024645 0.0234478 0.021189 0.0199738 0.0187444 0.017797 0.0283068 0.0879831 0.161422 0.0268103 0.0239259 0.0235944 0.0185429 0.0211871 0.018796 0.035041 0.0245639 0.0234163 0.0208866 0.030731 0.0582457
threshold=22.494331065759635 -0.090629358883831987 -0.040469452196585591 -0.094047474906836945 0.29341391481563567 0.15484795994745651 1.6830112327665916 0.07086102372007487 -1.0000000180025095e-35 1.0023530096869866 77.762128325508613 0.8966293510729838 0.047054463563002365 -0.079207633531088381 0.079414282656773985 1.6599866352613899 0.012185841036492564 2.2380433385315679 60.198992812790301 0.26387770776078251 1.5685230447449914 0.70883729182532595 0.027166343708368682 0.57460156813867391 0.024798852014942144 0.45425375885109759 0.2459879413413544 0.031548170063952503 -0.0055641541557034371 0.02358849148046616
decision_type=2 2 2 2 2 2 2 2 2 2 2 2 2 2 2 2 2 2 2 2 2 2 2 2 2 2 2 2 2 2
left_child=-1 2 -2 12 5 13 7 8 9 -6 11 -10 -3 -5 15 19 18 -18 -17 20 21 23 -23 25 -25 26 27 -15 -29 -30
right_child=1 3 -4 4 6 -7 -8 -9 10 -11 -12 -13 -14 14 -16 16 17 -19 -20 -21 -22 22 -24 24 -26 -27 -28 28 29 -31
leaf_value=0.00057783890952123329 0.00021395704052259174 0.0012469861906191165 -0.0010954494670952001 -0.00065200487957694207 0.00080056687669379509 0.0015241873089004965 -0.0019170703582931312 0.0011600353418970886 -0.0010458764035720378 -0.00045813101377072081 -0.0014729612170217129 0.00028927857278967682 1.8772318815955748e-05 5.2146525888886717e-05 -0.00066531712316004012 0.00028767821530345825 0.0029853966076754859 -0.00047644379622810938 -0.0010425408359267749 -0.00090756274706039293 -0.00098743624852171965 -1.698720920830965e-06 -0.00095618650181374196 0.0015096189296408822 -0.00018360057205427438 -0.0005357987562624307 0.00041505522533669061 -0.0014353322596954447 0.0011773117571803075 -0.00076557550831306048
leaf_weight=32 23 22 41 39 28 34 20 23 20 28 26 23 26 982 34 30 27 22 25 26 21 50 36 22 22 65 149 21 21 41
leaf_count=32 23 22 41 39 28 34 20 23 20 28 26 23 26 982 34 30 27 22 25 26 21 50 36 22 22 65 149 21 21 41
internal_value=8.64891e-13 -9.49709e-06 -0.000624882 1.14188e-05 -3.49875e-06 2.89222e-05 -0.000325199 -0.000110082 -0.000343783 0.000171218 -0.000761755 -0.000331724 0.000581704 -2.21009e-06 1.36883e-05 2.84871e-05 0.000506642 0.0014311 -0.000316967 -5.6668e-06 1.07313e-05 2.56082e-05 -0.000401252 5.33557e-05 0.000663009 3.23825e-05 6.2804e-05 1.35219e-05 -0.000443458 -0.000107501
internal_weight=1979 1947 64 1883 1835 1667 168 148 125 56 69 43 48 1633 1594 1560 104 49 55 1456 1430 1409 86 1323 44 1279 1214 1065 83 62
internal_count=1979 1947 64 1883 1835 1667 168 148 125 56 69 43 48 1633 1594 1560 104 49 55 1456 1430 1409 86 1323 44 1279 1214 1065 83 62
is_linear=0
shrinkage=0.03


Tree=192
num_leaves=31
num_cat=0
split_feature=6 4 8 2 2 9 2 6 1 8 2 5 1 1 2 5 6 2 8 1 9 1 6 6 2 1 4 5 3 5
split_gain=0.0116741 0.036028 0.0337312 0.027119 0.0205214 0.0138828 0.0486004 0.0803728 0.0227173 0.0215879 0.0499019 0.0310943 0.0526482 0.0449559 0.0593542 0.0356108 0.0675798 0.0414618 0.041984 0.0372445 0.0302738 0.0286213 0.0281027 0.0655321 0.0616043 0.0687121 0.0375939 0.0691367 0.0348413 0.0390693
threshold=87.760212447422859 0.20351458381447632 1.5292686459800879 0.39941752928167856 0.33304222004030798 0.015885605815660109 0.031121537567526784 60.198992812790301 0.038452941783294954 0.98301964650292806 -0.16349538540488959 -0.050160564623131558 -0.091084365505959317 -0.05724980224346448 -0.043894500169694921 0.032825892397653773 60.647857889237208 0.019544233895088862 1.0782382785934359 0.057583663168069184 0.026005649447210077 -0.076672920575359557 58.407920792079217 66.326286439584706 0.14544628878985891 0.064754652706459984 0.050464154382626865 0.17891900681990228 0.048073754924529706 0.20139099170538913
decision_type=2 2 2 2 2 2 2 2 2 2 2 2 2 2 2 2 2 2 2 2 2 2 2 2 2 2 2 2 2 2
left_child=1 3 -3 5 -2 6 -1 -8 -9 21 -11 20 -13 -14 -15 16 19 -17 -19 -16 -12 -7 -20 26 25 -25 -24 -28 -26 -30
right_child=4 2 -4 -5 -6 9 7 8 -10 10 11 12 13 14 15 17 -18 18 22 -21 -22 -23 23 24 28 -27 27 -29 29 -31
leaf_value=-0.001334346510590084 -0.00016830812674015761 -0.00021179191069677471 -0.0017484074332751332 0.0010587047226727009 0.0011579559853167405 -0.00066927359725179312 0.0017108281685505062 -6.8251494533167435e-05 -0.001311845927964896 0.0013697855204247451 9.7263025389494079e-06 0.0014603186077955695 -0.00093700716305258013 0.0013855888050816514 -0.0014565620301453786 0.0013662725455987337 0.0010146433753626689 0.00080862877923480942 0.00056352072895970193 6.105928681790829e-05 -0.0013187883280289289 -2.4353383553567093e-05 -6.4006407841722047e-05 -6.7702865282106881e-05 0.00025973738592891199 0.0019986867981497194 -0.0023999234112516902 -0.00031721808394649995 -0.0018506934042088687 2.4470548261888323e-05
leaf_weight=31 21 36 20 22 21 66 20 39 20 29 38 27 35 34 43 26 21 67 60 22 26 1005 41 28 53 30 26 32 20 20
leaf_count=31 21 36 20 22 21 66 20 39 20 29 38 27 35 34 43 26 21 67 60 22 26 1005 41 28 53 30 26 32 20 20
internal_value=-1.81847e-12 -1.07293e-05 -0.000760583 1.15949e-05 0.000494824 -7.9691e-07 -0.000327699 6.73144e-05 -0.000489809 1.9763e-05 0.000152231 9.78257e-05 0.000166509 0.000103905 0.000173565 8.92933e-05 -0.000464899 0.000207558 0.000127646 -0.000942906 -0.000529983 -6.40964e-05 -1.95337e-05 -0.000159467 0.000233818 0.00100112 -0.000759326 -0.00125084 -0.000244714 -0.000913111
internal_weight=1979 1937 56 1881 42 1859 110 79 59 1749 678 649 585 558 523 489 86 403 377 65 64 1071 310 250 151 58 99 58 93 40
internal_count=1979 1937 56 1881 42 1859 110 79 59 1749 678 649 585 558 523 489 86 403 377 65 64 1071 310 250 151 58 99 58 93 40
is_linear=0
shrinkage=0.03


Tree=193
num_leaves=31
num_cat=0
split_feature=4 2 1 6 6 8 7 2 4 4 8 8 5 2 2 1 5 5 1 3 1 5 7 4 3 7 1 2 2 6
split_gain=0.0120321 0.0286863 0.091153 0.0213852 0.0393744 0.0337739 0.0148798 0.031732 0.0519306 0.0365107 0.0275662 0.0235255 0.0308644 0.0240713 0.0208062 0.0603903 0.033014 0.0284464 0.0327329 0.0727067 0.0351967 0.0242342 0.0370513 0.0337172 0.0324071 0.0322925 0.0341177 0.0290449 0.0792888 0.0279804
threshold=-0.11077906633424033 -0.16349538540488959 -0.033397068196303441 30.505050505050509 32.619484302513762 0.78472465758571697 -0.41270979975597899 -0.018781305441823156 0.026446076869698357 0.015204689954272712 0.97711025328371948 0.41541855609394568 0.075812781176973001 -0.1074556475224334 0.18576446773041203 -0.050604809359325591 0.12469590858081094 0.24415585682128618 0.12860944483650907 0.055879051625124861 0.10398154267949379 -0.0052804259461419747 0.91377471865165683 -0.039025493348270483 0.023952971890598865 0.55170746029168005 -0.055829622685727658 0.031121537567526784 0.021330924747539951 59.608730369976051
decision_type=2 2 2 2 2 2 2 2 2 2 2 2 2 2 2 2 2 2 2 2 2 2 2 2 2 2 2 2 2 2
left_child=-1 2 -2 5 -5 -3 7 -6 9 -9 -10 12 -8 -13 17 -16 -17 18 19 20 21 24 23 -23 -15 26 -25 28 -28 -29
right_child=1 3 -4 4 6 -7 11 8 10 -11 -12 13 -14 14 15 16 -18 -19 -20 -21 -22 22 -24 25 -26 -27 27 29 -30 -31
leaf_value=-0.00046918084473873022 0.0022461993908509613 0.00018227818805505248 -0.00058371931622137451 0.0010578850327874533 -0.00097328740643164093 -0.001111326925098323 0.00015346185083035379 9.9029329341227335e-05 -0.00019473188691527434 0.001675586732220836 -0.001444916530850936 0.00078430837163558369 -0.0011760832547125491 -0.00013223224104488341 0.0017985570523887872 0.0012019934036652557 4.2127015815256668e-05 -0.00079567164199293718 0.00096082171787612979 -0.0014843118456192314 0.0011033878554231845 0.0009082025435054674 0.00084752492332721449 -0.00080853776375922114 -0.0011078153344957779 -0.0006814170140118915 5.2274641195681926e-05 0.00050095597302440289 -0.0015546435672149526 5.8662988665578034e-06
leaf_weight=48 20 34 21 32 43 39 30 39 57 20 22 39 33 206 21 24 277 42 31 30 26 36 51 41 36 63 170 187 33 228
leaf_count=48 20 34 21 32 43 39 30 39 57 20 22 39 33 206 21 24 277 42 31 30 26 36 51 41 36 63 170 187 33 228
internal_value=1.95132e-12 1.16627e-05 0.000796729 -5.36783e-06 1.48592e-05 -0.000508826 -3.83934e-06 -0.000261687 -3.99565e-05 0.000633456 -0.000542885 2.52569e-05 -0.000542967 4.84874e-05 2.93815e-05 0.000243126 0.000134608 -2.89455e-05 -6.4808e-07 -2.75727e-05 1.3005e-05 -1.39693e-05 6.48201e-05 1.21579e-05 -0.00027736 -3.25202e-05 2.95139e-05 8.51128e-05 -0.000208949 0.000228955
internal_weight=1979 1931 41 1890 1817 73 1785 181 138 59 79 1604 63 1541 1502 322 301 1180 1138 1107 1077 1051 809 758 242 722 659 618 203 415
internal_count=1979 1931 41 1890 1817 73 1785 181 138 59 79 1604 63 1541 1502 322 301 1180 1138 1107 1077 1051 809 758 242 722 659 618 203 415
is_linear=0
shrinkage=0.03


Tree=194
num_leaves=31
num_cat=0
split_feature=8 8 2 2 5 7 2 5 5 5 9 9 5 9 9 6 6 6 9 9 2 1 5 9 6 2 9 8 7 6
split_gain=0.0114741 0.0457806 0.0358168 0.0349506 0.0292534 0.0366965 0.0250458 0.121875 0.028007 0.0465412 0.0311567 0.0639203 0.0277035 0.0261663 0.0298691 0.0947032 0.0481463 0.037546 0.0324831 0.0523878 0.144894 0.233708 0.115035 0.0648767 0.0439387 0.0630889 0.0435358 0.0307095 0.0432483 0.0478575
threshold=0.61810926855491666 0.60627024908260418 0.64904173866176318 0.26005864042055776 0.4134632143734473 0.049189296355432795 0.29532921249583372 0.29341391481563567 0.14661883492515207 0.1421791749058097 0.046951899307722554 0.044548408961695568 0.15673354373285112 0.049165765623419656 0.040210937526493455 41.633333333333347 22.494331065759635 26.847469967236986 0.034387850599823577 0.025751445073890943 0.090134786379931456 0.056387430259271405 0.098560881919946733 0.028024148555624528 44.494949494949502 -0.0066839395597645393 0.032259504054516309 1.1677901483951307 -0.17560936327164808 60.198992812790301
decision_type=2 2 2 2 2 2 2 2 2 2 2 2 2 2 2 2 2 2 2 2 2 2 2 2 2 2 2 2 2 2
left_child=1 3 4 -1 6 -6 8 -8 9 13 11 12 -10 14 16 -16 -2 -18 19 27 21 22 23 -21 -25 -26 -22 -19 -29 -30
right_child=2 -3 -4 -5 5 -7 7 -9 10 -11 -12 -13 -14 -15 15 -17 17 18 -20 20 26 -23 -24 24 25 -27 -28 28 29 -31
leaf_value=1.4755202051347647e-05 0.0015194639833644031 -0.0014138631804962642 0.0012670450481320067 -0.0011462096401490271 -2.707184250043197e-05 -0.0016088531704471362 0.0025671104206703601 -0.00025729269360784781 -0.00097870264357022415 0.0013031409793100985 0.00056098160338089137 -0.0017647080961614846 -8.0471612885214038e-05 -0.00051440201181156395 -0.00063520525480903998 0.0019425541314232193 -0.0011393855346250347 0.00012529501477551253 -0.00050548090211189603 -0.0010737699898163554 -0.0013957470588738452 0.0034100959724586073 0.0024887166757668767 0.0013254443183541298 -0.0013092712977751425 0.00086596842821953551 0.00028947930866376158 -0.0016595766594400629 -0.00062259649292432831 0.00038427863294491539
leaf_weight=351 20 24 21 25 33 22 20 44 35 28 42 25 264 66 23 29 24 383 82 32 37 29 21 35 21 28 22 20 98 75
leaf_count=351 20 24 21 25 33 22 20 44 35 28 42 25 264 66 23 29 24 383 82 32 37 29 21 35 21 28 22 20 98 75
internal_value=1.43911e-12 -0.000143522 3.63577e-05 -6.24366e-05 1.97695e-05 -0.000659784 4.46368e-05 0.000625333 1.88101e-05 9.61075e-05 -0.000207802 -0.000307459 -0.000185616 6.37659e-05 0.000102744 0.000802391 6.34968e-05 3.13917e-05 6.32135e-05 0.000121432 0.000509618 0.000963483 0.000445587 7.57097e-05 0.000513607 -6.62772e-05 -0.000767358 -3.02033e-05 -0.000338783 -0.00018609
internal_weight=1979 400 1579 376 1558 55 1503 64 1439 1073 366 324 299 1045 979 52 927 907 883 801 225 166 137 116 84 49 59 576 193 173
internal_count=1979 400 1579 376 1558 55 1503 64 1439 1073 366 324 299 1045 979 52 927 907 883 801 225 166 137 116 84 49 59 576 193 173
is_linear=0
shrinkage=0.03


Tree=195
num_leaves=31
num_cat=0
split_feature=0 5 5 4 6 3 8 7 6 4 0 4 5 5 6 6 7 6 5 4 0 8 6 8 3 8 5 5 6 7
split_gain=0.0121776 0.013984 0.0672801 0.0262696 0.0174006 0.0154761 0.0151536 0.0299548 0.0422457 0.0467485 0.0480158 0.0237785 0.0201789 0.0453976 0.0839451 0.0297627 0.0527167 0.0351132 0.0330531 0.0281651 0.0277057 0.0258174 0.0212699 0.0423328 0.0438065 0.0397923 0.0393784 0.0376676 0.0373366 0.042348
threshold=-0.078793212323153602 -0.102800231474715 -0.11764291793541497 -0.08379100734590765 22.494331065759635 0.0025159183260123901 0.5800432010685278 0.042922837845549851 49.147699757869262 -0.024827037776662338 0.0050275493698187521 -0.039964294011694095 -0.059932782827528945 -0.037877077224413018 38.213092707474736 39.030467547200395 -0.14326761252369527 40.81666666666667 0.002781839637819417 -0.047041021250622532 -0.061663391629003687 0.99827187851368393 54.783239729917341 1.8194160839270941 0.065486255705470411 2.0307808652458417 0.1546277549959271 0.26981639188701539 66.326286439584706 0.80405522717174849
decision_type=2 2 2 2 2 2 2 2 2 2 2 2 2 2 2 2 2 2 2 2 2 2 2 2 2 2 2 2 2 2
left_child=-1 2 3 -2 -3 -5 7 8 9 11 -11 -6 19 14 -14 16 -15 -17 -18 -8 -19 -16 26 24 -24 -25 -22 -26 -27 -30
right_child=1 4 -4 5 6 -7 12 -9 -10 10 -12 -13 13 15 21 17 18 20 -20 -21 22 -23 23 25 27 28 -28 -29 29 -31
leaf_value=-0.00067165636428399009 -0.0010099782957695425 -0.00082913747057318684 0.0018140344533391975 0.00084086063844354252 0.00048193913236900694 -0.0002721069818653632 -0.00099105096480343489 -0.0008910418111345473 -0.00041280142726702956 0.00027731761291262605 0.0021352263739598649 -0.00077585223266073762 0.0018146088680982388 -0.0017787853695071217 0.00048889811150729654 0.0012768014799803495 0.00063720915781994983 0.0011204363219439982 -0.0006678972939698724 7.231393351342857e-05 -6.6003377812152072e-05 -0.00086482742169339741 0.00010695492521210473 -0.0014707246133022838 0.0020128205551591238 -0.0010803738527465612 -0.0010906975221280989 0.0004182791887724306 0.0012938355024823026 -0.00050759265941451308
leaf_weight=24 20 23 22 23 24 22 40 47 137 31 21 31 37 22 32 21 31 21 40 51 302 21 740 27 20 24 38 40 23 24
leaf_count=24 20 23 22 23 24 22 40 47 137 31 21 31 37 22 32 21 31 21 40 51 302 21 740 27 20 24 38 40 23 24
internal_value=1.26597e-12 8.2454e-06 0.00038003 -0.000105325 -9.07006e-06 0.000296743 1.153e-06 -0.000197529 -6.39429e-05 0.000382726 0.00102763 -0.000226998 3.8358e-05 6.53194e-05 0.000718043 2.25335e-05 -0.000495653 6.01829e-05 -9.80621e-05 -0.000395099 3.98898e-05 -4.74837e-05 2.15607e-05 9.80754e-05 0.000170168 -0.000490434 -0.000180528 0.000949793 -0.000117648 0.000373957
internal_weight=1979 1955 87 65 1868 45 1845 291 244 107 52 55 1554 1463 90 1373 93 1280 71 91 1259 53 1238 898 800 98 340 60 71 47
internal_count=1979 1955 87 65 1868 45 1845 291 244 107 52 55 1554 1463 90 1373 93 1280 71 91 1259 53 1238 898 800 98 340 60 71 47
is_linear=0
shrinkage=0.03


Tree=196
num_leaves=31
num_cat=0
split_feature=0 9 9 5 1 1 2 5 1 8 8 9 5 2 0 1 4 7 4 7 9 2 5 2 1 0 4 9 7 5
split_gain=0.0114579 0.0136437 0.0198063 0.0174219 0.0699652 0.0171272 0.0324897 0.015799 0.0246521 0.0591156 0.0508446 0.0211143 0.0235369 0.0175409 0.053652 0.0438852 0.0415735 0.0252085 0.0256752 0.0325031 0.0223198 0.0211106 0.0254511 0.0179255 0.123323 0.0433796 0.0299944 0.0298618 0.0326525 0.0312866
threshold=-0.078793212323153602 0.059235197089609774 0.056800304279089858 -0.102800231474715 -0.060325922565033267 -0.10152449255941552 -0.073593668236525397 0.48243215995500294 0.1682105263157895 1.1010904919994602 1.6459348176315156 0.052261383887176681 0.35767842657335708 0.17888274023508502 -0.025498024157092177 -0.006999773410659548 0.11476857114426543 0.81659753513877953 0.094768295157608998 -0.26123159640797039 0.049678851441039701 0.27299095689028979 0.24910553859858955 -0.042736895509997035 0.045727443109501061 -0.032876382680197096 -0.048059873297150661 0.021271728295027995 -0.38334590160110837 -0.042353096529794403
decision_type=2 2 2 2 2 2 2 2 2 2 2 2 2 2 2 2 2 2 2 2 2 2 2 2 2 2 2 2 2 2
left_child=-1 2 3 4 -2 6 -5 8 11 -10 -11 12 13 16 -15 -16 20 18 -17 -20 23 22 -21 24 25 -7 -25 -27 -29 -30
right_child=1 -3 -4 5 -6 7 -8 -9 9 10 -12 -13 -14 14 15 17 -18 -19 19 21 -22 -23 -24 26 -26 27 -28 28 29 -31
leaf_value=-0.00065150668722708356 0.0019762389161624015 -0.00066171123568589479 0.00095654620957793656 -0.0014945858046412467 -8.6076996659884513e-05 0.0012093946401961146 7.714428641865479e-05 -0.00057793307378277653 -0.00072686631081160156 0.0022935669649658459 0.00018002508929930626 0.00078509823046624659 -0.00091347667137877298 -0.0011531898403621238 0.0015026568476524619 0.0005170365332742221 -0.0013393461370552276 0.0011974449457401142 0.00087577751779463139 -0.00061246370943471057 -0.00079528149079785429 -0.0012935614373002734 0.00068779842497315258 -0.0012103338176384568 0.0024820071984431704 -0.00076977971461019475 -3.7471345880680143e-05 -0.00093914227498316895 -0.00043500964021560073 0.0005534572956769142
leaf_weight=24 20 27 20 20 57 25 29 41 20 21 20 30 26 23 27 76 22 21 20 42 33 21 20 20 20 48 1044 24 41 97
leaf_count=24 20 27 20 20 57 25 29 41 20 21 20 30 26 23 27 76 22 21 20 42 33 21 20 20 20 48 1044 24 41 97
internal_value=2.52301e-12 7.99804e-06 1.73767e-05 7.5322e-06 0.000449589 -1.10579e-05 -0.000564378 4.1569e-06 1.78649e-05 0.000610296 0.00126257 -3.64598e-06 -1.79868e-05 -3.65012e-06 0.000227491 0.000367384 -4.57064e-05 0.000214122 9.87599e-05 -0.000209871 -2.4656e-05 -0.000471473 -0.000193024 -5.37576e-06 0.000220534 2.8068e-05 -5.95176e-05 -0.000112566 8.21639e-05 0.000259782
internal_weight=1979 1955 1928 1908 77 1831 49 1782 1741 61 41 1680 1650 1624 250 227 1374 200 179 103 1352 83 62 1319 255 235 1064 210 162 138
internal_count=1979 1955 1928 1908 77 1831 49 1782 1741 61 41 1680 1650 1624 250 227 1374 200 179 103 1352 83 62 1319 255 235 1064 210 162 138
is_linear=0
shrinkage=0.03


Tree=197
num_leaves=31
num_cat=0
split_feature=7 9 1 6 0 9 7 0 6 0 9 0 8 9 6 0 8 1 3 4 3 4 3 0 1 3 3 7 3 7
split_gain=0.0114174 0.046713 0.0693311 0.0383217 0.0256185 0.0451611 0.0689768 0.0461157 0.0216417 0.0182681 0.0432972 0.039063 0.0277528 0.0168479 0.0141261 0.01475 0.0266102 0.022135 0.0199565 0.0480437 0.0250834 0.0193909 0.0203921 0.066664 0.0190087 0.0355439 0.0246313 0.031252 0.0217971 0.0171254
threshold=0.98471158500994593 0.044242982010957589 0.095297539117234834 45.552842692710151 0.052211892852115589 0.044242982010957589 0.3875363050136485 0.09231323857145525 22.494331065759635 0.043705426356589146 0.033801208460176792 0.039946808510638372 2.3338396778350021 0.023706624567372131 26.847469967236986 0.031548170063952503 0.89500207313334545 0.069267913850507137 0.035755294824749935 0.04162740818357847 0.032667526315687152 0.076724950066574663 0.041148105608228243 0.015012360403035887 0.01077453292218389 -0.019510751959511682 0.030794033035557281 0.45425375885109759 0.011637774917083845 -0.31845096430127651
decision_type=2 2 2 2 2 2 2 2 2 2 2 2 2 2 2 2 2 2 2 2 2 2 2 2 2 2 2 2 2 2
left_child=4 2 3 -2 8 6 -6 -7 -1 11 -11 12 14 -5 -10 18 -17 -18 20 -20 24 -21 -23 -24 29 -26 27 -27 -29 -16
right_child=1 -3 -4 13 5 7 -8 -9 9 10 -12 -13 -14 -15 15 16 17 -19 19 21 -22 22 23 -25 25 26 -28 28 -30 -31
leaf_value=0.00078998491261154415 -0.0010237358098383993 0.00097958068130537873 -0.0021294330245582383 0.00086346130952453962 0.00016667339019477368 -0.0010667703110867966 0.002267265439732 0.00077736539502992568 -0.00065426039459998717 -0.0014286142361995119 0.00037969936405054551 0.0012495843386700885 -0.0011336902395123615 -0.00019707380848038675 -0.00016802499967161566 -0.0010629430308381415 0.00074459008028497913 -0.00061708705998691062 0.0016229247729010554 -0.00073104997258633374 -0.00099251146914194465 -0.00048189767178634862 -0.00036155997902493584 0.001575839580888691 -0.0012490430037723854 -3.3072029187367798e-05 0.00091363108166578138 -0.00014569673934602178 -0.0012918486996204592 0.00018165721305773663
leaf_weight=30 30 22 20 26 34 26 24 23 30 26 22 22 20 28 160 32 22 21 23 20 23 22 33 31 24 509 22 28 32 594
leaf_count=30 30 22 20 26 34 26 24 23 30 26 22 22 20 28 160 32 22 21 23 20 23 22 33 31 24 509 22 28 32 594
internal_value=-7.93866e-14 -0.000276334 -0.000542008 -0.000164049 1.87901e-05 0.000469389 0.00103588 -0.000201156 -8.82395e-06 -2.27891e-05 -0.000599804 -6.1844e-06 -2.29687e-05 0.000313554 -9.30666e-06 2.81653e-06 -0.000407894 7.9585e-05 2.30685e-05 0.000380032 -1.00121e-05 0.000110347 0.000306021 0.000576868 6.49445e-06 -0.000117284 -7.13239e-05 -0.000109407 -0.000756978 0.000107454
internal_weight=1979 126 104 84 1853 107 58 49 1746 1716 48 1668 1646 54 1626 1596 75 43 1521 129 1392 106 86 64 1369 615 591 569 60 754
internal_count=1979 126 104 84 1853 107 58 49 1746 1716 48 1668 1646 54 1626 1596 75 43 1521 129 1392 106 86 64 1369 615 591 569 60 754
is_linear=0
shrinkage=0.03


Tree=198
num_leaves=31
num_cat=0
split_feature=6 0 3 2 0 5 9 9 6 5 9 6 6 2 2 6 2 6 2 1 0 7 2 9 6 2 6 3 6 7
split_gain=0.0112472 0.0234558 0.0237319 0.0195121 0.0177533 0.0370084 0.012537 0.0453976 0.0219677 0.0198308 0.0380164 0.0718908 0.0560155 0.0308512 0.0268663 0.0215579 0.0776153 0.0369497 0.10638 0.0316455 0.0431679 0.0292712 0.0288833 0.0464054 0.0264522 0.0216141 0.0348044 0.024289 0.061709 0.0310742
threshold=87.760212447422859 0.099030052258957349 0.10301933228705952 0.33304222004030798 0.058194183864915601 0.16291325778414092 0.015885605815660109 0.013927235976156948 60.198992812790301 -0.077985740794959665 0.025751445073890943 33.882039470713096 39.607776116214502 -0.14031762910113707 -0.19537668905363861 69.035594035594059 0.30200046879983394 71.555061591182735 0.1359824561403509 0.10505093378607812 0.015566532305039684 0.057914252088865588 0.27833702518664366 0.035842223953902193 67.698687115934348 -0.1074556475224334 37.743304163351908 0.034900406864320839 52.659529527428028 0.31665787577651677
decision_type=2 2 2 2 2 2 2 2 2 2 2 2 2 2 2 2 2 2 2 2 2 2 2 2 2 2 2 2 2 2
left_child=1 2 4 -2 6 -6 7 8 -1 10 11 -8 14 -11 -12 16 24 18 -17 22 -21 -20 23 -19 25 26 -15 29 -29 -27
right_child=3 -3 -4 -5 5 -7 9 -9 -10 13 12 -13 -14 15 -16 17 -18 19 21 20 -22 -23 -24 -25 -26 27 -28 28 -30 -31
leaf_value=0.00072506942274230823 -0.00016092852606172005 -0.00084286253293976187 -0.001025413691997528 0.0011323107440590059 0.0012539862375049251 -0.0001512334809160313 0.002357385053099798 -0.0011210044674226083 -0.00034176274294670861 -0.00087993131509089524 0.00020998390719548544 -9.6595885168591683e-05 0.0012717892296080079 0.0015822478006593881 -0.0011909577885775694 -0.00059242611904275174 -0.0019003506079316138 0.00033037754778155018 0.0025499468436464665 -0.001293346254096832 0.00026492041055462321 0.00096417903341352923 0.0012330823458614759 -0.0011946190032592441 -0.00080646279992809444 2.8192552386860195e-05 -0.00014691675293513319 0.0016248330024869312 -1.9787676336074414e-05 -0.00036208702794709421
leaf_weight=32 21 30 20 21 31 37 21 40 38 36 22 22 21 20 28 28 20 124 22 32 32 20 24 21 37 815 22 28 77 237
leaf_count=32 21 30 20 21 31 37 21 40 38 36 22 22 21 20 28 28 20 124 22 32 32 20 24 21 37 815 22 28 77 237
internal_value=-1.90462e-12 -1.05312e-05 2.56258e-06 0.000485691 1.34579e-05 0.000489381 -4.3336e-06 -0.000314772 0.000145932 1.56478e-05 0.000397898 0.00110186 -2.8445e-05 -1.16729e-05 -0.000574543 8.3767e-06 -4.64167e-05 0.000235507 0.000839921 5.39235e-05 -0.000514213 0.00179482 0.000269076 0.000109516 -1.64178e-05 7.96227e-06 0.000676495 -1.6306e-05 0.000418778 -5.97316e-05
internal_weight=1979 1937 1907 42 1887 68 1819 110 70 1709 114 43 71 1595 50 1559 1256 303 70 233 64 42 169 145 1236 1199 42 1157 105 1052
internal_count=1979 1937 1907 42 1887 68 1819 110 70 1709 114 43 71 1595 50 1559 1256 303 70 233 64 42 169 145 1236 1199 42 1157 105 1052
is_linear=0
shrinkage=0.03


Tree=199
num_leaves=31
num_cat=0
split_feature=7 9 3 5 9 7 4 8 8 9 5 8 2 2 2 4 6 8 2 8 5 3 6 5 5 8 5 5 7 3
split_gain=0.0106006 0.0434517 0.0506097 0.0488418 0.0282149 0.0235971 0.0206528 0.0224872 0.0472433 0.0406308 0.0483383 0.0404005 0.0160405 0.026219 0.0242539 0.0165235 0.0256168 0.0146927 0.0978495 0.032209 0.0473257 0.0449547 0.0685045 0.0398247 0.0501828 0.053933 0.0308556 0.0463522 0.0387723 0.034481
threshold=0.98471158500994593 0.044242982010957589 0.060125714037574059 0.0045233131453921169 0.023706624567372131 0.89888400601532314 0.28689836098073257 1.6234995665323932 2.1657085105182188 0.03145531123427376 0.1011204211053507 1.5385626293075576 0.46320706300911046 0.33304222004030798 0.29532921249583372 0.12040022802883311 76.813080934028591 0.98301964650292806 -0.14882034985899376 1.1677901483951307 -0.047898387184846174 0.035755294824749935 46.333671004441698 0.052810446981947042 0.10885384615683859 1.0782382785934359 0.18642551087439987 0.14889220103207404 -0.21933652992102312 0.030349482922282792
decision_type=2 2 2 2 2 2 2 2 2 2 2 2 2 2 2 2 2 2 2 2 2 2 2 2 2 2 2 2 2 2
left_child=5 2 3 -2 -5 6 7 11 9 10 -9 12 13 14 15 17 -17 -1 -19 20 -20 22 -22 -24 -25 -26 27 28 -21 -30
right_child=1 -3 -4 4 -6 -7 -8 8 -10 -11 -12 -13 -14 -15 -16 16 -18 18 19 26 21 -23 23 24 25 -27 -28 -29 29 -31
leaf_value=-4.6459846273613209e-05 -0.0012095687703029918 0.00094501505785791031 -0.0018381808151025324 0.001047249518137855 -0.00031374512681865994 0.0010180265749139446 0.00092028484483969142 -0.0013891058383451308 0.00049396730881805218 -0.0016427209173980372 0.00054194405541888307 0.0010962672844048468 0.00078996548520239151 -0.00080850613070651881 0.00093725133910775181 9.0193602227373044e-06 -0.0013394370322514857 0.0021089393518526445 -0.00092373497318476439 -0.0012511735404324199 -0.0013381920245010405 0.0016484018009550008 -0.00029543972146269437 0.001881809141021222 0.0011595238065101991 -0.00054204846429638568 -0.0010253741541493902 0.001285051264400993 0.00021783167068780589 -0.00099386152291957002
leaf_weight=1078 28 22 21 26 29 21 22 20 36 32 28 31 23 36 25 32 21 22 24 27 20 26 37 30 38 30 34 21 113 26
leaf_count=1078 28 22 21 26 29 21 22 20 36 32 28 31 23 36 25 32 21 22 24 27 20 26 37 30 38 30 34 21 113 26
internal_value=9.03116e-13 -0.000266266 -0.000522498 -0.000189615 0.000329634 1.81055e-05 6.64354e-06 -4.4615e-06 -0.000408551 -0.000814684 -0.00026266 2.32093e-05 3.20645e-06 -7.82736e-06 1.0143e-05 -4.53574e-06 -0.000525275 1.35502e-05 0.000157949 5.71941e-05 0.000328041 0.000494022 0.000300385 0.000543137 0.000859742 0.00040883 -0.000194044 -4.28932e-05 -0.000210886 -8.81598e-06
internal_weight=1979 126 104 83 55 1853 1832 1810 116 80 48 1694 1663 1640 1604 1579 53 1526 448 426 205 181 155 135 98 68 221 187 166 139
internal_count=1979 126 104 83 55 1853 1832 1810 116 80 48 1694 1663 1640 1604 1579 53 1526 448 426 205 181 155 135 98 68 221 187 166 139
is_linear=0
shrinkage=0.03


Tree=200
num_leaves=31
num_cat=0
split_feature=8 8 2 2 6 4 3 1 2 7 6 4 4 6 9 6 9 2 9 9 1 3 3 3 8 3 4 4 4 2
split_gain=0.0105032 0.0423554 0.0327784 0.0327032 0.0225022 0.0313808 0.0335863 0.0274645 0.0228099 0.0384414 0.0389871 0.0366854 0.0445611 0.0294749 0.0294149 0.0277716 0.0247707 0.117841 0.0559462 0.0412022 0.0343933 0.0342102 0.0291897 0.0321834 0.0283309 0.0267815 0.0203837 0.0196708 0.0324626 0.0287693
threshold=0.61810926855491666 0.60627024908260418 0.64904173866176318 0.26005864042055776 20.37234042553192 -0.090629358883831987 -0.046086173934924028 -0.094047474906836945 -0.069312288251256446 -0.31535795751668877 39.927536231884062 -0.032482520366832184 -0.026315065388408772 34.77098349221113 0.052261383887176681 31.570638202749532 0.044242982010957589 0.27833702518664366 0.042702398747072719 0.040462546360846639 0.038452941783294954 0.082038314216106314 0.065486255705470411 0.057562342161102016 0.64262802985004608 0.042736103663792331 0.042173354872271925 0.067793723545818488 0.033529104034413455 0.0025135271954721543
decision_type=2 2 2 2 2 2 2 2 2 2 2 2 2 2 2 2 2 2 2 2 2 2 2 2 2 2 2 2 2 2
left_child=1 3 4 27 -2 6 -6 -7 9 -9 13 -10 -13 15 16 -11 18 20 19 21 26 22 23 24 -14 -21 -18 28 29 -1
right_child=2 -3 -4 -5 5 7 -8 8 11 10 -12 12 14 -15 -16 -17 17 -19 -20 25 -22 -23 -24 -25 -26 -27 -28 -29 -30 -31
leaf_value=-0.00023375637543149994 0.0010187172526493669 -0.0013592106839860206 0.0012121153616213372 -0.0011076719700358806 -9.3945126439369211e-05 0.00086381222054894471 -0.0015349350121687166 0.0015906308786943556 -0.00073286446443359765 -0.00039490990930062252 0.00084754922660067677 0.0014138679111201781 0.00087166374607477331 -0.0010882420797832309 -0.000741634606692969 0.0010091162053868176 -0.00020414101092943121 0.0023507541575995476 -0.0015586793688791138 0.00020351277156309647 -0.00084872956504113974 -0.0012032388932791285 0.00098474509834396966 -0.0010962433069478721 -3.6706997467990729e-05 0.0017203420980367809 0.0011176672538567801 0.00090562387269788546 -0.00084247827137005514 0.00036390941908430989
leaf_weight=143 20 24 21 25 37 35 24 20 63 32 48 20 32 25 48 21 21 23 21 22 32 22 26 25 900 20 21 21 40 147
leaf_count=143 20 24 21 25 37 35 24 20 63 32 48 20 32 25 48 21 21 23 21 22 32 22 26 25 900 20 21 21 40 147
internal_value=-3.10697e-12 -0.000137316 3.47855e-05 -5.93226e-05 1.89165e-05 5.91521e-06 -0.000660892 3.34543e-05 1.33e-05 0.000368789 0.000174846 -2.67474e-05 9.33153e-06 -0.000239125 -1.38265e-05 0.000161402 1.61604e-05 0.000475176 -2.55292e-05 5.22168e-06 -0.000107774 -3.32508e-05 -7.06589e-06 -3.40116e-05 -5.5183e-06 0.000925812 0.000456763 1.53461e-05 -4.13079e-05 6.91984e-05
internal_weight=1979 400 1579 376 1558 1538 61 1477 1442 146 126 1296 1233 78 1213 53 1165 97 1068 1047 74 1005 983 957 932 42 42 351 330 290
internal_count=1979 400 1579 376 1558 1538 61 1477 1442 146 126 1296 1233 78 1213 53 1165 97 1068 1047 74 1005 983 957 932 42 42 351 330 290
is_linear=0
shrinkage=0.03


Tree=201
num_leaves=31
num_cat=0
split_feature=1 1 9 9 1 1 1 3 1 6 2 9 9 2 3 3 6 2 3 3 1 6 2 1 3 1 1 9 1 0
split_gain=0.0107253 0.0170848 0.0337487 0.0209436 0.0208213 0.0206131 0.0253901 0.0309276 0.0383994 0.0177054 0.0626776 0.149895 0.0604113 0.0431489 0.0297009 0.0293639 0.110439 0.057574 0.0431149 0.0468475 0.033794 0.0331573 0.0316074 0.0284198 0.0220177 0.0239784 0.0279297 0.0218355 0.0905888 0.0484493
threshold=0.28185092619817714 0.1682105263157895 0.046321695696809155 0.041053905502406618 0.14549211493666073 0.12860944483650907 0.10605109249803547 0.052714158919926486 0.11460824167065199 70.17513491497813 0.23638833992094868 0.044242982010957589 0.035842223953902193 0.27833702518664366 0.027130760046709782 0.035755294824749935 44.494949494949502 0.063946705179395727 0.028588905783765054 0.026833708765756196 0.055306743135210341 57.183731861843462 0.045640790833098584 0.052105010738786824 0.02169093755574392 0.01077453292218389 0.012621427455880021 0.024230449429106245 -0.069267908464507741 0.013523894041757358
decision_type=2 2 2 2 2 2 2 2 2 2 2 2 2 2 2 2 2 2 2 2 2 2 2 2 2 2 2 2 2 2
left_child=1 4 3 -3 5 6 9 8 -8 13 12 14 -11 15 -12 18 -17 23 19 20 24 -22 -20 -18 25 27 -27 28 -1 -30
right_child=-2 2 -4 -5 -6 -7 7 -9 -10 10 11 -13 -14 -15 -16 16 17 -19 22 -21 21 -23 -24 -25 -26 26 -28 -29 29 -31
leaf_value=0.0020413428953179394 -0.00069120357907377183 0.00037186596340135384 -0.00036400327355497409 0.0016992673014756291 -0.00080765671112799429 0.00093702135274985007 -0.00096084249072841228 -0.0013409163224943248 0.00085337368971002948 0.00015152327818294359 0.00075098123899402299 0.0031316962073157941 -0.0015133373812899332 -0.0011724488000417579 -0.00075332138537695359 0.0024815518779214472 -0.0015405573797496882 0.0006782822950785471 -0.0015076159522868693 0.0014007976677800926 -0.0013165134813503494 -9.1218606204442363e-05 -0.00020499588161902992 2.3686653003096577e-06 0.00080172989353154514 -0.0012910731682287794 -0.00015768323541871993 -4.627070804080489e-05 -5.5625574595531539e-05 0.00093002810938791784
leaf_weight=24 20 23 27 20 29 21 21 28 21 181 27 21 22 29 21 20 22 55 30 21 35 46 38 21 31 21 287 518 244 55
leaf_count=24 20 23 27 20 29 21 21 28 21 181 27 21 22 29 21 20 22 55 30 21 35 46 38 21 31 21 287 518 244 55
internal_value=1.98756e-13 7.0567e-06 0.000467288 0.000989262 -9.99794e-06 2.43868e-06 -8.23355e-06 -0.000568607 -5.37344e-05 1.39406e-05 0.000236598 0.00101772 -2.8905e-05 -2.65155e-05 9.28488e-05 -3.87782e-06 0.00044995 3.53368e-05 -4.35457e-05 -4.49951e-06 -2.79026e-05 -0.000620667 -0.000779681 -0.000787035 1.27872e-05 -8.49845e-06 -0.00023496 7.44387e-05 0.000268022 0.000125682
internal_weight=1979 1959 70 43 1889 1860 1839 70 42 1769 272 69 203 1497 48 1468 118 98 1350 1282 1261 81 68 43 1180 1149 308 841 323 299
internal_count=1979 1959 70 43 1889 1860 1839 70 42 1769 272 69 203 1497 48 1468 118 98 1350 1282 1261 81 68 43 1180 1149 308 841 323 299
is_linear=0
shrinkage=0.03


Tree=202
num_leaves=31
num_cat=0
split_feature=8 8 6 1 8 0 1 0 5 5 5 0 2 5 9 5 1 6 9 9 6 9 9 5 6 6 5 2 2 5
split_gain=0.0101834 0.0232249 0.0224492 0.0229808 0.0309505 0.0264551 0.0252474 0.0384879 0.0242132 0.0448937 0.0304434 0.0258808 0.0235993 0.0629909 0.022828 0.0338922 0.0292932 0.0223088 0.0279523 0.0523676 0.119757 0.067634 0.039829 0.0406485 0.0556144 0.0364543 0.033113 0.0354488 0.03743 0.0331179
threshold=0.81272988961931736 0.82951876394908042 23.734910376783322 0.0041401479641416392 0.78472465758571697 0.03489039123902838 0.06774475524475522 0.00066376064989104322 0.1421791749058097 0.16945842195388885 0.10801603229514468 -0.021739130434782646 0.045640790833098584 0.075812781176973001 0.02857249563620776 0.028752033135946434 0.034977724468814204 25.362364375183279 0.026444937254086965 0.029841361739540263 46.608250137661905 0.02882176911975565 0.024565110435235727 0.11711141146367955 46.333671004441698 64.379280821917817 0.023671873504442113 0.018600826111951022 0.031121537567526784 -0.039327018520120875
decision_type=2 2 2 2 2 2 2 2 2 2 2 2 2 2 2 2 2 2 2 2 2 2 2 2 2 2 2 2 2 2
left_child=2 -2 -1 4 8 6 12 -8 10 -10 11 -4 13 -5 15 -14 -16 -3 22 20 -20 25 26 24 -24 -22 29 -28 -29 -19
right_child=1 17 3 5 -6 -7 7 -9 9 -11 -12 -13 14 -15 16 -17 -18 18 19 -21 21 -23 23 -25 -26 -27 27 28 -30 -31
leaf_value=-0.0010477758598114763 0.00085521522196358997 0.00092139939833432434 0.00090402309124224943 -0.00021386851659512684 -0.0010641413521952927 -0.0010996689193014954 0.0010040691282247772 -0.00053849034913582732 0.001531861960887909 3.363447232792775e-05 -0.000774777345862743 3.9261920079786349e-05 -0.00059746591185103168 -0.0018073996455119602 -0.0008706988686817171 0.00076138755662437027 0.00033425848418846724 2.7703458396717905e-05 0.0026980727542515685 3.968796221985844e-05 -0.0013630480873821811 0.0015992849059402942 -0.0014535408471103594 -0.0019032613201332943 0.00050723598574404605 0.00040662773122312503 0.0010682724115692755 -0.0011041546083288268 0.00013530089625906323 -0.00087960878118506763
leaf_weight=21 32 25 35 97 20 29 37 24 30 45 37 283 24 29 46 53 30 75 23 467 22 20 23 21 30 20 33 24 254 70
leaf_count=21 32 25 35 97 20 29 37 24 30 45 37 283 24 29 46 53 30 75 23 467 22 20 23 21 30 20 33 24 254 70
internal_value=1.06128e-12 5.84416e-05 -7.92441e-05 -5.44099e-05 8.94928e-05 -0.000229901 -0.000155715 0.00039716 0.00014315 0.000632925 3.96765e-05 0.00013444 -0.000276595 -0.000580634 -2.62094e-05 0.000337849 -0.000395058 3.54093e-05 1.49382e-05 0.00016435 0.000849257 0.000163406 -0.000140675 -0.000786255 -0.000343667 -0.000520345 -3.59104e-05 0.000138649 2.82975e-05 -0.000410309
internal_weight=1979 1139 840 819 450 369 340 61 430 75 355 318 279 126 153 77 76 1107 1082 552 85 62 530 74 53 42 456 311 278 145
internal_count=1979 1139 840 819 450 369 340 61 430 75 355 318 279 126 153 77 76 1107 1082 552 85 62 530 74 53 42 456 311 278 145
is_linear=0
shrinkage=0.03


Tree=203
num_leaves=31
num_cat=0
split_feature=4 4 6 8 2 6 6 5 7 7 7 4 2 5 5 1 4 4 3 4 1 5 5 3 4 7 3 5 5 7
split_gain=0.0103651 0.0247183 0.0182087 0.0119032 0.0305181 0.0289581 0.0602117 0.0265004 0.0333631 0.0241406 0.0235667 0.0214753 0.0208906 0.0180169 0.0246921 0.0166945 0.0159243 0.0210948 0.0690101 0.0313013 0.052628 0.0428349 0.0258889 0.0414049 0.0272487 0.0226421 0.0764037 0.0399512 0.0717703 0.0352757
threshold=-0.11077906633424033 -0.094069000464067007 23.734910376783322 0.5800432010685278 0.64904173866176318 49.147699757869262 46.608250137661905 0.4134632143734473 0.049189296355432795 0.042922837845549851 -0.31845096430127651 0.21249033996806135 0.27833702518664366 0.1421791749058097 0.090506980941380558 0.18416121035755664 0.16388638673622016 0.13685680025460237 0.045826998586562924 0.12040022802883311 0.12860944483650907 0.30298787712592895 0.16663751850763478 0.060125714037574059 0.021498999956522494 -0.31115850646342513 0.021027600782202008 0.058979009696924496 0.10196461175352912 -0.28348965341060295
decision_type=2 2 2 2 2 2 2 2 2 2 2 2 2 2 2 2 2 2 2 2 2 2 2 2 2 2 2 2 2 2
left_child=-1 -2 -3 5 7 6 9 11 -9 10 -4 15 13 14 -7 16 17 19 -19 20 21 22 23 25 -24 26 27 -5 -29 -27
right_child=1 2 3 4 -6 12 -8 8 -10 -11 -12 -13 -14 -15 -16 -17 -18 18 -20 -21 -22 -23 24 -25 -26 29 -28 28 -30 -31
leaf_value=-0.00043546663073357195 0.00096759854670381163 -0.00084021531693313431 -0.00045324782518526684 -0.00034098352197693981 0.0011777586376826678 -0.00021601619956709327 0.0016421858527298485 -1.7081161918626589e-05 -0.0015253106556536459 -0.0010539471614174544 0.0005306456451304257 0.0010265481382375583 -0.0013101787043602337 0.00027402288374818256 -0.0012252471814863384 -0.00074790934275370091 -0.00067205774183902477 0.001851608550692301 -0.00049861205149103285 -0.00095025099907486161 0.0015906366264098325 0.0014183464532252399 0.00061277376539591282 -0.0011812436019839798 -0.00040540521794893376 -0.001202559682074934 0.0016067196908529455 0.0019543888018233699 -0.0001307061469504753 7.1567655962711315e-05
leaf_weight=48 24 23 39 82 21 80 21 33 22 20 50 20 21 37 30 24 27 23 22 28 20 20 27 23 191 20 38 24 39 882
leaf_count=48 24 23 39 82 21 80 21 33 22 20 50 20 21 37 30 24 27 23 22 28 20 20 27 23 191 20 38 24 39 882
internal_value=-4.22715e-13 1.08246e-05 -1.21655e-06 9.026e-06 4.17125e-05 -0.000164936 0.000171251 2.64684e-05 -0.000620373 -0.000112141 9.95013e-05 5.00289e-05 -0.000425081 -0.000298639 -0.000491261 3.69212e-05 4.97698e-05 6.33134e-05 0.000702612 4.26761e-05 6.30289e-05 4.03305e-05 1.95459e-05 7.83442e-05 -0.0002793 0.000105045 0.000409303 9.54975e-05 0.000663616 4.33165e-05
internal_weight=1979 1931 1907 1884 1586 298 130 1565 55 109 89 1510 168 147 110 1490 1466 1439 45 1394 1366 1346 1326 1108 218 1085 183 145 63 902
internal_count=1979 1931 1907 1884 1586 298 130 1565 55 109 89 1510 168 147 110 1490 1466 1439 45 1394 1366 1346 1326 1108 218 1085 183 145 63 902
is_linear=0
shrinkage=0.03


Tree=204
num_leaves=31
num_cat=0
split_feature=0 0 9 2 3 8 9 8 8 9 6 2 9 8 0 2 5 3 6 9 0 3 2 5 5 4 9 9 2 9
split_gain=0.0100189 0.013608 0.0160259 0.0151661 0.0222307 0.0150791 0.0468864 0.0538796 0.0387674 0.0392539 0.0286608 0.0824391 0.0517389 0.0187335 0.0378697 0.0204999 0.0177644 0.0513663 0.0252361 0.0145093 0.0114161 0.0867967 0.0361008 0.0266486 0.0280836 0.0256963 0.0347871 0.0538235 0.0394396 0.0370036
threshold=-0.078793212323153602 -0.063869007457190582 0.059235197089609774 0.64904173866176318 0.11683258079084559 1.4613538249515241 0.016165830739815552 1.915845702081213 2.1657085105182188 0.030434215926805303 69.035594035594059 0.078893098428576738 0.025655247779451738 1.2999906490377289 -0.021739130434782646 0.031121537567526784 -0.102800231474715 -0.0065931936139164695 22.494331065759635 0.029841361739540263 1.0000000180025095e-35 0.026833708765756196 -0.048464232073488815 0.012033374747666527 -0.039327018520120875 0.11635392334398499 0.028759439491269873 0.026658774821215359 0.1359824561403509 0.025132997571412432
decision_type=2 2 2 2 2 2 2 2 2 2 2 2 2 2 2 2 2 2 2 2 2 2 2 2 2 2 2 2 2 2
left_child=-1 -2 3 4 5 13 -7 10 -9 -10 11 12 -8 16 -15 -16 17 -3 -18 -12 21 25 23 24 -22 26 27 29 -28 -20
right_child=1 2 -4 -5 -6 6 7 8 9 -11 19 -13 -14 14 15 -17 18 -19 20 -21 22 -23 -24 -25 -26 -27 28 -29 -30 -31
leaf_value=-0.0006092242398881354 0.00071743464769497218 0.0016575929888693445 -0.00075597168439999222 0.0007425944431568495 -0.00097182494987334506 -0.0011636974818538875 0.00010619492219328614 -0.0011149542104324391 -0.0004592430703508268 0.0010477794660047428 0.00082733060898525365 -0.0012121255363204649 0.0017260416007290284 -0.0015486728439905813 -0.00089743774414629391 0.00014680815972383242 -0.001048886103422514 -0.00020279497817682568 0.0001583375371022545 0.0019425237918871321 -0.00084425968644609385 0.0014792931812668316 -4.14976571687152e-06 -0.0013070106465602293 0.00048313421224100653 0.00092971658540101578 -6.1293040643883574e-05 0.0012447170964190485 -0.0008577501527794923 -0.00080536271245630522
leaf_weight=24 24 22 25 25 21 20 35 29 35 28 21 21 36 21 23 64 21 34 286 21 32 38 633 34 26 26 198 37 78 41
leaf_count=24 24 22 25 25 21 20 35 29 35 28 21 21 36 21 23 64 21 34 286 21 32 38 633 34 26 26 198 37 78 41
internal_value=2.04478e-13 7.47897e-06 -1.34492e-06 8.55312e-06 -1.20288e-06 9.75576e-06 0.00022855 0.000351758 -0.000207276 0.000210545 0.000735572 0.000439127 0.000927526 -2.35921e-05 -0.000405254 -0.000129257 3.77813e-06 0.000528072 -1.64705e-05 0.00138493 -1.29849e-06 8.47506e-05 -8.48552e-05 -0.000640143 -0.000249221 5.18212e-06 -3.23771e-05 0.000160218 -0.000286379 3.75066e-05
internal_weight=1979 1955 1931 1906 1881 1860 246 226 92 63 134 92 71 1614 108 87 1506 56 1450 42 1429 704 725 92 58 666 640 364 276 327
internal_count=1979 1955 1931 1906 1881 1860 246 226 92 63 134 92 71 1614 108 87 1506 56 1450 42 1429 704 725 92 58 666 640 364 276 327
is_linear=0
shrinkage=0.03


Tree=205
num_leaves=31
num_cat=0
split_feature=7 0 7 0 3 7 8 9 8 5 2 7 7 3 2 9 7 9 5 8 5 3 2 7 0 0 4 2 9 9
split_gain=0.00971442 0.0228036 0.0253845 0.0263972 0.0219491 0.0188105 0.0288184 0.0142497 0.0138338 0.0386577 0.0161937 0.0363601 0.0571087 0.0358193 0.0702997 0.041967 0.0387049 0.0390653 0.0620518 0.0782993 0.0280601 0.0244431 0.0188562 0.0164925 0.04418 0.028915 0.0294752 0.0282914 0.0581842 0.121313
threshold=-0.43033673741546813 -0.016998124748597295 -0.45182648703508532 -0.0013166562651688027 -0.010952380769300272 -0.40385724677167273 0.70349457467458731 0.031774094411758776 0.41541855609394568 0.081623698471484554 0.18576446773041203 -0.26123159640797039 -0.32051732641816466 0.0043671453363083321 0.24745382294502918 0.038578895811532989 -0.049422649337754247 0.04588074806113885 0.29341391481563567 1.2894300818594286 0.24415585682128618 0.03854915579275587 0.24275908253808812 0.98471158500994593 0.058194183864915601 0.040747319182736892 0.1096000251561985 -0.038093559388732205 0.027645910497391662 0.022197733292292798
decision_type=2 2 2 2 2 2 2 2 2 2 2 2 2 2 2 2 2 2 2 2 2 2 2 2 2 2 2 2 2 2
left_child=1 -1 3 7 -5 6 -2 -3 9 -7 20 12 -12 14 15 -13 21 18 19 22 23 -15 -18 24 25 26 27 28 29 -10
right_child=5 2 -4 4 -6 8 -8 -9 10 -11 11 13 -14 16 -16 -17 17 -19 -20 -21 -22 -23 -24 -25 -26 -27 -28 -29 -30 -31
leaf_value=-0.0010721140634268522 -0.00014116568252211435 0.0013058255076175555 -0.00087548049626438396 -0.0010360901891752811 8.8417414846814795e-05 0.00031961450061373853 0.0014693166157230735 0.00018692468517526452 -0.00023968291056551062 -0.0011437878181988542 -0.00012263458210509269 0.0007645554898772388 0.0020923499770420179 -0.0013306665412270494 0.001841683903642531 -0.0010961644286289812 0.00020988380912548074 0.0011453022086061538 -0.0011181464043329469 0.0016231275015261731 -0.00079509641282351281 -0.00014867642439639895 -0.00096933807276756209 -0.00036890713540487923 0.0011498898339848363 -0.00077043582252891995 0.0011445382739683346 -7.569253484053386e-05 -0.00023697308684354884 0.0013865715321192643
leaf_weight=24 20 20 29 21 61 32 20 21 77 33 20 24 22 31 28 20 26 29 36 29 41 32 23 100 31 42 21 858 119 89
leaf_count=24 20 20 29 21 61 32 20 21 77 33 20 24 22 31 28 20 26 29 36 29 41 32 23 100 31 42 21 858 119 89
internal_value=1.83786e-12 -0.00021274 -7.70489e-05 0.000111199 -0.000199566 2.07666e-05 0.000664075 0.00073273 6.17082e-06 -0.000423344 2.26128e-05 0.000214867 0.0010376 9.05693e-05 0.000666572 -8.12263e-05 -0.000110752 0.000162192 -8.7898e-05 0.000387601 -2.20325e-05 -0.000730291 -0.000343629 1.67402e-06 3.16321e-05 2.88747e-06 3.07909e-05 1.03283e-05 0.000269296 0.000632225
internal_weight=1979 176 152 123 82 1803 40 41 1763 65 1698 320 42 278 72 44 206 143 114 78 1378 63 49 1337 1237 1206 1164 1143 285 166
internal_count=1979 176 152 123 82 1803 40 41 1763 65 1698 320 42 278 72 44 206 143 114 78 1378 63 49 1337 1237 1206 1164 1143 285 166
is_linear=0
shrinkage=0.03


Tree=206
num_leaves=31
num_cat=0
split_feature=6 4 0 9 1 2 9 2 7 9 7 0 7 8 8 8 2 9 9 7 9 2 0 9 9 1 4 1 1 2
split_gain=0.0104705 0.0236293 0.0283768 0.0257303 0.0143006 0.0184403 0.0180268 0.0150589 0.0156061 0.0318005 0.0254375 0.0172851 0.0158823 0.0189272 0.0450462 0.0128671 0.0328592 0.0294853 0.0185231 0.0731177 0.0475275 0.0335 0.0403864 0.0426573 0.0314549 0.0381283 0.0363724 0.0277937 0.0372642 0.0324896
threshold=22.494331065759635 -0.090629358883831987 -0.040469452196585591 0.03738894669547186 -0.094047474906836945 0.047054463563002365 0.059235197089609774 0.5496430889033096 -0.43033673741546813 0.024705498984083019 -0.40385724677167273 0.012360958318054062 -0.47672517707968642 0.49234897446784842 0.73561514094671909 0.43209997507328746 0.13084799477020162 0.032464490165362341 0.040210937526493455 -0.21528319451823072 0.047489943291374452 -0.091884476026312931 0.0062270636158727752 0.025522993015081766 0.042511953854959879 0.050382252164698722 0.077645921188871161 -0.037500234376464874 -0.033397068196303441 0.010652482269503551
decision_type=2 2 2 2 2 2 2 2 2 2 2 2 2 2 2 2 2 2 2 2 2 2 2 2 2 2 2 2 2 2
left_child=-1 2 -2 -4 5 -3 7 8 9 11 -10 -6 13 -11 -15 16 17 -12 21 20 -20 22 23 -17 -21 26 -26 29 -29 -23
right_child=1 4 3 -5 6 -7 -8 -9 10 12 15 -13 -14 14 -16 18 -18 -19 19 24 -22 27 -24 -25 25 -27 -28 28 -30 -31
leaf_value=0.00053825738257728517 0.00026767839434678139 0.0011608328864994375 -0.0017822991227045089 -0.00027877302607521415 0.00062802987468067414 -1.9293092370319824e-05 -0.0008986985078081488 0.00068506261707155093 0.00080060567757165105 0.00036005208845017478 -0.00079587926308158775 -0.00041396650890617267 -0.0013123202347196639 -0.0016905679934121588 0.00016736385150579737 0.00014416084565957796 -0.0012403262485391818 0.00071229218799479497 0.0019747939102489906 0.00086307798028428806 0.00016343664716590532 -0.00090859484699764616 -0.00030156385675393811 0.0019390617988784258 -0.00011220676433627625 -0.00072263026368498469 0.0011912925891112535 0.0012378831347450612 -3.8588287200283199e-05 6.2738620707849887e-05
leaf_weight=32 23 22 21 20 38 26 20 29 37 20 20 23 24 23 24 22 26 28 32 32 22 71 29 26 84 67 25 21 1037 55
leaf_count=32 23 22 21 20 38 26 20 29 37 20 20 23 24 23 24 22 26 28 32 32 22 71 29 26 84 67 25 21 1037 55
internal_value=5.29097e-13 -8.84655e-06 -0.000575737 -0.00104887 1.04211e-05 0.000521598 -2.9503e-06 6.9202e-06 -4.09107e-06 -0.000294849 2.29562e-05 0.000235146 -0.000650121 -0.000412915 -0.000741837 4.93927e-06 -0.000381377 8.38874e-05 2.37097e-05 0.000253238 0.00123683 -2.39796e-05 0.000582361 0.0011164 -2.11916e-06 -0.000159428 0.000186761 -6.34123e-05 -1.32519e-05 -0.0004846
internal_weight=1979 1947 64 41 1883 48 1835 1815 1786 152 1634 61 91 67 47 1597 74 48 1523 262 54 1261 77 48 208 176 109 1184 1058 126
internal_count=1979 1947 64 41 1883 48 1835 1815 1786 152 1634 61 91 67 47 1597 74 48 1523 262 54 1261 77 48 208 176 109 1184 1058 126
is_linear=0
shrinkage=0.03


Tree=207
num_leaves=31
num_cat=0
split_feature=1 4 1 1 1 7 3 7 6 7 4 3 4 6 0 7 6 1 6 7 4 5 0 0 5 5 3 5 2 6
split_gain=0.010424 0.0172703 0.0125287 0.0197173 0.0163806 0.0160961 0.0136891 0.0165141 0.055707 0.0280068 0.0242581 0.0413058 0.0175292 0.0484139 0.0363276 0.102658 0.0235455 0.0314072 0.0244069 0.0225019 0.0187551 0.0178486 0.0177616 0.0175889 0.0169563 0.016369 0.0149148 0.088826 0.0390492 0.0373333
threshold=0.28185092619817714 0.26881607714569228 0.17848716748323226 0.15625484764542932 0.13991146512149169 -0.12419877138988482 0.070535098361274598 0.28285310056272966 22.494331065759635 0.26512865077145681 -0.08379100734590765 -0.046086173934924028 0.070692513981987851 71.164648910411643 0.025089928057553949 0.43105629822554542 36.863675582398635 0.0060031832787771364 44.147747514331066 0.46145905397161818 0.022630153424625047 0.094479278065302333 -0.034454494064443168 0.026497476779053678 0.086676016625468991 -0.013816482939258077 0.016329330595970862 -0.046822489201528088 0.29532921249583372 40.81666666666667
decision_type=2 2 2 2 2 2 2 2 2 2 2 2 2 2 2 2 2 2 2 2 2 2 2 2 2 2 2 2 2 2
left_child=1 2 3 4 6 -4 7 8 -1 10 11 -10 14 23 16 -16 22 18 -18 24 -17 25 -9 -14 -20 -19 28 -28 -12 -29
right_child=-2 -3 5 -5 -6 -7 -8 12 9 -11 26 -13 13 -15 15 20 17 21 19 -21 -22 -23 -24 -25 -26 -27 27 29 -30 -31
leaf_value=0.0015850386056782944 -0.00068142295000143342 0.00084276698741384524 0.00010929544705764523 0.00084615657068788999 -0.0008559258504537865 -0.001027998476929497 0.00066555397017688321 -6.9684384865328089e-05 0.00034173042315524066 0.0011142642223941428 6.5057568505525436e-05 -0.001487413561460562 -0.00057732836675963232 0.00013119225134141743 -0.0011659877003251534 0.0019257356485884102 0.00095269100975260246 -0.00086072862824585167 4.3417334323748943e-05 -0.000338773317102875 0.0007854525091277216 -0.0009966057023082515 -0.0010586877701147881 -0.0017550439836457371 0.0011711247885832564 0.00019490009679709776 0.001593921493459493 -0.001517131002852693 0.0012237441762247018 -0.00017969465456543139
leaf_weight=21 20 22 21 25 20 24 28 26 20 21 859 25 21 50 23 21 31 20 30 70 34 38 44 25 20 39 25 20 27 309
leaf_count=21 20 22 21 25 20 24 28 26 20 21 859 25 21 50 23 21 31 20 30 70 34 38 44 25 20 39 25 20 27 309
internal_value=1.85033e-12 6.95685e-06 -2.53609e-06 9.23063e-06 -1.9762e-06 -0.000497261 7.27068e-06 -2.86232e-06 5.21778e-05 2.753e-05 9.7701e-06 -0.000674461 -0.000151314 -0.000515004 -6.31468e-05 0.000517027 -0.000205454 -6.83072e-05 0.00020228 8.42403e-06 0.00122083 -0.000489531 -0.000691344 -0.00121739 0.0004945 -0.00016294 3.46011e-05 -0.000130001 0.000100367 -0.000260998
internal_weight=1979 1959 1937 1892 1867 45 1847 1819 1327 1306 1285 45 492 96 396 78 318 248 151 120 55 97 70 46 50 59 1240 354 886 329
internal_count=1979 1959 1937 1892 1867 45 1847 1819 1327 1306 1285 45 492 96 396 78 318 248 151 120 55 97 70 46 50 59 1240 354 886 329
is_linear=0
shrinkage=0.03


Tree=208
num_leaves=31
num_cat=0
split_feature=5 1 6 5 4 4 1 4 6 6 4 0 5 0 1 1 4 2 9 1 9 2 5 6 9 5 2 5 5 4
split_gain=0.0103278 0.0190217 0.0176862 0.0115948 0.0549452 0.0465173 0.0172758 0.0511459 0.0237213 0.0177592 0.0184348 0.0148613 0.0161136 0.0218893 0.0189078 0.0320403 0.0354336 0.013841 0.0158369 0.0141035 0.0127864 0.0323665 0.0521102 0.0336918 0.0318524 0.0545546 0.03315 0.0438474 0.10394 0.0698425
threshold=0.48243215995500294 0.22065823473412219 77.762128325508613 0.29341391481563567 0.15484795994745651 0.13360744114703929 -0.10152449255941552 -0.098905246456421833 23.734910376783322 31.570638202749532 -0.03714778048204475 0.09231323857145525 0.25548383301046113 0.059892770834106941 0.14549211493666073 0.11713872916849356 0.11635392334398499 0.23388153688786598 0.03738894669547186 0.10605109249803547 0.021271728295027995 -0.017908110361636417 -0.068255932218158663 43.409043626134078 0.019454082170045846 0.074408905101410419 0.088130884395740031 0.062598350669487837 0.081623698471484554 0.022063703327837251
decision_type=2 2 2 2 2 2 2 2 2 2 2 2 2 2 2 2 2 2 2 2 2 2 2 2 2 2 2 2 2 2
left_child=1 3 -2 4 6 -5 9 -8 -9 -1 -11 12 13 14 15 16 17 19 -19 20 21 22 -10 -24 26 -26 27 -23 -29 -30
right_child=2 -3 -4 5 -6 -7 7 8 11 10 -12 -13 -14 -15 -16 -17 -18 18 -20 -21 -22 24 23 -25 25 -27 -28 28 29 -31
leaf_value=-0.0011007092448882757 -2.2517317224160902e-05 0.00085169902042252948 -0.0010888057564651327 0.00042322753893406413 0.0013622485872151122 -0.00089389367579397827 0.0013650993556715548 -0.00093830846366472532 0.00031294679967686534 0.00036513671086266122 -0.00081879072566516697 -0.00072934645224449919 -0.00062351974966826248 0.00080110589444467965 -0.00087378370309514649 0.0010202416016495432 0.0010707154616206285 3.9178681825952872e-05 -0.00112591550153281 -0.00078191784303635354 7.7557666860619584e-05 -8.4240063717096249e-05 -0.00051245704817119979 -0.00217275933785872 -0.0016575373382343409 0.00011654863635507913 -0.00025579325334680825 0.0027288237407005257 -0.0011183124827221036 0.0010276132068023657
leaf_weight=25 42 24 21 43 27 55 25 24 28 29 20 24 34 33 21 29 28 21 21 20 1008 78 22 22 26 39 109 21 21 39
leaf_count=25 42 24 21 43 27 55 25 24 28 29 20 24 34 33 21 29 28 21 21 20 1008 78 22 22 26 39 109 21 21 39
internal_value=-1.2087e-12 1.24273e-05 -0.000377947 1.78111e-06 1.91389e-05 -0.000315973 -1.38397e-06 1.82275e-05 -1.95946e-06 -0.000450062 -0.000118099 1.17099e-05 2.26885e-05 3.65416e-05 2.02952e-05 3.25509e-05 1.34937e-05 -6.57564e-06 -0.000543368 9.1573e-06 2.03544e-05 -0.000122018 -0.000698781 -0.00134261 2.68735e-06 -0.000593086 0.000147185 0.00042344 0.000912317 0.000276539
internal_weight=1979 1916 63 1892 1794 98 1767 1693 1668 74 49 1644 1620 1586 1553 1532 1503 1475 42 1433 1413 405 72 44 333 65 268 159 81 60
internal_count=1979 1916 63 1892 1794 98 1767 1693 1668 74 49 1644 1620 1586 1553 1532 1503 1475 42 1433 1413 405 72 44 333 65 268 159 81 60
is_linear=0
shrinkage=0.03


Tree=209
num_leaves=31
num_cat=0
split_feature=0 0 9 4 4 6 2 0 8 8 8 8 0 3 0 3 0 3 3 9 3 4 4 3 8 9 1 4 4 3
split_gain=0.00985122 0.0124488 0.0138173 0.0145094 0.0441002 0.0221697 0.0132794 0.0129776 0.0131905 0.0304984 0.0287482 0.0305325 0.0539761 0.0262528 0.0230991 0.0142113 0.0390849 0.0308869 0.0262733 0.0181093 0.0161538 0.0665831 0.0837037 0.0365751 0.0306981 0.0326753 0.0300282 0.050965 0.0387527 0.037554
threshold=-0.078793212323153602 -0.063869007457190582 0.059235197089609774 -0.098905246456421833 -0.11885780319867155 23.734910376783322 0.5496430889033096 0.099350402834605847 2.5074070652001095 2.0307808652458417 1.8950853168600976 1.6599866352613899 0.025843247799472117 0.053662132779765399 -0.044608343192288284 0.065486255705470411 0.048531646405919678 0.045826998586562924 0.041148105608228243 0.027733213634492316 0.028205980954671087 0.010591661124248921 0.031697488327824493 0.026833708765756196 1.1508644476781105 0.032712336000452376 0.055306743135210341 0.02358849148046616 0.11635392334398499 0.023206320426020891
decision_type=2 2 2 2 2 2 2 2 2 2 2 2 2 2 2 2 2 2 2 2 2 2 2 2 2 2 2 2 2 2
left_child=-1 -2 3 4 -3 -5 7 8 9 10 11 14 -13 -11 -7 17 -17 18 20 -19 23 -22 -23 26 25 -24 28 -28 -16 -29
right_child=1 2 -4 5 -6 6 -8 -9 -10 13 -12 12 -14 -15 15 16 -18 19 -20 -21 21 22 24 -25 -26 -27 27 29 -30 -31
leaf_value=-0.00060410325648263096 0.00068645848121377643 -0.00041252649455730399 -0.00070172437168657771 -0.00091015919868368659 0.0015317009624725739 -0.00077317136579326212 0.00062321789807796325 -0.00074442727042229044 -0.00055482818040292008 9.7193899159522164e-05 -0.0011332536335103213 -0.00011022444685093231 0.0019460163703188301 0.0015643000351597688 3.1777178555189085e-05 -0.00034670356062373945 0.0015063711429247632 -0.0014077538222409202 0.00084297336966675869 -0.00031095058632282807 -0.0018625994864851236 0.0016913255603451813 0.00037963978213477218 0.0010682728842366486 -0.0011089769989069153 -0.0010510973786003886 -0.0017357487032528627 0.00010378482851513621 0.0012032422942754167 -0.0013022135098331741
leaf_weight=24 24 21 25 24 21 35 31 21 37 23 20 27 20 21 1129 21 20 20 34 42 21 21 51 30 35 20 22 92 26 21
leaf_count=24 24 21 25 24 21 35 31 21 37 23 20 27 20 21 1129 21 20 20 34 42 21 21 51 30 35 20 22 92 26 21
internal_value=6.24339e-13 7.4161e-06 -1.02358e-06 8.16715e-06 0.000559587 -4.25755e-06 7.55856e-06 -2.99172e-06 5.71642e-06 1.75612e-05 -2.54022e-06 1.08648e-05 0.000764772 0.000797404 -1.07411e-05 5.88514e-06 0.000557235 -8.56842e-06 1.8518e-05 -0.000664758 -5.77041e-07 -0.000297779 -3.9029e-05 3.27456e-05 -0.000381835 -2.33848e-05 8.66355e-06 -0.000414702 5.81478e-05 -0.000157507
internal_weight=1979 1955 1931 1906 42 1864 1840 1809 1788 1751 1707 1687 47 44 1640 1605 41 1564 1502 62 1468 148 127 1320 106 71 1290 135 1155 113
internal_count=1979 1955 1931 1906 42 1864 1840 1809 1788 1751 1707 1687 47 44 1640 1605 41 1564 1502 62 1468 148 127 1320 106 71 1290 135 1155 113
is_linear=0
shrinkage=0.03


Tree=210
num_leaves=31
num_cat=0
split_feature=1 1 8 7 1 1 1 3 1 2 8 7 7 8 0 9 1 3 3 7 3 8 8 9 1 1 1 9 1 9
split_gain=0.0102667 0.0149105 0.0515201 0.0274627 0.0201558 0.0169562 0.0233975 0.0291003 0.0334094 0.0149813 0.0300636 0.0383825 0.054176 0.0357978 0.0692932 0.0400444 0.0356987 0.022911 0.0330723 0.0223021 0.0195868 0.0174599 0.020845 0.0404394 0.0222815 0.0227875 0.0398058 0.0301688 0.12049 0.0334234
threshold=0.28185092619817714 0.1682105263157895 1.5292686459800879 -0.12419877138988482 0.14549211493666073 0.12860944483650907 0.10605109249803547 0.052714158919926486 0.11460824167065199 0.17888274023508502 0.41541855609394568 0.049189296355432795 -0.014243050889736207 1.1568341520818446 0.023233322837479257 0.034529509676496574 -0.006999773410659548 0.060125714037574059 0.051845029729737042 -0.26917326658389884 0.023952971890598865 1.6960607036869986 1.5163780079482234 0.025062074103278358 0.09358468932587817 0.075298867239792192 0.069267913850507137 0.024318107562826034 -0.063537939260482609 0.039878017894946986
decision_type=2 2 2 2 2 2 2 2 2 2 2 2 2 2 2 2 2 2 2 2 2 2 2 2 2 2 2 2 2 2
left_child=1 4 3 -3 5 6 9 8 -8 17 -11 12 16 15 -15 -13 -12 18 21 -18 -21 22 24 -24 25 26 27 28 -1 -29
right_child=-2 2 -4 -5 -6 -7 7 -9 -10 10 11 13 -14 14 -16 -17 19 -19 -20 20 -22 -23 23 -25 -26 -27 -28 29 -30 -31
leaf_value=0.0021682920712977646 -0.00067626478485180994 0.00049187430402246085 0.0015636209351214347 -0.00098679259931668635 -0.00079383502890966059 0.00085084680268274876 -0.00089109281344073156 -0.0012935525996519053 0.00080114216460580275 -0.00089683357486501332 0.0014515848000250431 6.7501673523414249e-05 0.00205150385653334 -0.00047247542299114036 0.0018072150221892765 -0.0014775748548205368 0.00075472471145489675 -0.0010059508129156062 0.0012036332550924272 0.00020233579565191994 -0.00092802498521367936 -0.00043677495568333359 -0.0002251450514734682 0.0015957146264346583 0.00088601691240910432 -0.00065806499969981163 0.0012536917449059812 -0.00029789823980270119 3.5635618454320647e-05 0.00016122860226731525
leaf_weight=25 20 26 24 20 29 21 21 28 21 20 23 36 21 28 21 26 33 21 20 37 22 87 23 21 24 51 22 492 515 201
leaf_count=25 20 26 24 20 29 21 21 28 21 20 23 36 21 28 21 26 33 21 20 37 22 87 23 21 24 51 22 492 515 201
internal_value=1.2939e-12 6.90418e-06 0.000436854 -0.000151024 -9.02831e-06 3.20792e-06 -6.47148e-06 -0.000544406 -4.49753e-05 1.48148e-05 0.000221882 0.000312466 0.000650322 -0.000101484 0.000504535 -0.000580434 0.000394454 -2.19941e-05 -8.04194e-06 0.000130172 -0.000219155 -2.46289e-05 1.46772e-06 0.000643902 -1.97857e-05 -3.64314e-05 -1.11698e-05 -3.37383e-05 0.00013437 -0.000164732
internal_weight=1979 1959 70 46 1889 1860 1839 70 42 1769 267 247 136 111 49 62 115 1502 1481 92 59 1461 1374 44 1330 1306 1255 1233 540 693
internal_count=1979 1959 70 46 1889 1860 1839 70 42 1769 267 247 136 111 49 62 115 1502 1481 92 59 1461 1374 44 1330 1306 1255 1233 540 693
is_linear=0
shrinkage=0.03


Tree=211
num_leaves=31
num_cat=0
split_feature=5 1 8 8 3 1 2 4 5 4 4 8 0 8 0 8 5 8 1 7 7 5 7 8 8 0 2 3 4 4
split_gain=0.0102166 0.017068 0.0160948 0.0125786 0.0113463 0.0195043 0.0186724 0.0422707 0.0112815 0.0492616 0.0427072 0.019971 0.0131653 0.032921 0.0581975 0.077487 0.0229245 0.0230399 0.0217278 0.0178141 0.0210181 0.0394761 0.0227956 0.0214449 0.021264 0.0197622 0.0364954 0.0443511 0.0172017 0.0278799
threshold=0.48243215995500294 0.22065823473412219 1.2434150153598267 0.80585419907393996 -0.069124451844052456 -0.1175380318702665 -0.21348329331837576 -0.098905246456421833 0.29341391481563567 0.15484795994745651 0.13360744114703929 0.90294832502276401 0.09231323857145525 1.6599866352613899 0.012185841036492564 2.2380433385315679 0.25548383301046113 1.5685230447449914 0.017163794373250777 0.70883729182532595 0.57460156813867391 0.030103290378474149 0.45425375885109759 1.4613538249515241 1.3345761561387146 0.031548170063952503 -0.0055641541557034371 0.017267009416923943 0.066775159192175707 0.050464154382626865
decision_type=2 2 2 2 2 2 2 2 2 2 2 2 2 2 2 2 2 2 2 2 2 2 2 2 2 2 2 2 2 2
left_child=1 4 3 -2 5 -1 -6 -8 9 12 11 -10 13 16 18 -16 17 19 -15 20 22 -22 23 24 25 28 -27 -28 29 -9
right_child=2 -3 -4 -5 6 -7 7 8 10 -11 -12 -13 -14 14 15 -17 -18 -19 -20 -21 21 -23 -24 -25 -26 26 27 -29 -30 -31
leaf_value=0.00012969889900768582 -0.00053746141431474824 0.00080736393851111644 -0.0010305027356794611 0.00051378495572134851 -0.00087585556354107604 -0.0011348589147174998 0.0013309061342575163 7.988751730335124e-05 -0.00029015546618029473 0.0012971265888255504 -0.00085886157967086712 0.0010060562587181185 -0.00069215725015965286 0.00034204945319894856 0.002201346627646877 -9.6852735656759021e-05 -0.00084217267436906696 -0.0009914452045424176 -0.00080920802804175767 -0.00038605579745308203 0.0014689935822738334 -0.00031917873564816542 -0.00052427459394371607 0.00083601327869109801 -0.00067443902921360472 -0.0013504083707928658 0.00084227674505523136 -0.00063920691538607403 0.00034840591803391569 -0.00051265569808982454
leaf_weight=23 21 24 22 20 21 21 22 853 20 27 55 23 24 36 31 23 30 21 25 96 25 20 67 30 38 25 31 44 183 78
leaf_count=23 21 24 22 20 21 21 22 853 20 27 55 23 24 36 31 23 30 21 25 96 25 20 67 30 38 25 31 44 183 78
internal_value=-2.16864e-12 1.23601e-05 -0.000375906 -2.46583e-05 2.27553e-06 -0.00047384 1.36116e-05 2.38354e-05 7.90432e-06 2.58749e-05 -0.000305114 0.000403167 5.4441e-06 1.55543e-05 0.000505197 0.00122248 -2.09863e-05 -4.68211e-06 -0.000129777 9.22529e-06 3.64469e-05 0.00067425 1.51711e-05 4.33636e-05 2.43704e-05 4.62442e-05 -0.000357747 -2.68603e-05 8.25091e-05 3.02437e-05
internal_weight=1979 1916 63 41 1892 44 1848 1827 1805 1707 98 43 1680 1656 115 54 1541 1511 61 1490 1394 45 1349 1282 1252 1214 100 75 1114 931
internal_count=1979 1916 63 41 1892 44 1848 1827 1805 1707 98 43 1680 1656 115 54 1541 1511 61 1490 1394 45 1349 1282 1252 1214 100 75 1114 931
is_linear=0
shrinkage=0.03


Tree=212
num_leaves=31
num_cat=0
split_feature=5 1 5 4 6 6 5 5 1 7 1 2 4 4 0 1 2 5 9 5 1 1 2 6 4 5 7 2 5 5
split_gain=0.00972214 0.0311799 0.0805101 0.037028 0.0371868 0.0231452 0.019782 0.0290327 0.104661 0.025582 0.0305339 0.0189018 0.0362233 0.0348978 0.0263262 0.0242719 0.0337993 0.0173296 0.0434946 0.0214444 0.0655905 0.022323 0.0508404 0.0479468 0.0290971 0.066712 0.0305826 0.0889614 0.0319491 0.0293319
threshold=-0.077985740794959665 -0.069267908464507741 -0.12423912675938385 -0.018496906225513806 58.56032568467802 23.734910376783322 -0.062165258003855965 -0.039327018520120875 0.027166343708368682 0.29914466921751531 -0.048600770218228444 -0.13036408404323549 -0.039025493348270483 -0.033627086168460489 -1.0000000180025095e-35 -0.091084365505959317 -0.048464232073488815 -0.023113077878314178 0.023796734937602756 -0.012936649124033304 0.015285327850552701 0.01077453292218389 -0.017908110361636417 47.814142379359787 0.03738013952757769 0.10196461175352912 0.21812230565794336 0.065295293326242079 0.10314858514234783 0.036123983845847814
decision_type=2 2 2 2 2 2 2 2 2 2 2 2 2 2 2 2 2 2 2 2 2 2 2 2 2 2 2 2 2 2
left_child=1 2 -1 -3 -5 -2 -7 8 9 10 -8 -9 14 -14 15 -13 -17 18 -15 20 -19 -21 -23 -24 25 -25 29 -28 -29 -26
right_child=5 3 -4 4 -6 6 7 11 -10 -11 -12 12 13 17 -16 16 -18 19 -20 21 -22 22 23 24 26 -27 27 28 -30 -31
leaf_value=-0.00042471745982766148 -0.00096484335767024244 -0.00050015875389362917 0.0022348658293153026 0.0015892518485197797 -0.0001174891902903457 -0.00062822745476538938 0.0012644631292205303 -0.00079322849547419801 0.0023880659589277848 -0.00089773154919384971 -0.00022105620274404908 0.0011548551726154983 -0.0010231075107003562 -0.0015692990997128865 0.00139232171298936 0.00070034151019241939 -0.00081511825012663998 -0.00053287698025815183 0.00021321827712069663 0.00012838627852127448 0.0018967611151747407 -0.00099937510545450173 0.00085278599720201161 2.0698863241388765e-05 -0.0011493258353752586 -0.0012651071597210831 0.0021748490614118053 -0.00077728238205633136 0.00025074917760737719 -0.00010795997601025768
leaf_weight=20 23 64 21 20 27 45 20 28 21 21 33 20 32 22 25 26 27 20 28 544 20 55 49 92 26 60 20 33 155 382
leaf_count=20 23 64 21 20 27 45 20 28 21 21 33 20 32 22 25 26 27 20 28 544 20 55 49 92 26 60 20 33 155 382
internal_value=-2.29708e-12 0.00023053 0.000937508 -3.06066e-05 0.000608784 -1.91793e-05 -7.12257e-06 8.76698e-06 0.000518857 -1.1594e-05 0.000339517 -2.03548e-05 -7.12708e-06 -4.27606e-05 0.0005521 0.000264353 -7.16852e-05 -2.19298e-05 -0.000571089 -3.07131e-06 0.000681942 -2.2422e-05 -0.000116504 -5.70698e-05 -0.00011512 -0.000486856 -2.33935e-05 0.000272658 7.02968e-05 -0.000174322
internal_weight=1979 152 41 111 47 1827 1804 1759 95 74 53 1664 1636 1538 98 73 53 1506 50 1456 40 1416 872 817 768 152 616 208 188 408
internal_count=1979 152 41 111 47 1827 1804 1759 95 74 53 1664 1636 1538 98 73 53 1506 50 1456 40 1416 872 817 768 152 616 208 188 408
is_linear=0
shrinkage=0.03


Tree=213
num_leaves=31
num_cat=0
split_feature=6 4 0 9 5 5 7 9 0 3 5 6 4 7 7 4 3 5 2 0 0 5 2 0 6 5 3 7 7 9
split_gain=0.00990709 0.0224387 0.0264797 0.0264481 0.0105612 0.0459837 0.0359075 0.1324 0.0369001 0.0604907 0.0280457 0.0245047 0.0207472 0.0564342 0.071374 0.0425191 0.0224776 0.0202631 0.0211608 0.0363002 0.0163457 0.0485094 0.0779578 0.0628803 0.0603574 0.0418171 0.0220768 0.0631036 0.0246951 0.0548569
threshold=22.494331065759635 -0.090629358883831987 -0.040469452196585591 0.03738894669547186 -0.028935352251604648 -0.023113077878314178 -0.31845096430127651 0.024565110435235727 0.032372835018403275 0.024668684322247229 -0.042353096529794403 53.550420168067234 -0.039025493348270483 0.075236517684014195 0.38186220459304204 -0.033627086168460489 -0.024319272298297941 -0.012936649124033304 -0.054020926034701482 -0.0016168412907543448 0.010576559525167896 0.077497756255573771 0.024814440920604256 0.035208944281524886 59.608730369976051 0.058979009696924496 0.005777248102525113 -0.30330274636429888 -0.26123159640797039 0.032712336000452376
decision_type=2 2 2 2 2 2 2 2 2 2 2 2 2 2 2 2 2 2 2 2 2 2 2 2 2 2 2 2 2 2
left_child=-1 2 -2 -4 6 -6 7 -3 9 10 11 -8 13 16 -15 -14 -7 -17 19 -19 -20 23 -23 24 25 -22 27 -24 29 -28
right_child=1 4 3 -5 5 12 8 -9 -10 -11 -12 -13 15 14 -16 17 -18 18 20 -21 21 22 26 -25 -26 -27 28 -29 -30 -31
leaf_value=0.00052357570995809511 0.00025370484825385653 -0.0010234588366001844 -0.0017616612975585406 -0.00023730747797526418 -0.0013817988962612367 0.0018733230180276387 -0.00032814812781187984 0.0020880950556602328 0.0012503341797273605 -0.0016258481617842334 0.00078810068850333878 0.00056873185409131108 -0.0011644907196148716 -0.0015779874626813191 0.00089542563638782919 0.00066148381261155013 0.00053201802155893789 0.00034144866346057663 -8.5449546453818042e-05 -0.0011927858315674323 0.00033595277856576685 -0.0017752918033775956 -0.00044103653474639241 0.0019390239973346561 -0.0009060867414726609 0.0018991194572299719 -0.00034708838577249219 0.0016114465473219752 -0.00014012505191966885 0.0015863304057740606
leaf_weight=32 23 20 21 20 22 22 115 32 20 21 39 36 29 21 21 40 23 23 808 35 67 22 26 26 28 20 28 28 286 25
leaf_count=32 23 20 21 20 22 22 115 32 20 21 39 36 29 21 21 40 23 23 808 35 67 22 26 26 28 20 28 28 286 25
internal_value=-8.26569e-13 -8.60525e-06 -0.000561029 -0.00101807 1.01707e-05 -1.97097e-05 0.000179106 0.000891344 1.87754e-05 -9.79601e-05 7.09118e-05 -0.000114322 -7.19898e-07 0.000449606 -0.000341281 -2.69965e-05 0.00118777 -4.4333e-06 -2.31652e-05 -0.000584382 6.9893e-07 0.000125893 -3.7443e-05 0.000606634 0.000305398 0.000695301 5.98412e-05 0.000623214 -2.98996e-05 0.000564902
internal_weight=1979 1947 64 41 1883 1600 283 52 231 211 190 151 1578 87 42 1491 45 1462 1422 58 1364 556 415 141 115 87 393 54 339 53
internal_count=1979 1947 64 41 1883 1600 283 52 231 211 190 151 1578 87 42 1491 45 1462 1422 58 1364 556 415 141 115 87 393 54 339 53
is_linear=0
shrinkage=0.03


Tree=214
num_leaves=31
num_cat=0
split_feature=5 6 2 3 2 4 6 5 7 7 9 7 8 8 5 2 4 4 2 6 4 6 2 6 8 7 9 9 8 7
split_gain=0.00976882 0.0160019 0.0159358 0.0109535 0.0167916 0.0400938 0.0205237 0.0117097 0.0111299 0.0292904 0.0224154 0.0174225 0.0162811 0.0229238 0.0141769 0.0160802 0.0128951 0.0404754 0.0420935 0.03406 0.0371686 0.0254469 0.0406701 0.0323747 0.025101 0.0238522 0.030769 0.0471701 0.051265 0.0389797
threshold=0.48243215995500294 77.762128325508613 0.39941752928167856 -0.069124451844052456 -0.21348329331837576 -0.098905246456421833 23.734910376783322 0.0059211799615296332 -0.43033673741546813 -0.40385724677167273 0.024705498984083019 -0.47672517707968642 0.49234897446784842 0.73561514094671909 0.10196461175352912 0.013687130903316748 -0.016125575520690657 -0.0058793802101408379 -0.048464232073488815 42.735501780218456 -0.0032588388550847665 48.620624048706254 -0.0055641541557034371 50.054704595186003 0.91870870968363494 -0.28677524166079138 0.023796734937602756 0.020354765032880674 1.1677901483951307 0.66531171609330464
decision_type=2 2 2 2 2 2 2 2 2 2 2 2 2 2 2 2 2 2 2 2 2 2 2 2 2 2 2 2 2 2
left_child=2 -2 3 7 -5 -6 -7 -1 10 -10 14 12 -12 -14 15 -8 25 18 -18 -19 -21 22 -22 -23 -24 -11 27 -27 -29 -28
right_child=1 -3 -4 4 5 6 8 -9 9 16 11 -13 13 -15 -16 -17 17 19 -20 20 21 23 24 -25 -26 26 29 28 -30 -31
leaf_value=-1.9663284765556453e-05 -2.9493812471628191e-05 -0.0010437396295934116 0.00070999338869647726 -0.00083094141313007895 0.0012951985877853902 -0.00086472962400875987 -3.2362726758167677e-05 -0.0010025410770904274 0.00088808467184814312 0.00086162629287417337 0.0004361645075758653 -0.001172158674766811 -0.0012244977807858957 7.3538427427411078e-05 -0.00041109059405113968 0.0011562339272350073 -0.001833141737472033 0.0012546767309540884 -0.00029438931846379997 0.0011048331059767709 -0.0016863296536861784 0.00096821392115558518 0.00069554511609021567 -1.6444892089372266e-05 -0.00080748087493702763 -0.00022547761234818607 -0.00027319687758132745 0.0018655533871126614 -5.9299951361026609e-05 0.0007802770582125767
leaf_weight=24 42 21 29 21 22 24 21 20 36 41 21 26 24 25 21 20 20 20 80 27 21 31 20 983 20 40 188 33 20 38
leaf_count=24 42 21 29 21 22 24 21 20 36 41 21 26 24 25 21 20 20 20 80 27 21 31 20 983 20 40 188 33 20 38
internal_value=-8.30706e-13 -0.000367576 1.20863e-05 1.36061e-06 1.25286e-05 2.22503e-05 6.692e-06 -0.000466426 1.8468e-05 4.19364e-05 -0.000221861 -0.000509022 -0.000262715 -0.000562234 0.000222777 0.000547441 2.26815e-05 -2.38071e-05 -0.00060214 2.77377e-05 5.4702e-06 -2.21417e-05 -0.00061724 1.36581e-05 -5.59679e-05 0.000180484 9.29394e-05 0.000552238 0.00113919 -9.60641e-05
internal_weight=1979 63 1916 1887 1843 1822 1800 44 1776 1618 158 96 70 49 62 41 1582 1222 100 1122 1102 1075 61 1014 40 360 319 93 53 226
internal_count=1979 63 1916 1887 1843 1822 1800 44 1776 1618 158 96 70 49 62 41 1582 1222 100 1122 1102 1075 61 1014 40 360 319 93 53 226
is_linear=0
shrinkage=0.03


Tree=215
num_leaves=31
num_cat=0
split_feature=6 4 3 1 5 4 9 9 4 4 4 3 1 2 3 3 9 1 4 2 1 2 5 9 2 9 1 2 1 3
split_gain=0.00969804 0.0213212 0.0168073 0.0119452 0.0191991 0.0622889 0.0321232 0.0564279 0.0561615 0.0530135 0.0311116 0.019693 0.0176197 0.0152563 0.0130377 0.0127497 0.0415866 0.0175136 0.022303 0.0445822 0.015045 0.0136055 0.0497687 0.0435323 0.0210908 0.0399095 0.0309423 0.0439823 0.049941 0.0359248
threshold=22.494331065759635 -0.090629358883831987 -0.046086173934924028 -0.094047474906836945 0.29341391481563567 0.15484795994745651 0.045202141561819807 0.052261383887176681 0.16388638673622016 0.15484795994745651 0.13360744114703929 0.061108299595141642 -0.079207633531088381 0.047054463563002365 0.074979584331583041 0.053662132779765399 0.029623481862746975 0.12860944483650907 0.11635392334398499 0.25692975140402713 0.10505093378607812 -0.1074556475224334 -0.028935352251604648 0.036597633248879498 0.026251184425876487 0.015885605815660109 -0.037500234376464874 0.0049248202222705881 -0.023352810239287699 -0.0090388922043458924
decision_type=2 2 2 2 2 2 2 2 2 2 2 2 2 2 2 2 2 2 2 2 2 2 2 2 2 2 2 2 2 2
left_child=-1 2 -2 13 5 12 8 9 -6 -8 -9 -10 -5 -3 15 17 -17 18 19 20 21 22 23 -14 25 -23 -27 28 29 -28
right_child=1 3 -4 4 6 -7 7 10 11 -11 -12 -13 14 -15 -16 16 -18 -19 -20 -21 -22 24 -24 -25 -26 26 27 -29 -30 -31
leaf_value=0.00051802213725750336 -0.00011825288432495047 0.0010584091113626278 -0.0010982605897359983 -0.00062808634462551435 0.00010556268745858687 0.0012992766894646646 -0.00037436486408114433 0.00017526436178013681 -0.00087663731537759306 0.0016634584469203319 -0.0014268311494379303 -0.0021919967465219088 0.0018979198366287165 -1.5009014079203974e-05 -0.0007438132612151094 0.0014248142560245468 -0.00017863903307934869 -0.00083041357596150853 0.00079348543828183956 -0.0013354635475711389 0.00070170603917333577 -0.0013799064260978332 -0.00058987228665500872 5.0399998964911155e-05 8.6203124690098823e-05 -0.00055517016145972982 0.00171141936047934 -0.00056428622229335202 1.5787146890033909e-05 0.00013550688917546167
leaf_weight=32 36 22 28 39 36 34 20 20 21 27 24 20 24 26 20 24 37 22 33 22 29 23 28 22 804 107 30 90 256 23
leaf_count=32 36 22 28 39 36 34 20 20 21 27 24 20 24 26 20 24 37 22 33 22 29 23 28 22 804 107 30 90 256 23
internal_value=7.09406e-13 -8.51397e-06 -0.000547006 9.78847e-06 -2.43219e-06 2.83735e-05 -0.000308105 7.34881e-05 -0.000759079 0.0007963 -0.000698606 -0.00151828 1.91253e-06 0.000476974 1.73266e-05 2.6998e-05 0.000452228 9.85386e-06 2.22522e-05 4.79628e-06 2.53295e-05 1.13886e-05 0.00040733 0.00101432 -1.05917e-05 -0.000157705 -0.000102151 1.93358e-05 0.000189323 0.00102753
internal_weight=1979 1947 64 1883 1835 1667 168 91 77 47 44 41 1633 48 1594 1574 61 1513 1491 1458 1436 1407 74 46 1333 529 506 399 309 53
internal_count=1979 1947 64 1883 1835 1667 168 91 77 47 44 41 1633 48 1594 1574 61 1513 1491 1458 1436 1407 74 46 1333 529 506 399 309 53
is_linear=0
shrinkage=0.03


Tree=216
num_leaves=31
num_cat=0
split_feature=0 0 1 2 1 3 5 8 2 0 0 8 8 5 5 9 9 8 9 9 7 1 9 9 9 7 5 2 3 9
split_gain=0.0095686 0.0115967 0.0125886 0.0203882 0.0957617 0.0202964 0.0136194 0.052131 0.0516428 0.0378802 0.0245146 0.0245419 0.0197501 0.0124181 0.0546619 0.0287358 0.0736624 0.0529882 0.0393306 0.0531207 0.0329727 0.027135 0.0261505 0.0259812 0.0298574 0.0490523 0.0364643 0.0304266 0.0304861 0.0370803
threshold=-0.078793212323153602 -0.063869007457190582 -0.10152449255941552 -0.16349538540488959 -0.045088702147525632 -0.058083605053524605 0.29341391481563567 1.6830112327665916 0.29532921249583372 0.07086102372007487 -1.0000000180025095e-35 1.0062918475878557 1.0023530096869866 0.14661883492515207 0.1421791749058097 0.030784065261534582 0.028024148555624528 1.0837250672728123 0.046951899307722554 0.043849910196924392 0.50307395536569299 -0.0083777074030861303 0.035273543890277544 0.04852483614004393 0.040210937526493455 -0.29138165212052319 0.13345014101486311 0.18280841056504529 0.053662132779765399 0.027480254868512455
decision_type=2 2 2 2 2 2 2 2 2 2 2 2 2 2 2 2 2 2 2 2 2 2 2 2 2 2 2 2 2 2
left_child=-1 -2 5 4 -4 -3 8 9 13 10 12 -12 -8 14 23 16 21 18 19 -17 22 -15 -19 24 26 -26 27 28 29 -5
right_child=1 2 3 6 -6 -7 7 -9 -10 -11 11 -13 -14 15 -16 17 -18 20 -20 -21 -22 -23 -24 -25 25 -27 -28 -29 -30 -31
leaf_value=-0.00059537473192904143 0.0006627003681933274 0.00015316929651557334 0.0022136385887642973 0.00011331042027251255 -0.00048472980888367726 -0.00096111622533851101 0.00077938548717712466 -0.0016997400844702497 0.0013487375423742029 0.001050779898271329 -0.0012023898138265525 -7.8933498156922205e-05 -0.00041692927996020602 0.00091709692007862023 0.0012903939570418105 9.7750666732042044e-05 0.0016200522193685174 -0.0023491318468004461 0.00088574777466184909 -0.0016672837002468959 -9.7065974342902862e-05 -0.00025793142494198859 -0.00091788944374355998 -0.00056884733804942627 0.0019100682071875781 0.00011172729923368192 -0.00090203069729460883 0.0010573940294964883 0.00099476147826603012 -0.00027993040601295173
leaf_weight=24 24 28 20 695 29 31 27 20 26 23 35 35 23 20 31 57 25 20 31 21 21 153 27 65 20 43 38 26 28 313
leaf_count=24 24 28 20 695 29 31 27 20 26 23 35 35 23 20 31 57 25 20 31 21 21 153 27 65 20 43 38 26 28 313
internal_value=-5.29759e-13 7.30895e-06 -8.36777e-07 1.27618e-05 0.000616645 -0.000432303 -3.46986e-06 -0.000265148 2.22251e-05 -6.45059e-05 -0.000278269 -0.000640662 0.000229081 1.11775e-06 4.62539e-05 -0.000150419 9.78775e-05 -0.000428175 -1.81926e-05 -0.000377451 -0.00108535 -0.00012209 -0.00152693 1.48465e-05 4.74691e-05 0.000682629 1.10917e-05 4.37647e-05 1.83261e-05 -8.7971e-06
internal_weight=1979 1955 1931 1872 49 59 1823 163 1660 143 120 70 50 1634 1259 375 198 177 109 78 68 173 47 1228 1163 63 1100 1062 1036 1008
internal_count=1979 1955 1931 1872 49 59 1823 163 1660 143 120 70 50 1634 1259 375 198 177 109 78 68 173 47 1228 1163 63 1100 1062 1036 1008
is_linear=0
shrinkage=0.03


Tree=217
num_leaves=31
num_cat=0
split_feature=0 5 1 2 9 8 2 2 8 2 1 1 0 1 5 2 2 5 8 9 4 5 9 9 9 9 5 2 5 4
split_gain=0.00911212 0.0122761 0.0571418 0.0109633 0.0221226 0.0124993 0.0280285 0.0232814 0.0375706 0.0217283 0.0229952 0.0234913 0.0276064 0.0322892 0.020971 0.0402367 0.0265051 0.0174891 0.0170144 0.017245 0.0141173 0.0289939 0.0369603 0.049412 0.0439135 0.0364033 0.129857 0.113446 0.0635495 0.0866926
threshold=-0.073618157063451747 -0.102800231474715 -0.060325922565033267 -0.14534120734908132 0.02857249563620776 0.56403322818522172 0.64904173866176318 -0.1074556475224334 0.87017082753187924 0.27833702518664366 0.019742759489116749 -0.020756745666892003 0.01150252212023495 -0.012390955405122582 0.4134632143734473 0.32532714082310671 0.36684808217887105 0.095772827703346844 0.49234897446784842 0.036924956441765196 -0.0054801199438463946 0.14661883492515207 0.047898669812329743 0.0447716414121564 0.042702398747072719 0.030665295716146162 0.074408905101410419 0.084123382458662813 0.0045233131453921169 0.029466225173806707
decision_type=2 2 2 2 2 2 2 2 2 2 2 2 2 2 2 2 2 2 2 2 2 2 2 2 2 2 2 2 2 2
left_child=-1 2 -2 4 -3 9 7 8 -7 10 11 18 13 -13 16 -16 20 -12 19 -5 -9 25 23 24 -23 -22 28 -28 29 -27
right_child=1 3 -4 5 -6 6 -8 14 -10 -11 17 12 -14 -15 15 -17 -18 -19 -20 -21 21 22 -24 -25 -26 26 27 -29 -30 -31
leaf_value=-0.00050212988819112073 0.0017191680667123625 -0.0011569056365723638 -8.08677919782125e-05 -0.00061758426152189953 0.00012466885110673804 0.0016189296889517989 0.0011249122130019323 -0.00016222530672816628 -0.00013615471599421098 -0.0010902387419165196 -0.00018267445398536934 0.0010570345588348572 0.0011084523260773669 -0.00036522474841844726 0.00016723546689247776 -0.0014933666947763414 0.00089062406050582086 -0.0012470126889820676 -0.000921387562079222 0.00048241416265353048 4.3069103986724319e-05 -0.00020579657351747977 0.0009269309857498026 -0.0013692290868775377 0.0012107775593176485 0.0017469204380384845 0.003204307911219075 0.00069506887370953329 -0.00092105752519422153 -0.00057414143951609725
leaf_weight=32 21 22 65 23 27 21 21 347 23 22 33 20 31 51 29 24 31 24 28 29 478 317 27 31 21 28 24 50 49 30
leaf_count=32 21 22 65 23 27 21 21 347 23 22 33 20 31 51 29 24 31 24 28 29 478 317 27 31 21 28 24 50 49 30
internal_value=-5.2383e-13 8.25278e-06 0.000358676 -7.94087e-06 -0.000450732 4.03306e-06 3.63551e-05 2.14141e-05 0.000701499 -0.000188042 -0.000104994 5.96867e-05 0.000361532 3.54117e-05 1.277e-06 -0.000584735 2.29509e-05 -0.000630817 -0.000325166 -4.1236e-06 3.76551e-06 5.83615e-05 -0.000144521 -0.000222919 -0.000117785 0.000180276 0.000542622 0.00150888 -0.000125629 0.000546371
internal_weight=1979 1947 86 1861 49 1812 1551 1530 44 261 239 182 102 71 1486 53 1433 57 80 52 1402 1055 396 369 338 659 181 74 107 58
internal_count=1979 1947 86 1861 49 1812 1551 1530 44 261 239 182 102 71 1486 53 1433 57 80 52 1402 1055 396 369 338 659 181 74 107 58
is_linear=0
shrinkage=0.03


Tree=218
num_leaves=31
num_cat=0
split_feature=6 4 0 9 1 8 9 7 0 0 7 4 1 1 8 8 4 8 4 6 4 3 9 3 1 7 6 3 3 1
split_gain=0.00923069 0.0205094 0.0256071 0.0249757 0.0117837 0.0159049 0.0147804 0.0108162 0.032679 0.0234868 0.020828 0.0205048 0.0205341 0.0140242 0.0314899 0.0551553 0.0166305 0.0124578 0.0121588 0.0623734 0.0351895 0.0285912 0.0252471 0.0216677 0.0184723 0.0284592 0.0219395 0.0729389 0.0369235 0.0264762
threshold=22.494331065759635 -0.090629358883831987 -0.040469452196585591 0.03738894669547186 -0.094047474906836945 0.94682167303262987 0.059235197089609774 -0.43033673741546813 -0.016998124748597295 -0.0011658409617593122 -0.40385724677167273 -0.0032588388550847665 -0.0013638105228699347 0.1682105263157895 1.6459348176315156 1.1825160244916966 0.19068137225043238 0.73757251539284974 0.13685680025460237 80.482967731823933 0.12040022802883311 0.070535098361274598 0.052261383887176681 0.060125714037574059 -0.064374472538740998 -0.18708233593340526 43.953168044077145 0.025293154499284268 -0.03269278701920552 -0.048600770218228444
decision_type=2 2 2 2 2 2 2 2 2 2 2 2 2 2 2 2 2 2 2 2 2 2 2 2 2 2 2 2 2 2
left_child=-1 2 -2 -4 5 -3 7 8 -6 17 -9 -11 -13 16 15 -15 18 -10 20 -20 21 22 23 24 25 -12 27 28 -26 -30
right_child=1 4 3 -5 6 -7 -8 10 9 11 13 12 -14 14 -16 -17 -18 -19 19 -21 -22 -23 -24 -25 26 -27 -28 -29 29 -31
leaf_value=0.00050538623137981627 0.00026474939780714719 -7.9468632530834943e-06 -0.0017084921355957964 -0.00022717853166977873 -0.001364949750714004 0.0010928724839219023 -0.00081358588580042121 0.00073262246866785989 5.1842839490676006e-05 -0.0010050230030098865 -0.0014498885103967039 0.00062320668515749265 -0.00050251417359270696 -2.1099331307000124e-05 -0.00046155123878270388 0.0019709017365874553 -0.00079033029614947734 0.001047749170102179 0.001126339858970963 -0.00093428767926525321 -0.001084446997847408 0.0011350887962908018 0.00078854921102590328 -0.00098362433058874952 0.0013161554245328133 -7.4933038434080241e-05 -5.113609019777276e-05 0.0019964885911904276 0.001043169155716896 -0.00010011531044423886
leaf_weight=32 23 27 21 20 20 21 20 37 26 29 20 25 35 29 25 22 24 20 39 20 27 20 35 21 21 42 1032 20 20 206
leaf_count=32 23 27 21 20 20 21 20 37 26 29 20 25 35 29 25 22 24 20 39 20 27 20 35 21 21 42 1032 20 20 206
internal_value=-1.21782e-12 -8.3063e-06 -0.000536448 -0.0009859 9.64435e-06 0.000473662 -2.49343e-06 6.44423e-06 -0.000233223 -6.556e-05 2.88228e-05 -0.000350039 -3.34638e-05 1.27781e-05 0.000410647 0.000838195 -6.76816e-06 0.000484846 5.5795e-06 0.000427822 -1.14371e-05 8.72383e-06 -7.17405e-06 -2.73262e-05 -1.25707e-05 -0.000518467 1.15752e-05 0.000253965 0.00011287 1.06031e-06
internal_weight=1979 1947 64 41 1883 48 1835 1815 155 135 1660 89 60 1623 76 51 1547 46 1523 59 1464 1437 1417 1382 1361 62 1299 267 247 226
internal_count=1979 1947 64 41 1883 48 1835 1815 155 135 1660 89 60 1623 76 51 1547 46 1523 59 1464 1437 1417 1382 1361 62 1299 267 247 226
is_linear=0
shrinkage=0.03


Tree=219
num_leaves=31
num_cat=0
split_feature=6 4 6 9 9 9 3 0 5 9 6 6 6 5 5 1 7 3 3 3 6 3 6 4 1 9 4 5 1 9
split_gain=0.00909174 0.033936 0.0223112 0.0174047 0.0110463 0.0394397 0.0206669 0.0169585 0.0147008 0.0327633 0.0644792 0.0528862 0.0233006 0.0168389 0.0300255 0.0911388 0.0263713 0.0396531 0.0165286 0.0163836 0.0160686 0.0346803 0.0392968 0.0439205 0.0621349 0.0437416 0.032873 0.0392771 0.0370936 0.0871336
threshold=87.760212447422859 0.21753091218199852 77.994872907793734 0.028344313438426562 0.015885605815660109 0.013927235976156948 0.0073738393240467834 0.0069084834745257737 -0.077985740794959665 0.025751445073890943 33.882039470713096 40.81666666666667 23.734910376783322 -0.062165258003855965 -0.039327018520120875 0.027166343708368682 0.29914466921751531 -0.0069179580704505908 -0.046086173934924028 -0.013108776506033147 69.957627118644083 0.067040190820062864 70.93807555355464 0.13685680025460237 0.10505093378607812 0.025132997571412432 0.11476857114426543 0.24415585682128618 0.10103820498720929 0.031669268583651412
decision_type=2 2 2 2 2 2 2 2 2 2 2 2 2 2 2 2 2 2 2 2 2 2 2 2 2 2 2 2 2 2
left_child=1 4 -3 -2 5 6 -1 -7 9 10 -6 18 -10 19 15 16 17 -15 -11 -14 26 22 -22 25 -25 -24 28 -28 -16 -30
right_child=3 2 -4 -5 8 7 -8 -9 12 11 -12 -13 13 14 20 -17 -18 -19 -20 -21 21 -23 23 24 -26 -27 27 -29 29 -31
leaf_value=0.00061989535575297555 -0.00020383232343010606 -0.00012773765553720297 -0.0015122000945054673 0.0010189614426582756 0.0022002841018339881 -0.0016517283492721616 -0.00041486716268991582 -0.0004163064274471253 -0.00094415046375892736 9.7353317436169487e-05 -0.00012376014254352247 0.0011821660990624324 -0.0011964400336146354 0.0011004022962297312 -5.45276091352207e-05 0.0022957043363047496 -0.00087835718068527053 -0.00062412139069056133 -0.00097084110093419434 -2.2404985097439393e-05 0.0013683481833764485 -0.00093327295731631408 0.00033669247133989949 0.0021530231054533613 2.251319820061326e-05 -0.00063566008782641879 -0.0018300149965798482 -8.9340474660275503e-05 0.0022188875722614202 -9.3434482977582692e-05
leaf_weight=38 20 20 22 22 21 20 32 20 23 22 22 23 20 30 1120 21 20 20 32 23 28 22 105 22 28 69 20 28 22 44
leaf_count=38 20 20 22 22 21 20 32 20 23 22 22 23 20 30 1120 21 20 20 32 23 28 22 105 22 28 69 20 28 22 44
internal_value=8.47746e-13 -9.46851e-06 -0.000852932 0.000436679 9.22567e-06 -0.000282549 0.000146861 -0.00103402 2.72062e-05 0.000347899 0.00101124 -2.25366e-05 4.09318e-06 1.73755e-05 3.31299e-05 0.000562333 4.23214e-05 0.000410593 -0.000535651 -0.000568468 1.19525e-06 0.000209017 0.000308741 0.00017629 0.000959938 -4.88956e-05 -4.495e-05 -0.000814622 -1.37998e-05 0.00067734
internal_weight=1979 1937 42 42 1895 110 70 40 1785 120 43 77 1665 1642 1599 91 70 50 54 43 1508 274 252 224 50 174 1234 48 1186 66
internal_count=1979 1937 42 42 1895 110 70 40 1785 120 43 77 1665 1642 1599 91 70 50 54 43 1508 274 252 224 50 174 1234 48 1186 66
is_linear=0
shrinkage=0.03


Tree=220
num_leaves=31
num_cat=0
split_feature=6 4 3 1 5 4 8 3 2 8 7 1 8 3 3 4 1 4 2 1 8 7 1 4 3 6 5 2 6 8
split_gain=0.00891609 0.019283 0.0151186 0.0109879 0.0171451 0.0586415 0.0448356 0.0331753 0.0163841 0.0176262 0.0346601 0.0152675 0.0151516 0.0125988 0.0113402 0.0326816 0.0160992 0.0211825 0.040854 0.0134483 0.0172225 0.0411448 0.0408495 0.0331274 0.0443772 0.0342501 0.0471312 0.0448348 0.0264993 0.0226757
threshold=22.494331065759635 -0.090629358883831987 -0.046086173934924028 -0.094047474906836945 0.29341391481563567 0.15484795994745651 1.6830112327665916 0.082038314216106314 0.20424682239780137 0.99827187851368393 -0.075665726199334246 -0.079207633531088381 0.94682167303262987 0.074979584331583041 0.053662132779765399 0.10281904388994802 0.12860944483650907 0.11635392334398499 0.25692975140402713 0.10505093378607812 1.1333334250920999 -0.21933652992102312 -0.037063454324509908 0.015947824395366132 -0.022212501568605932 59.759705585221546 0.062598350669487837 0.094466604823747705 74.325308474999488 1.1076029651732502
decision_type=2 2 2 2 2 2 2 2 2 2 2 2 2 2 2 2 2 2 2 2 2 2 2 2 2 2 2 2 2 2
left_child=-1 2 -2 12 5 11 7 8 -6 -10 -11 -5 -3 14 16 -16 17 18 19 20 29 -22 -23 24 -24 26 -25 -27 -29 -13
right_child=1 3 -4 4 6 -7 -8 -9 9 10 -12 13 -14 -15 15 -17 -18 -19 -20 -21 21 22 23 25 -26 27 -28 28 -30 -31
leaf_value=0.00049669940373860296 -0.00011362534831278025 -1.2747965132196744e-05 -0.0010430992563072194 -0.00058548159879417375 -0.0010880128656175327 0.0012597649906049755 -0.0016245346278883515 0.00072729851084824828 0.00025822364016097379 -0.0014903038992945636 0.00012199557793792336 4.8295381615715527e-05 0.001061685638435717 -0.00073291176423663279 0.00094738936409927328 -0.00049869686777872797 -0.00079697834327816961 0.00077214253251440819 -0.0012794761935418302 0.00066265493441686218 -0.0011688253258848014 -0.00086614203886711035 0.0017238926856130686 -0.0017110582730267196 0.00010996890218887964 0.00094413017602034527 6.641675461212109e-05 -0.00073430794071495961 0.00037977150641381739 0.0010438207157754472
leaf_weight=32 36 27 28 39 22 34 20 33 44 21 28 1060 21 20 39 22 22 33 22 29 34 48 23 25 46 42 29 46 33 21
leaf_count=32 36 27 28 39 22 34 20 33 44 21 28 1060 21 20 39 22 22 33 22 29 34 48 23 25 46 42 29 46 33 21
internal_value=-9.88624e-13 -8.16352e-06 -0.00052027 9.24212e-06 -2.47863e-06 2.66326e-05 -0.000291338 -0.000111176 -0.000351782 -0.00017762 -0.00056899 9.58044e-07 0.000457317 1.53063e-05 2.48135e-05 0.00042585 8.64484e-06 2.0532e-05 3.52021e-06 2.31761e-05 9.9957e-06 -0.000181133 -6.61278e-05 9.1252e-05 0.000647943 -0.000128243 -0.000756488 0.00015213 -0.000268933 6.76349e-05
internal_weight=1979 1947 64 1883 1835 1667 168 148 115 93 49 1633 48 1594 1574 61 1513 1491 1458 1436 1407 326 292 244 69 175 54 121 79 1081
internal_count=1979 1947 64 1883 1835 1667 168 148 115 93 49 1633 48 1594 1574 61 1513 1491 1458 1436 1407 326 292 244 69 175 54 121 79 1081
is_linear=0
shrinkage=0.03


Tree=221
num_leaves=31
num_cat=0
split_feature=0 0 4 1 4 5 5 9 9 4 5 5 5 1 9 4 0 1 1 1 2 3 2 2 9 8 8 9 8 3
split_gain=0.00893795 0.010762 0.0123871 0.0771046 0.0128772 0.0357422 0.0700888 0.0286381 0.0426411 0.0410584 0.0441087 0.0348495 0.0250791 0.0223357 0.022081 0.0216535 0.0595337 0.0422954 0.0305506 0.041031 0.0362853 0.0333274 0.0294435 0.0444225 0.04444 0.0353862 0.0293136 0.0287583 0.0342854 0.0277937
threshold=-0.078793212323153602 -0.063869007457190582 -0.098905246456421833 -0.097919193335080354 -0.033627086168460489 -0.039327018520120875 -0.049064428871964154 0.024705498984083019 0.026444937254086965 -0.040962874832235534 -0.059932782827528945 -0.050160564623131558 0.0086901982368950987 0.036405878017786615 0.035842223953902193 -0.0058793802101408379 -0.0086129381774694407 -0.034192930319856089 -0.033397068196303441 -0.025941742890310811 -0.055455274769354183 -0.0085783431439196405 -0.0092670120135316929 0.0049248202222705881 0.024774947906508023 0.86108560267058465 1.057271743843359 0.021565422173822162 0.58523539188267859 0.012610621938018209
decision_type=2 2 2 2 2 2 2 2 2 2 2 2 2 2 2 2 2 2 2 2 2 2 2 2 2 2 2 2 2 2
left_child=-1 -2 3 -3 7 6 13 11 -9 10 -10 -4 -12 14 -6 16 17 -7 21 -20 -21 26 25 24 -24 29 -17 -18 -29 -22
right_child=1 2 4 -5 5 15 -8 8 9 -11 12 -13 -14 -15 -16 18 27 -19 19 20 22 -23 23 -25 -26 -27 -28 28 -30 -31
leaf_value=-0.00057542009104508899 0.00063842885772828588 -0.00065958175733685492 -0.00032488434284459798 0.0017755868794682265 5.1524817078773459e-05 -0.00057103142382610328 0.0016821606886911799 -0.0014730501831509172 -0.0010773011270529505 -0.0011280834924598986 0.0013017223462123762 0.00090280434029409661 8.9890181963496349e-05 -0.00066147001057218478 0.0011375648297531451 -0.00015843987562001182 -0.0016934320701032198 0.00072603261450353783 -0.0011781950333129821 0.0012716540965011518 -0.00077271417745997985 0.0014645265251398087 -1.9516470334069293e-05 -1.9284607942407296e-05 0.0018664728358651146 -0.001546981332685391 0.0010538166520284273 3.8333263041244609e-05 -0.0010078127952134711 0.00071483562793582674
leaf_weight=24 24 25 46 22 63 35 33 30 22 33 22 38 51 26 23 58 22 64 27 20 26 25 22 992 23 24 26 54 59 20
leaf_count=24 24 25 46 22 63 35 33 30 22 33 22 38 51 26 23 58 22 64 27 20 26 25 22 992 23 24 26 54 59 20
internal_value=8.4248e-13 7.06398e-06 -7.83122e-07 0.000480284 -1.27843e-05 1.73259e-05 0.000467056 -0.000217086 -0.000455042 -0.000216446 0.000100228 0.000230499 0.0004551 0.000109034 0.000341977 -2.62351e-05 -0.00029131 0.000267475 2.28761e-05 -2.247e-05 5.21815e-06 0.000502962 -1.76624e-05 2.25354e-05 0.000944434 -0.000613163 0.000216782 -0.000701085 -0.000507885 -0.000125953
internal_weight=1979 1955 1931 47 1884 1642 145 242 158 128 95 84 73 112 86 1497 234 99 1263 1154 1127 109 1107 1037 45 70 84 135 113 46
internal_count=1979 1955 1931 47 1884 1642 145 242 158 128 95 84 73 112 86 1497 234 99 1263 1154 1127 109 1107 1037 45 70 84 135 113 46
is_linear=0
shrinkage=0.03


Tree=222
num_leaves=31
num_cat=0
split_feature=6 4 8 2 6 8 4 4 5 9 4 4 0 7 6 9 9 8 6 5 9 6 6 2 2 8 9 8 8 4
split_gain=0.00866515 0.0319111 0.0275479 0.021015 0.0838314 0.0178437 0.0147519 0.0275886 0.0448725 0.0501868 0.0187362 0.0248506 0.0151598 0.0338114 0.0147049 0.012714 0.0355654 0.034593 0.0197155 0.0174729 0.0335337 0.0559415 0.0443321 0.025653 0.0241917 0.0169872 0.033086 0.0328807 0.0514347 0.075083
threshold=87.760212447422859 0.20351458381447632 1.5292686459800879 0.29532921249583372 69.957627118644083 1.2636627376898921 0.11476857114426543 0.15484795994745651 0.16945842195388885 0.038278194099707695 0.1069441885330661 0.10281904388994802 0.059892770834106941 0.3875363050136485 80.874520004954789 0.016165830739815552 0.013927235976156948 0.99537689425602649 60.198992812790301 -0.077985740794959665 0.025751445073890943 33.882039470713096 35.311302681992345 -0.16349538540488959 -0.18526021893460901 1.4557578916441498 0.03057491931743107 1.1677901483951307 1.057271743843359 0.026827860773939175
decision_type=2 2 2 2 2 2 2 2 2 2 2 2 2 2 2 2 2 2 2 2 2 2 2 2 2 2 2 2 2 2
left_child=1 3 -3 6 -5 -2 10 8 -8 -10 11 12 14 -14 15 16 18 -18 -1 20 21 -17 24 -21 -22 27 -27 28 -25 -30
right_child=5 2 -4 4 -6 -7 7 -9 9 -11 -12 -13 13 -15 -16 19 17 -19 -20 23 22 -23 -24 25 -26 26 -28 -29 29 -31
leaf_value=0.00068553987611878135 -0.00019204510641949516 -0.00021900892328024685 -0.0016076612980104983 -0.00067308391377862004 0.0015292429699828582 0.0010446672221379619 -0.0018868700204766355 0.00044048960424131818 0.00081581734713045474 -0.0011259746482595802 0.00073231021664469146 -0.0010260147627975259 -0.0002164583180066464 0.0012859354952189069 0.00071786286933347586 0.0021339501350718946 -1.7102806646700787e-05 -0.0015635280553251505 -0.00035194778098444012 -0.0010875929423491469 9.3062417581677432e-05 -5.579509946983307e-05 0.00089864018173622235 -4.3311857333363135e-05 -0.0013304710491899062 1.5872478306846461e-05 0.0010954690031940116 -0.0004551576841564383 0.0015902273024072531 -0.00016236466358267619
leaf_weight=32 21 36 20 28 35 21 20 27 23 25 32 21 28 26 25 21 23 30 34 20 21 21 28 977 22 88 36 150 44 44
leaf_count=32 21 36 20 28 35 21 20 27 23 25 32 21 28 26 25 21 23 30 34 20 21 21 28 977 22 88 36 150 44 44
internal_value=-1.05168e-12 -9.24371e-06 -0.000714956 1.17663e-05 0.000550431 0.000426311 -6.90026e-06 -0.000370839 -0.000692985 -0.000195533 1.3166e-05 -4.42846e-07 1.24536e-05 0.000506916 -4.06933e-06 -1.54133e-05 -0.000313682 -0.000892438 0.000151077 8.69942e-06 0.000367143 0.00103908 -3.03398e-05 -2.11049e-05 -0.000635257 -5.17529e-06 0.000329304 -3.93114e-05 1.92585e-05 0.000713931
internal_weight=1979 1937 56 1881 63 42 1818 95 68 48 1723 1691 1670 54 1616 1591 119 53 66 1472 113 42 71 1359 43 1339 124 1215 1065 88
internal_count=1979 1937 56 1881 63 42 1818 95 68 48 1723 1691 1670 54 1616 1591 119 53 66 1472 113 42 71 1359 43 1339 124 1215 1065 88
is_linear=0
shrinkage=0.03


Tree=223
num_leaves=31
num_cat=0
split_feature=0 5 1 6 8 7 6 6 1 9 7 5 5 9 1 1 9 1 8 3 5 9 3 3 9 5 1 6 7 6
split_gain=0.00866972 0.0112272 0.0526643 0.01454 0.0101213 0.0242011 0.0355767 0.0335346 0.0223892 0.0178531 0.0164595 0.0189874 0.0505507 0.0211684 0.0174011 0.0392152 0.0287939 0.0369156 0.042383 0.0689216 0.031801 0.196384 0.0281238 0.0253429 0.0780291 0.0900979 0.0334556 0.0278515 0.0242314 0.0210946
threshold=-0.073618157063451747 -0.102800231474715 -0.060325922565033267 22.494331065759635 0.5800432010685278 0.042922837845549851 49.147699757869262 46.217603245730899 0.01077453292218389 0.034529509676496574 -0.52761097272836999 -0.055994623415200388 -0.046822489201528088 0.020481185644673532 0.01077453292218389 0.012621427455880021 0.052261383887176681 0.1682105263157895 1.6459348176315156 0.065486255705470411 -0.0076511548679516475 0.024446188169023771 0.025293154499284268 -0.0025969196774014431 0.031971633523351438 0.074408905101410419 -0.017857142857142846 51.610545180154688 1.7608062466401706 60.198992812790301
decision_type=2 2 2 2 2 2 2 2 2 2 2 2 2 2 2 2 2 2 2 2 2 2 2 2 2 2 2 2 2 2
left_child=-1 2 -2 -3 5 6 7 8 9 -5 -6 13 -13 -12 22 -16 17 20 19 -19 21 -17 23 -14 25 27 -26 -25 -22 -27
right_child=1 3 -4 4 10 -7 -8 -9 -10 -11 11 12 14 -15 15 16 -18 18 -20 -21 28 -23 -24 24 26 29 -28 -29 -30 -31
leaf_value=-0.00048978890612488607 0.0016492712411231227 -0.0007570538880384487 -7.8803364608365185e-05 -0.00065749195842620197 -0.0005532941947292005 -0.00078373245847847392 -0.00036044059586551368 0.0013845653258992925 0.00094001614621707372 0.00035574269621002744 0.00042171266726218163 0.0012382472748868167 9.1338564035135707e-05 -0.00057838970373995824 -0.0012852341268444433 -0.00096505205983703484 -0.0007306476606248432 8.2593619823455799e-05 -0.00028831385157030559 0.0025731655209674498 -0.00011790625070505249 0.0024752435287726778 -0.00091953501873649648 0.00043803973821923133 0.00082214844413101666 -0.0015290699993122622 0.002557373173753149 0.0017761173169128595 0.00085361349891172717 -0.00025534843783825634
leaf_weight=32 21 23 65 34 42 47 137 23 21 29 25 33 362 80 22 32 46 20 23 20 620 28 20 42 20 22 20 21 24 25
leaf_count=32 21 23 65 34 42 47 137 23 21 29 25 33 362 80 22 32 46 20 23 20 620 28 20 42 20 22 20 21 24 25
internal_value=-2.13674e-13 8.04995e-06 0.000343168 -7.43645e-06 1.94396e-06 -0.000160373 -4.03e-05 0.0003696 9.16923e-05 -0.000191082 3.24768e-05 4.88239e-05 7.8006e-05 -0.00034027 4.99972e-05 -3.54383e-05 -1.61848e-06 4.21043e-05 0.000737841 0.00132788 -2.01562e-05 0.000640419 0.000184092 0.000227203 0.000555089 0.000142481 0.00168976 0.000884066 -8.17005e-05 -0.000851559
internal_weight=1979 1947 86 1861 1838 291 244 107 84 63 1547 1505 1400 105 1367 835 813 767 63 40 704 60 532 512 150 110 40 63 644 47
internal_count=1979 1947 86 1861 1838 291 244 107 84 63 1547 1505 1400 105 1367 835 813 767 63 40 704 60 532 512 150 110 40 63 644 47
is_linear=0
shrinkage=0.03


Tree=224
num_leaves=31
num_cat=0
split_feature=6 4 0 9 6 3 6 3 9 9 5 8 8 6 4 2 4 3 0 0 2 6 3 8 8 5 6 4 0 3
split_gain=0.0084678 0.0185963 0.0244049 0.023365 0.00889816 0.0984981 0.0381255 0.0276488 0.0214001 0.0202919 0.018395 0.0188444 0.0175891 0.0126345 0.0135312 0.0282468 0.019318 0.010493 0.0387476 0.0281185 0.0259433 0.0203647 0.0215925 0.0192045 0.0489365 0.0503896 0.0445616 0.0497055 0.0370449 0.0174225
threshold=22.494331065759635 -0.090629358883831987 -0.040469452196585591 0.03738894669547186 40.141369047619058 0.027130760046709782 37.743304163351908 -0.03269278701920552 0.023061957626231394 0.019605093591233233 0.026667261079503349 0.89044968851846251 0.59541399847249787 41.12321471798596 -0.040962874832235534 -0.048464232073488815 -0.033627086168460489 0.016562801343367965 0.033002788460638761 0.026782054742482412 -0.020906177156177149 51.972063780140026 0.018958649670556719 1.8508703691222912 1.5385626293075576 0.23937365660558688 66.326286439584706 0.1586284293646161 0.087243588312760925 0.014472633765155842
decision_type=2 2 2 2 2 2 2 2 2 2 2 2 2 2 2 2 2 2 2 2 2 2 2 2 2 2 2 2 2 2
left_child=-1 2 -2 -4 5 6 7 -3 9 -9 11 -10 -8 -6 15 -15 -16 18 19 29 -19 -22 -23 24 28 -26 -25 -28 -24 -18
right_child=1 4 3 -5 13 -7 12 8 10 -11 -12 -13 -14 14 16 -17 17 20 -20 -21 21 22 23 26 25 -27 27 -29 -30 -31
leaf_value=0.0004840516029798891 0.00027130216015907736 0.00077039819210767736 -0.0016485410465611494 -0.00021578793208755086 -0.00072949354155835773 0.0021424985410911698 0.0013341176498215645 -0.00037471165564576431 -0.0014984873780485941 0.00082317337556742131 -0.00012372663901318915 -0.00032460626098327337 0.00022496987070377554 -0.00027450265368679538 -0.00074925369088305158 0.0013008331427616733 1.589841073068766e-05 -0.00076153622821391537 0.00097332856317370881 -0.00099413120013196014 0.00050655362566679038 -0.00075263812314785479 -0.00014924656486152996 -0.0014338685834913382 0.0019553291807381393 -0.00010362572455778718 0.00079560968402802245 -0.0010567872000815854 0.001120777100450968 0.00063552975849530033
leaf_weight=32 23 21 21 20 22 21 22 35 32 20 31 20 31 20 32 21 813 49 40 24 55 42 342 28 23 20 32 22 22 43
leaf_count=32 23 21 21 20 22 21 22 35 32 20 31 20 31 20 32 21 813 49 40 24 55 42 342 28 23 20 32 22 22 43
internal_value=-7.34747e-13 -7.95565e-06 -0.000510862 -0.000949637 9.13729e-06 0.000182682 -1.14513e-05 -0.000243725 -0.000398048 6.08829e-05 -0.00070216 -0.00104699 0.000685371 -1.53693e-05 -5.71893e-06 0.000532377 -1.96206e-05 -4.60562e-06 6.01382e-05 1.86296e-05 -9.84078e-05 -4.29585e-05 -9.98759e-05 -4.38104e-05 4.0577e-05 0.000997676 -0.00046266 4.09295e-05 -7.24869e-05 4.70248e-05
internal_weight=1979 1947 64 41 1883 233 212 159 138 55 83 52 53 1650 1628 41 1587 1555 920 880 635 586 531 489 407 43 82 54 364 856
internal_count=1979 1947 64 41 1883 233 212 159 138 55 83 52 53 1650 1628 41 1587 1555 920 880 635 586 531 489 407 43 82 54 364 856
is_linear=0
shrinkage=0.03


Tree=225
num_leaves=31
num_cat=0
split_feature=0 5 5 1 6 8 2 6 6 5 2 9 2 9 3 9 1 1 5 6 9 6 0 6 2 8 5 5 9 2
split_gain=0.00842003 0.0107948 0.0523056 0.0181797 0.0142311 0.00971333 0.0259119 0.0216582 0.0431286 0.0202291 0.035156 0.0222031 0.0907227 0.0620889 0.0634882 0.0593519 0.050336 0.0492678 0.0550813 0.0285043 0.0250552 0.0596713 0.094713 0.0366687 0.0712277 0.140849 0.0738918 0.0759834 0.0624203 0.0393605
threshold=-0.073618157063451747 -0.102800231474715 -0.11764291793541497 -0.038258208309770107 22.494331065759635 0.5800432010685278 0.64904173866176318 49.147699757869262 46.608250137661905 0.4134632143734473 0.32532714082310671 0.040462546360846639 0.29532921249583372 0.04344103780815909 0.0021964837611153647 0.035613520529957518 0.04142674450194473 -0.055829622685727658 0.1361012943321798 86.817279046673306 0.025751445073890943 41.40770764974588 -0.0034306225726727364 55.153921258938063 0.047054463563002365 0.81272988961931736 0.11320453985386238 0.14661883492515207 0.029623481862746975 0.035620261997652787
decision_type=2 2 2 2 2 2 2 2 2 2 2 2 2 2 2 2 2 2 2 2 2 2 2 2 2 2 2 2 2 2
left_child=-1 2 3 -2 -3 7 9 8 -6 11 -11 15 13 14 -13 19 17 -15 -19 20 -7 22 -22 29 25 -25 28 -28 -26 -23
right_child=1 4 -4 -5 5 6 -8 -9 -10 10 -12 12 -14 16 -16 -17 -18 18 -20 -21 21 23 -24 24 26 -27 27 -29 -30 -31
leaf_value=-0.00048268439953972117 -0.00082076102960854764 -0.00074886379925453138 0.0015984348910437387 0.00025610320708480241 -0.00010189187444232961 -3.6253366865187927e-05 0.0010785688393350158 -0.00038473818819944071 0.0014158525569364427 0.00014459810669309106 -0.0014076254866085946 -0.00017769329133443534 0.0018182475319612891 -0.00065603540677469793 0.0021109263342805207 -0.00073268620676734768 -0.00094635055507145201 -7.9520447422207015e-05 0.0016946003552792328 -0.0010750044125597924 7.3279639579017041e-05 -0.00088214838821119791 0.0024943559093830677 -0.00029705722615207459 0.00063530660723336036 0.0030976472665894435 0.0018971582247306487 9.7775345874623855e-05 -0.0013789730349866051 0.00030775386078113855
leaf_weight=32 21 23 22 43 107 732 21 164 20 29 24 20 31 39 24 95 54 36 28 20 33 58 26 22 20 22 27 97 45 44
leaf_count=32 21 23 22 43 107 732 21 164 20 29 24 20 31 39 24 95 54 36 28 20 33 58 26 22 20 22 27 97 45 44
internal_value=2.47779e-12 7.93318e-06 0.000336535 -9.72429e-05 -7.25208e-06 2.02816e-06 3.19394e-05 -0.000156984 0.000137123 1.75362e-05 -0.000558296 3.82552e-05 0.000307637 7.46574e-05 0.00107064 -1.21047e-05 -0.000204473 0.000184473 0.000696657 4.76294e-05 6.75696e-05 0.000260459 0.00114019 0.000105521 0.000313188 0.0014003 6.01049e-05 0.000489576 -0.000759195 -0.000368857
internal_weight=1979 1947 86 64 1861 1838 1547 291 127 1526 53 1473 232 201 44 1241 157 103 64 1146 1126 394 59 335 233 44 189 124 65 102
internal_count=1979 1947 86 64 1861 1838 1547 291 127 1526 53 1473 232 201 44 1241 157 103 64 1146 1126 394 59 335 233 44 189 124 65 102
is_linear=0
shrinkage=0.03


Tree=226
num_leaves=31
num_cat=0
split_feature=7 9 1 6 7 6 4 8 0 6 4 3 8 3 3 1 1 0 9 6 3 4 4 3 3 1 8 6 6 3
split_gain=0.00864326 0.0357599 0.0516066 0.0317615 0.0185739 0.0163063 0.0153455 0.0171034 0.0389253 0.0565105 0.044834 0.0226959 0.0844161 0.0234293 0.0239624 0.0221653 0.0201258 0.0141361 0.0133508 0.0128634 0.0111363 0.056398 0.0896215 0.0385774 0.028959 0.0307616 0.0269266 0.0205276 0.0158133 0.0338675
threshold=0.98471158500994593 0.044242982010957589 0.095297539117234834 45.552842692710151 0.89888400601532314 22.494331065759635 0.28689836098073257 1.6234995665323932 -0.003796867679271509 66.326286439584706 0.027500952192358156 0.065486255705470411 1.1448669320877309 0.045826998586562924 0.041148105608228243 0.14549211493666073 0.10103820498720929 -0.066953371071121801 0.023706624567372131 75.036231884057983 0.028205980954671087 0.010591661124248921 0.031697488327824493 0.026833708765756196 0.023952971890598865 0.063385399264951583 1.0603026664631681 80.874520004954789 37.743304163351908 -0.037872526496387109
decision_type=2 2 2 2 2 2 2 2 2 2 2 2 2 2 2 2 2 2 2 2 2 2 2 2 2 2 2 2 2 2
left_child=4 2 3 -2 5 -1 7 11 10 -10 -9 13 -13 14 15 17 -15 -7 -5 -11 23 -22 -23 24 27 -26 -24 28 29 -19
right_child=1 -3 -4 18 -6 6 -8 8 9 19 -12 12 -14 16 -16 -17 -18 20 -20 -21 21 22 26 -25 25 -27 -28 -29 -30 -31
leaf_value=0.00069985069008544085 -0.00092944524245103808 0.00085842274044725024 -0.0018424424544791691 0.00077753131198383355 0.00090348075010946815 0.0007829109279971038 0.00078210074938727878 -0.00015511549377921396 -0.0010359311930369585 0.001343418221673346 -0.0019734445494174473 -0.00069633143001490022 0.0018516809279099107 -0.0010558495135212849 0.00083837765899877391 -0.00092839029739084445 5.8622571034356948e-05 0.00074459847904598481 -0.0001665411302487233 0.00026745102088898421 -0.0017309540861751883 0.0018209215857787058 2.5774291134439407e-06 0.001127089519452836 -1.5715562419601432e-05 -0.0016244364660233258 -0.0010352391485745707 0.00068798449963740089 4.9653671601577466e-05 -0.00042709662654152978
leaf_weight=30 30 22 20 26 21 21 22 26 24 20 23 22 25 35 31 23 25 26 28 20 20 20 60 28 23 20 36 41 1059 152
leaf_count=30 30 22 20 26 21 21 22 26 24 20 23 22 25 35 31 23 25 26 28 20 20 20 60 28 23 20 36 41 1059 152
internal_value=1.41688e-12 -0.000240431 -0.00047288 -0.000146794 1.63488e-05 6.17967e-06 -5.36868e-06 -1.51015e-05 -0.000372276 0.000114922 -0.00100862 9.11014e-06 0.000658994 -9.74452e-06 1.26302e-05 -4.11162e-06 -0.000591486 1.00042e-05 0.000288012 0.000805435 -9.25804e-07 -0.000259666 -5.99596e-06 2.51592e-05 1.80264e-06 -0.000763958 -0.000386604 2.75677e-05 5.67834e-06 -0.00025595
internal_weight=1979 126 104 84 1853 1832 1802 1780 113 64 49 1667 47 1620 1560 1529 60 1506 54 40 1485 136 116 1349 1321 43 96 1278 1237 178
internal_count=1979 126 104 84 1853 1832 1802 1780 113 64 49 1667 47 1620 1560 1529 60 1506 54 40 1485 136 116 1349 1321 43 96 1278 1237 178
is_linear=0
shrinkage=0.03


Tree=227
num_leaves=31
num_cat=0
split_feature=1 4 1 1 1 7 3 7 7 9 2 9 0 4 2 8 0 7 7 9 9 3 3 1 1 9 9 2 8 4
split_gain=0.00826189 0.0139787 0.0110031 0.0186924 0.0137662 0.0124485 0.010842 0.0152843 0.027713 0.0196243 0.0195777 0.0182281 0.0204128 0.0192208 0.0669844 0.0507392 0.0369959 0.041955 0.0170528 0.0136372 0.0126904 0.0338935 0.104188 0.0302359 0.0294739 0.0212878 0.0185403 0.0197002 0.0755737 0.0180844
threshold=0.28185092619817714 0.26881607714569228 0.17848716748323226 0.15625484764542932 0.13991146512149169 -0.12419877138988482 0.070535098361274598 0.28285310056272966 0.26512865077145681 0.0447716414121564 0.1036673497638564 0.017258823605439611 0.0066271035083481653 -0.047041021250622532 -0.026391140919811314 1.0782382785934359 0.043705426356589146 0.91377471865165683 0.70883729182532595 0.026110614122931867 0.044242982010957589 0.005777248102525113 -0.0050099788861372443 -0.020756745666892003 -0.055829622685727658 0.050320310024247882 0.035842223953902193 -0.1074556475224334 0.72689775101397058 0.077645921188871161
decision_type=2 2 2 2 2 2 2 2 2 2 2 2 2 2 2 2 2 2 2 2 2 2 2 2 2 2 2 2 2 2
left_child=1 2 3 4 6 -4 7 8 20 11 -11 12 -9 19 15 -15 17 18 -16 -13 26 22 23 24 25 -22 27 28 -1 -23
right_child=-2 -3 5 -5 -6 -7 -8 9 -10 10 -12 13 -14 14 16 -17 -18 -19 -20 -21 21 29 -24 -25 -26 -27 -28 -29 -30 -31
leaf_value=-0.00051055757746507882 -0.00060665302095003421 0.00075814775064248928 6.7446902290352491e-05 0.00082356275841593738 -0.00078507519839331511 -0.00093271465157158668 0.00059208576904243911 -0.0010724330415541772 0.0011060755291361023 -0.00019026501104235649 -0.001296172146970639 -0.0010759453311481554 0.00014932242647046221 0.00032358450847940758 -3.1066891938743516e-05 0.002261712777195498 -0.00098281400394625959 0.00090980606155027061 -0.00083108288872088965 -0.00013010420425630669 -0.00055797472287414838 -0.00060013518493178713 0.0025342835588380696 -0.00058004341596229513 0.0014320173459021713 0.00067379420248991147 -0.00032064762794515423 5.7836687131660952e-06 0.0016016174131448591 0.00045538626012525386
leaf_weight=30 20 22 21 25 20 24 28 32 22 34 25 23 20 31 167 20 37 41 28 34 23 48 20 33 22 28 147 902 31 21
leaf_count=30 20 22 21 25 20 24 28 32 22 34 25 23 20 31 167 20 37 41 28 34 23 48 20 33 22 28 147 902 31 21
internal_value=-4.79187e-13 6.1935e-06 -2.34703e-06 8.68001e-06 -2.23165e-06 -0.000465973 6.24527e-06 -2.77262e-06 5.01785e-05 -0.00014559 -0.00065887 -7.5651e-05 -0.000602527 -3.7414e-06 8.56321e-05 0.00108363 -0.000100808 3.74727e-05 -0.000145941 -0.000511759 3.23779e-05 0.00025558 0.000548265 0.000173545 0.000514208 0.000118291 -6.83326e-06 4.10699e-05 0.000562843 -0.00027889
internal_weight=1979 1959 1937 1892 1867 45 1847 1819 1327 492 59 433 52 381 324 51 273 236 195 57 1305 195 126 106 73 51 1110 963 61 69
internal_count=1979 1959 1937 1892 1867 45 1847 1819 1327 492 59 433 52 381 324 51 273 236 195 57 1305 195 126 106 73 51 1110 963 61 69
is_linear=0
shrinkage=0.03


Tree=228
num_leaves=31
num_cat=0
split_feature=7 7 8 2 0 7 7 4 4 6 5 4 0 6 6 0 2 4 2 5 1 1 6 5 1 4 1 2 2 1
split_gain=0.008115 0.0249058 0.0351976 0.0294242 0.0180885 0.0329505 0.0206828 0.0187567 0.0435954 0.0388083 0.0485622 0.0404058 0.0275579 0.0230405 0.0157384 0.0138448 0.042573 0.0413031 0.0235821 0.016736 0.0147133 0.0133288 0.0242454 0.0128709 0.0354257 0.122169 0.0453612 0.0331577 0.0377932 0.0223623
threshold=0.98471158500994593 1.7608062466401706 1.3954176509434795 0.1242490799538173 0.052211892852115589 0.3875363050136485 -0.13440303250753052 0.12040022802883311 0.1096000251561985 69.035594035594059 0.29341391481563567 0.15484795994745651 0.0027210934723372886 77.762128325508613 22.494331065759635 -0.041912962128824387 -0.043894500169694921 -0.08379100734590765 0.26005864042055776 0.13345014101486311 -0.097919193335080354 -0.076672920575359557 47.605557803858083 0.0045233131453921169 0.051094405298589447 0.028452390335698356 -0.050604809359325591 0.026251184425876487 0.021330924747539951 -0.039721393487061434
decision_type=2 2 2 2 2 2 2 2 2 2 2 2 2 2 2 2 2 2 2 2 2 2 2 2 2 2 2 2 2 2
left_child=4 2 -2 -3 7 6 -6 8 14 -9 11 -11 -12 -14 -1 16 -16 20 21 -18 -17 22 -19 24 26 -26 -23 28 -25 -28
right_child=1 3 -4 -5 5 -7 -8 9 -10 10 12 -13 13 -15 15 17 19 18 -20 -21 -22 23 -24 27 25 -27 29 -29 -30 -31
leaf_value=0.00067801117943599824 0.00010209703659215434 -0.00027396061370382085 -0.0012455283040873001 0.0011612023101188241 0.0006336053620605291 0.0011828220906582743 -0.00038294100570817328 -0.0015304901690355369 0.0010392976648526619 -0.00019766007797443306 0.00012268218353191126 0.0016042550184231783 -0.00032923618750646712 -0.0017079446988645941 0.0014583449008996072 -0.00041089268337765876 -0.0005600467525655404 0.00028270282762368087 -0.00094166437163949006 0.00045063197869679023 -0.0015210621091578753 0.001005534303782042 -0.0010028442666835842 -0.00021079335854750402 0.0022524836982068205 -0.00063281239501666278 -0.0010143351278799986 7.4256445525426666e-05 -0.0014850014642528865 1.1962652206420899e-06
leaf_weight=30 33 36 37 20 31 33 43 21 37 24 28 21 20 24 23 22 30 23 24 29 21 40 31 235 28 25 21 690 23 276
leaf_count=30 33 36 37 20 31 33 43 21 37 24 28 21 20 24 23 22 30 23 24 29 21 40 31 235 28 25 21 690 23 276
internal_value=-7.75571e-13 -0.000232967 -0.000610219 0.000238598 1.58413e-05 0.000394471 4.29095e-05 -7.36229e-06 2.14431e-05 -0.000343008 -0.00012987 0.000643234 -0.00061306 -0.00108126 -2.52927e-06 -1.5778e-05 0.000363523 -3.70957e-05 -9.28018e-06 -6.32725e-05 -0.000953068 6.79541e-06 -0.000455296 2.54449e-05 0.000170512 0.000891495 5.71232e-05 -3.42347e-05 -0.000324386 -7.0609e-05
internal_weight=1979 126 70 56 1853 107 74 1746 1608 138 117 45 72 44 1571 1541 82 1459 1416 59 43 1392 54 1338 390 53 337 948 258 297
internal_count=1979 126 70 56 1853 107 74 1746 1608 138 117 45 72 44 1571 1541 82 1459 1416 59 43 1392 54 1338 390 53 337 948 258 297
is_linear=0
shrinkage=0.03


Tree=229
num_leaves=31
num_cat=0
split_feature=0 5 5 1 2 9 8 2 1 7 1 8 0 2 8 5 2 2 8 9 2 7 3 7 7 2 9 7 7 8
split_gain=0.00827595 0.010473 0.0592365 0.0171625 0.00964137 0.016243 0.0113156 0.0238705 0.0214212 0.0393587 0.0258363 0.0254283 0.0233396 0.0209674 0.033968 0.0170061 0.0319135 0.0214894 0.0124457 0.0390212 0.0533396 0.0277457 0.0226973 0.03057 0.0216033 0.0583536 0.0493074 0.0332079 0.0479596 0.0468097
threshold=-0.073618157063451747 -0.099455256383074661 -0.11193975241119357 -0.038258208309770107 -0.14534120734908132 0.02857249563620776 0.56403322818522172 0.64904173866176318 0.019742759489116749 -0.1295457883759715 -0.020756745666892003 0.42401687782453984 0.0094323735200849707 -0.1074556475224334 0.87017082753187924 0.4134632143734473 0.32532714082310671 0.36684808217887105 0.68094220873964306 0.017803499585492683 0.090134786379931456 -0.44342676364194833 -0.011810555810476906 -0.13440303250753052 -0.39296243683352061 0.088130884395740031 0.026897112098672359 -0.22194586380615652 -0.17873457479687074 0.71184510419275682
decision_type=2 2 2 2 2 2 2 2 2 2 2 2 2 2 2 2 2 2 2 2 2 2 2 2 2 2 2 2 2 2
left_child=-1 2 3 -2 5 -3 8 13 10 -10 -6 -12 -13 14 -8 17 -17 18 19 -15 21 -21 -23 -24 25 26 -20 -26 -29 -30
right_child=1 4 -4 -5 6 -7 7 -9 9 -11 11 12 -14 15 -16 16 -18 -19 24 20 -22 22 23 -25 27 -27 -28 28 29 -31
leaf_value=-0.00047853680072876156 -0.00079568671325788546 -0.0010788033418357372 0.0016029478094424119 0.00020442420605909414 -0.00040983717313365018 6.8230207962915296e-05 0.0015375997751419033 0.0010382454403276955 -0.00015112239733318109 -0.0017185611660326164 -0.00029598230729589416 0.00020046387890033655 0.001355041202623397 0.0013784604039265896 -0.00013121945763249759 0.00014273176178464602 -0.0013361793023068456 0.00080154371132413224 0.00027715360915118997 -0.0013086058376356958 0.00074993503826629852 0.00061052049277350302 -0.0010421087811974918 0.00013364337642997269 -0.00047183421842091549 -0.00047993278701324019 0.0020866196185512389 0.0010111712159996387 -0.001067014236200171 -3.8219477826260121e-06
leaf_weight=32 23 20 24 47 85 25 21 21 46 21 41 40 26 23 23 29 24 31 33 20 69 30 34 48 161 40 23 40 39 840
leaf_count=32 23 20 24 47 85 25 21 21 46 21 41 40 26 23 23 29 24 31 33 20 69 30 34 48 161 40 23 40 39 840
internal_value=-4.45064e-13 7.86501e-06 0.000316786 -0.000124184 -7.80611e-06 -0.000441562 2.98982e-06 3.3679e-05 -0.000180553 -0.000642409 -1.93844e-05 0.000290788 0.000655297 1.98728e-05 0.000665262 7.37277e-07 -0.000526964 2.02818e-05 2.98239e-06 0.000207932 7.3991e-05 -0.000279343 -9.55464e-05 -0.000353864 -3.60556e-05 0.000395219 0.00102033 -7.43912e-05 -4.76294e-06 -5.09943e-05
internal_weight=1979 1947 94 70 1853 45 1808 1549 259 67 192 107 66 1528 44 1484 53 1431 1400 224 201 132 112 82 1176 96 56 1080 919 879
internal_count=1979 1947 94 70 1853 45 1808 1549 259 67 192 107 66 1528 44 1484 53 1431 1400 224 201 132 112 82 1176 96 56 1080 919 879
is_linear=0
shrinkage=0.03


Tree=230
num_leaves=31
num_cat=0
split_feature=6 4 8 2 6 8 4 4 2 7 3 2 9 9 4 6 2 9 2 4 9 7 2 4 3 3 7 2 8 2
split_gain=0.00775 0.0305747 0.0242375 0.0196378 0.0744701 0.0162597 0.013763 0.0240977 0.0348183 0.0353737 0.0180208 0.0471068 0.0606328 0.0925001 0.0185657 0.0114541 0.0149948 0.0223023 0.048488 0.0440103 0.0282498 0.0242571 0.0135061 0.0460981 0.0150972 0.0485312 0.042397 0.0446888 0.0257236 0.0145249
threshold=87.760212447422859 0.20351458381447632 1.5292686459800879 0.29532921249583372 69.957627118644083 1.2636627376898921 0.11476857114426543 0.15484795994745651 0.17888274023508502 0.014343499932896632 0.041522961960855372 0.13426772468518203 0.026005649447210077 0.033928288260547522 0.092927099149486728 79.596847875742398 0.12866173508097226 0.038578895811532989 0.1509125211766518 0.047697157241795692 0.046119484292646569 -0.14680024605457162 0.11443288720961343 0.051580915307493543 0.028205980954671087 0.025062045872139675 0.44273882030920936 -0.017908110361636417 1.0296501057679115 0.090134786379931456
decision_type=2 2 2 2 2 2 2 2 2 2 2 2 2 2 2 2 2 2 2 2 2 2 2 2 2 2 2 2 2 2
left_child=1 3 -3 6 -5 -2 10 8 -8 -10 15 12 -12 -14 -13 16 22 18 21 -20 -19 -18 24 -24 25 29 27 -26 -29 -1
right_child=5 2 -4 4 -6 -7 7 -9 9 -11 11 14 13 -15 -16 -17 17 20 19 -21 -22 -23 23 -25 26 -27 -28 28 -30 -31
leaf_value=2.9630187469877115e-05 -0.00018710111288653154 -0.00023432404229727883 -0.0015368693018099292 -0.00062064140777303171 0.001455081517209432 0.00099344324066935629 -0.0015216222485581125 0.00040051171245674289 -0.0009548328867690129 0.000788417667557951 -0.0012213879474438725 0.0018171747614230428 0.0019400010567915157 -0.00043897935979705498 0.00054001891601365064 0.00050711649105053493 -0.0015855313120409847 -0.0012338826096445126 0.0014822816538988897 3.5795918916064862e-05 -0.0001702368154867806 -0.00032090542989588058 0.0011054862899562486 -0.00045872135818353854 -0.0017797842994332314 0.0014540466559784754 0.00073639256341266439 0.00033124784323116464 -0.0010487435334362088 -0.00038340411914080514
leaf_weight=998 21 36 20 28 35 21 26 27 22 20 27 21 24 38 20 37 20 38 23 107 55 43 39 30 24 21 24 31 20 83
leaf_count=998 21 36 20 28 35 21 26 27 22 20 27 21 24 38 20 37 20 38 23 107 55 43 39 30 24 21 24 31 20 83
internal_value=3.02408e-12 -8.74196e-06 -0.000699519 1.18234e-05 0.000532538 0.000403171 -6.22113e-06 -0.000357751 -0.000658826 -0.000124714 1.31609e-05 0.000352788 -3.48165e-05 0.000481916 0.00119417 -1.4555e-05 -2.69598e-05 -0.000223208 -3.93105e-05 0.000291713 -0.000604845 -0.000722374 1.72347e-05 0.000425396 -6.21501e-06 2.56655e-05 -0.000361087 -0.00071228 -0.000209925 -2.0829e-06
internal_weight=1979 1937 56 1881 63 42 1818 95 68 42 1723 130 89 62 41 1593 1556 286 193 130 93 63 1270 69 1201 1102 99 75 51 1081
internal_count=1979 1937 56 1881 63 42 1818 95 68 42 1723 130 89 62 41 1593 1556 286 193 130 93 63 1270 69 1201 1102 99 75 51 1081
is_linear=0
shrinkage=0.03


Tree=231
num_leaves=31
num_cat=0
split_feature=0 4 4 6 9 9 5 4 9 8 4 3 0 8 9 5 3 9 3 9 7 7 7 0 5 5 9 3 6 3
split_gain=0.00771324 0.0115349 0.0350165 0.0220286 0.00972493 0.0142349 0.013545 0.05581 0.0345041 0.0530921 0.0473678 0.0166732 0.0157464 0.028989 0.0928813 0.0371921 0.0192839 0.0249651 0.0204136 0.0174996 0.0452612 0.0380579 0.0346779 0.0322981 0.0321055 0.0252333 0.0588315 0.0326817 0.0403736 0.0361276
threshold=-0.073618157063451747 -0.098905246456421833 -0.11885780319867155 23.734910376783322 0.059235197089609774 0.05642859914360368 0.29341391481563567 0.15484795994745651 0.045202141561819807 0.89324000695139483 0.16388638673622016 0.061108299595141642 0.079414282656773985 1.6599866352613899 0.028024148555624528 0.10007320178922031 0.045826998586562924 0.052261383887176681 0.041148105608228243 0.027073823125737716 0.042922837845549851 0.13269376741982589 -0.014243050889736207 -0.0021045802574651269 -0.028935352251604648 0.11711141146367955 0.024446188169023771 0.027130760046709782 61.133266548722965 -0.0062053740163663376
decision_type=2 2 2 2 2 2 2 2 2 2 2 2 2 2 2 2 2 2 2 2 2 2 2 2 2 2 2 2 2 2
left_child=-1 2 -2 -3 5 6 7 12 10 -10 -8 -12 13 16 15 -15 17 18 19 25 22 -22 -21 -24 -23 27 -27 28 -5 -30
right_child=1 3 -4 4 -6 -7 8 -9 9 -11 11 -13 -14 14 -16 -17 -18 -19 -20 20 21 24 23 -25 -26 26 -28 -29 29 -31
leaf_value=-0.00046198178519262 -0.00029629187732934948 -0.00090701752691529696 0.0013447706515646793 -2.2864503019232431e-05 -0.00061937257901511404 0.00072612071857438426 8.8398418350455653e-05 0.0012506736422338606 -0.00085155514441430564 0.00091079743299633256 -0.00081250461350594247 -0.0020228179560508575 -0.00065431720118795049 -0.0007488794170925617 0.0017631332716139564 0.00060860905572018744 -0.00054323832792579191 0.00094541011406108722 0.00077695814587561216 -5.2892927220117365e-05 -0.0012773533419451928 0.00072827850002795454 0.0016558781841939144 3.0278753362257371e-05 -0.00044985557565610903 -2.0471031628108608e-05 -0.0014960120233964906 0.0010059590192619137 0.0016496279829880222 0.00033324532801025478
leaf_weight=32 25 24 22 435 22 25 36 33 25 40 21 20 32 39 35 34 60 25 29 334 44 24 22 22 157 185 28 39 24 86
leaf_count=32 25 24 22 435 22 25 36 33 25 40 21 20 32 39 35 34 60 25 29 334 44 24 22 22 157 185 28 39 24 86
internal_value=1.34458e-12 7.59292e-06 0.000471865 -3.8917e-06 7.66214e-06 1.51027e-05 5.38401e-06 2.90699e-05 -0.000276011 0.00023297 -0.00070567 -0.0014029 4.69693e-06 1.76984e-05 0.000492556 -0.000116625 -1.61752e-05 5.57435e-06 -1.08678e-05 -2.71871e-05 -0.000149126 -0.00048601 5.14e-05 0.000843078 -0.000293639 6.50703e-05 -0.000214439 0.000167015 0.00010698 0.000620456
internal_weight=1979 1947 47 1900 1876 1854 1829 1687 142 65 77 41 1654 1622 108 73 1514 1454 1429 1400 603 225 378 44 181 797 213 584 545 110
internal_count=1979 1947 47 1900 1876 1854 1829 1687 142 65 77 41 1654 1622 108 73 1514 1454 1429 1400 603 225 378 44 181 797 213 584 545 110
is_linear=0
shrinkage=0.03


Tree=232
num_leaves=31
num_cat=0
split_feature=5 2 5 4 0 0 5 1 4 6 3 6 6 6 5 6 5 4 2 7 0 4 3 1 7 1 3 1 4 4
split_gain=0.00760537 0.0174341 0.0094979 0.0359631 0.0310385 0.0506508 0.0225598 0.0146956 0.042603 0.0206988 0.0170049 0.0116456 0.0352104 0.0192982 0.020814 0.0172139 0.0444589 0.055585 0.0218366 0.0161026 0.0283518 0.018231 0.0456758 0.0392659 0.0259234 0.0257061 0.0472633 0.0397239 0.0484719 0.0419652
threshold=0.72360344009580013 0.52655660377358504 0.29341391481563567 0.15484795994745651 -1.0000000180025095e-35 0.030230295341411199 0.3862613256526744 -0.10152449255941552 -0.098905246456421833 23.734910376783322 -0.058083605053524605 32.619484302513762 31.570638202749532 35.897435897435898 -0.01046108639705484 40.141369047619058 -0.020858235975145297 -0.03714778048204475 -0.029022898858176768 1.7608062466401706 0.074452003023431704 -0.025944157517288621 -0.015269492742013112 -0.040945651956968691 -0.0069180584735872288 0.0077312963593871862 -0.0096219608441130405 -0.032463866305329707 -0.013674352897910911 -0.0058793802101408379
decision_type=2 2 2 2 2 2 2 2 2 2 2 2 2 2 2 2 2 2 2 2 2 2 2 2 2 2 2 2 2 2
left_child=1 2 3 7 -4 -6 -7 10 -9 -10 -1 12 -11 14 -13 16 17 -15 -18 20 21 22 23 -17 -24 26 -23 -28 -29 -30
right_child=-2 -3 4 -5 5 6 -8 8 9 11 -12 13 -14 15 -16 19 18 -19 -20 -21 -22 25 24 -25 -26 -27 27 28 29 -31
leaf_value=-3.2494061973032559e-05 -0.00056787829131021029 0.00077776125327755623 0.00034162745896574795 0.00099475184878842398 -0.0014516968249517958 -0.00058345553222233823 0.00077655296298741758 0.0012425281701609493 -0.00087980700132902709 -2.8926948323801511e-06 -0.00095423665393384231 -0.0011356833555536078 0.001415566229261458 1.506318524479866e-05 4.3089575662564194e-05 -0.0004129197829828818 -0.00072536608814422431 0.0022249357743255259 0.00044918840193921433 0.00062732018756351485 -0.00097843544235469621 -0.00015707337607518242 -0.0018242463056483995 0.001229317769932095 -0.00036637134201425523 -9.1814624363588973e-05 0.0013560934272921971 0.0015261623309421478 -0.0010276392480591311 0.00030179012974930139
leaf_weight=43 21 26 49 33 36 23 21 25 24 63 31 28 21 20 26 38 29 21 28 34 28 207 23 20 21 758 37 26 24 195
leaf_count=43 21 26 49 33 36 23 21 25 24 63 31 28 21 20 26 38 29 21 28 34 28 207 23 20 21 758 37 26 24 195
internal_value=1.62965e-13 6.09063e-06 -4.29418e-06 1.3498e-05 -0.000252971 -0.000617162 6.56394e-05 -4.79658e-06 1.32598e-05 -5.1314e-06 -0.000418629 7.61432e-06 0.000351722 -1.0879e-05 -0.000568126 9.06226e-06 0.000393536 0.00114695 -0.000148392 -1.76411e-05 -3.35661e-05 -1.39543e-05 -0.000399569 0.000153369 -0.00112844 1.75876e-05 0.000187172 0.000439863 0.000301494 0.000156099
internal_weight=1979 1958 1932 1803 129 80 44 1770 1696 1671 74 1647 84 1563 54 1509 98 41 57 1411 1377 1349 102 58 44 1247 489 282 245 219
internal_count=1979 1958 1932 1803 129 80 44 1770 1696 1671 74 1647 84 1563 54 1509 98 41 57 1411 1377 1349 102 58 44 1247 489 282 245 219
is_linear=0
shrinkage=0.03


Tree=233
num_leaves=31
num_cat=0
split_feature=6 4 0 9 6 3 6 3 9 9 7 8 6 4 7 4 0 3 0 0 5 7 8 7 3 3 0 7 0 9
split_gain=0.00772124 0.0169995 0.0220425 0.0230932 0.00824331 0.0901927 0.0333603 0.0252012 0.0202455 0.0193467 0.0183623 0.0164947 0.0116276 0.0131291 0.0295313 0.0168611 0.0112414 0.0101072 0.0319682 0.0353972 0.0298686 0.0239093 0.0310232 0.0280425 0.123931 0.038099 0.0279467 0.0229887 0.0209644 0.0205124
threshold=22.494331065759635 -0.090629358883831987 -0.040469452196585591 0.03738894669547186 40.141369047619058 0.027130760046709782 37.743304163351908 -0.03269278701920552 0.023061957626231394 0.019605093591233233 -0.23442920492003069 0.59541399847249787 41.12321471798596 -0.040962874832235534 -0.018246343618206536 -0.033627086168460489 -0.0092413593653862241 0.023952971890598865 0.033002788460638761 0.043705426356589146 0.032825892397653773 0.18504765824069017 1.915845702081213 0.78148138868363604 0.062313114512523311 0.057562342161102016 0.022903981264637 0.094387468902473307 0.02956083189773551 0.024318107562826034
decision_type=2 2 2 2 2 2 2 2 2 2 2 2 2 2 2 2 2 2 2 2 2 2 2 2 2 2 2 2 2 2
left_child=-1 2 -2 -4 5 6 7 -3 9 -9 -10 -8 -6 14 -14 -15 -12 18 28 -20 29 22 27 24 26 -25 -23 -22 -17 -19
right_child=1 4 3 -5 12 -7 11 8 10 -11 16 -13 13 15 -16 17 -18 20 19 -21 21 23 -24 25 -26 -27 -28 -29 -30 -31
leaf_value=0.00046222112257964909 0.00025491692247274131 0.00074093560621674571 -0.001600250223668159 -0.0001758555403794162 -0.00069992069874636148 0.0020511537717123117 0.0012700763437896966 -0.00035354306538855389 -0.0014370990384902273 0.00081610992026980966 -0.00077728045745650029 0.00019598871687306991 0.001349477256881073 -0.00070093531947350123 -0.00026127938705030831 2.9609856853089296e-05 3.4444179332889953e-05 -0.0013139808215459601 0.0015550150365183631 1.7791190184652806e-05 1.6566059991414543e-05 0.00065285644924733784 -0.0012197018112055957 0.00061666756134945899 0.0025247166597324867 -0.00081347824034501653 -0.00057929079416459671 -0.00098417194749977747 -0.00088662259726096757 -0.00031017466973073742
leaf_weight=32 23 21 21 20 22 21 22 35 21 20 34 31 20 32 21 986 28 27 26 28 203 30 24 30 23 38 37 23 23 57
leaf_count=32 23 21 21 20 22 21 22 35 21 20 34 31 20 32 21 986 28 27 26 28 203 30 24 30 23 38 37 23 23 57
internal_value=-2.63859e-13 -7.59685e-06 -0.000488426 -0.000905424 8.74572e-06 0.000175782 -9.98589e-06 -0.00022726 -0.000374594 7.17853e-05 -0.000670388 0.000641836 -1.48418e-05 -5.58401e-06 0.000524456 -1.92775e-05 -0.000410695 -5.24985e-06 4.67841e-05 0.000757936 -0.000117673 -1.16118e-05 -0.000194184 0.000277268 0.000624671 -0.000182532 -2.75831e-05 -8.5279e-05 8.72448e-06 -0.000632827
internal_weight=1979 1947 64 41 1883 233 212 159 138 55 83 53 1650 1628 41 1587 62 1555 1063 54 492 408 250 158 90 68 67 226 1009 84
internal_count=1979 1947 64 41 1883 233 212 159 138 55 83 53 1650 1628 41 1587 62 1555 1063 54 492 408 250 158 90 68 67 226 1009 84
is_linear=0
shrinkage=0.03


Tree=234
num_leaves=31
num_cat=0
split_feature=5 2 9 9 1 6 1 3 7 4 5 7 4 2 1 2 2 9 6 3 7 9 9 9 6 7 9 3 2 7
split_gain=0.00752664 0.0510591 0.0266112 0.0433254 0.0819495 0.0615151 0.067687 0.0347906 0.0342673 0.0317337 0.0498973 0.0299328 0.0283671 0.0302991 0.0346837 0.0378302 0.0267262 0.0247125 0.0234274 0.0279883 0.0628768 0.0385786 0.0326251 0.0258596 0.0234014 0.0224706 0.0282849 0.0218208 0.0215585 0.0210271
threshold=0.08915297296197934 -1.0000000180025095e-35 0.021647122449957559 0.027480254868512455 0.069267913850507137 29.512796452687173 -0.048600770218228444 0.028205980954671087 -0.3496409461541265 0.0027020551150215293 0.062598350669487837 -0.17560936327164808 0.068593875906527005 0.11883445945945938 0.06254890453834118 0.078893098428576738 -0.038093559388732205 0.024705498984083019 26.847469967236986 -0.0046567351895221423 0.42206788682001622 0.04852483614004393 0.040628441186054708 0.03207229321133117 43.690932311621971 0.36892180898236754 0.033801208460176792 -0.0021994259002652834 0.081021394997028442 -0.035339116193395019
decision_type=2 2 2 2 2 2 2 2 2 2 2 2 2 2 2 2 2 2 2 2 2 2 2 2 2 2 2 2 2 2
left_child=2 -2 7 4 5 -4 17 8 -1 -10 -11 27 13 14 15 18 24 -7 -5 21 23 22 25 -21 -13 26 29 -8 -18 -20
right_child=1 -3 3 12 -6 6 11 -9 9 10 -12 16 -14 -15 -16 -17 28 -19 19 20 -22 -23 -24 -25 -26 -27 -28 -29 -30 -31
leaf_value=-0.00098900800358558841 -0.0011385413837055429 -1.6062141891800958e-05 0.001867547634523362 -0.00085880045367118249 0.0019442534878055147 -0.00014257401094904968 0.00021837533459932143 -0.0013990861022612079 -0.00033358350261484951 1.2361925839976374e-05 0.0014311984311789273 7.1968381408900637e-05 0.00083961852943532217 0.00093455295456806203 -0.0010250388536185613 -0.0012774748296942562 -0.000435912446551291 -0.0015385521048679948 0.00053712139734998342 -0.0010814853425174739 0.0012419569583884862 -0.00051864480514022702 0.0016616537994039908 -0.00016760516997381178 0.0014750963797559961 -0.00031378483677643439 -6.7135472116725785e-06 0.0012945234544878435 0.00066004313062876456 0.0018248074262269905
leaf_weight=34 38 907 20 26 29 21 28 20 110 87 30 23 31 24 38 22 70 25 25 44 22 37 21 76 20 31 35 43 21 21
leaf_count=34 38 907 20 26 29 21 28 20 110 87 30 23 31 24 38 22 70 25 25 44 22 37 21 76 20 31 35 43 21 21
internal_value=1.12228e-13 -6.11989e-05 5.59313e-05 0.000148903 0.000428532 0.000266333 0.000138747 -0.000193205 -0.000100801 3.22346e-05 0.000376166 0.000372113 -3.62826e-05 -0.000100626 -0.000163049 -7.20611e-05 0.000108241 -0.000901258 6.39779e-06 7.84976e-05 -0.000232396 0.000338186 0.000576552 -0.000502695 0.000724586 0.000373095 0.000635976 0.000870127 -0.000183 0.00112498
internal_weight=1979 945 1034 753 300 271 251 281 261 227 117 205 453 422 398 360 134 46 338 312 142 170 133 120 43 112 81 71 91 46
internal_count=1979 945 1034 753 300 271 251 281 261 227 117 205 453 422 398 360 134 46 338 312 142 170 133 120 43 112 81 71 91 46
is_linear=0
shrinkage=0.03


Tree=235
num_leaves=31
num_cat=0
split_feature=7 2 1 4 7 6 4 8 8 6 3 3 8 3 3 1 1 3 2 2 4 7 3 8 1 8 8 6 1 7
split_gain=0.00758638 0.0232999 0.0191675 0.0377102 0.0161416 0.0145808 0.0144538 0.016018 0.0371925 0.0256025 0.0281277 0.0196972 0.0762899 0.0212581 0.0213171 0.0202717 0.0169322 0.0109278 0.0679844 0.026611 0.024785 0.0304667 0.0217176 0.0235814 0.0210534 0.0252814 0.0525543 0.0616088 0.0347647 0.033532
threshold=0.98471158500994593 0.1359824561403509 0.027166343708368682 -0.047041021250622532 0.89888400601532314 22.494331065759635 0.28689836098073257 1.6234995665323932 2.1657085105182188 69.035594035594059 -0.015269492742013112 0.065486255705470411 1.1448669320877309 0.045826998586562924 0.041148105608228243 0.14549211493666073 0.10103820498720929 0.016562801343367965 -0.085070198292082774 0.29532921249583372 0.0014911372717639761 -0.35889466910606627 0.0083190117533074055 1.4557578916441498 0.028475381773953704 1.239384729457863 1.0449841095201335 46.952767116503672 0.019317631094310398 0.31119655457430678
decision_type=2 2 2 2 2 2 2 2 2 2 2 2 2 2 2 2 2 2 2 2 2 2 2 2 2 2 2 2 2 2
left_child=4 2 3 -2 5 -1 7 11 9 10 -9 13 -13 14 15 17 -15 19 -19 22 -20 -22 23 24 25 26 28 -28 -7 -27
right_child=1 -3 -4 -5 -6 6 -8 8 -10 -11 -12 12 -14 16 -16 -17 -18 18 20 -21 21 -23 -24 -25 -26 29 27 -29 -30 -31
leaf_value=0.00066177909821271903 -0.001025538026355207 0.00039556412593044928 -0.0010790395166259258 0.00054046969111603226 0.00084232439553099021 -0.00011610715328992129 0.00075916222254322329 -0.00037517379876226187 0.00043579838015527151 -0.00010066885522312739 -0.0018985040794359518 -0.00067410923474447114 0.0017481596298515795 -0.00098872543984491893 0.00079148526889302078 -0.00088705780936162103 3.3507933025248346e-05 0.0015175716951957188 -0.001022893247639083 0.00088153608855517462 0.00067494837194681165 -0.0002680784575443384 0.00031570208067166602 0.00071095255930354265 -0.00043889757736529831 -0.0012514316519082057 -0.00046026743017137047 0.0011949000746678952 0.00082025146026066262 0.00027003159196200698
leaf_weight=30 25 38 32 31 21 586 22 20 36 33 24 22 25 35 31 23 25 21 33 34 35 259 197 37 116 32 29 67 38 22
leaf_count=30 25 38 32 31 21 586 22 20 36 33 24 22 25 35 31 23 25 21 33 34 35 259 197 37 116 32 29 67 38 22
internal_value=-5.12883e-14 -0.000225252 -0.000493331 -0.000158641 1.53166e-05 5.83674e-06 -5.0835e-06 -1.45292e-05 -0.000360185 -0.000732333 -0.00120608 8.90154e-06 0.000614332 -8.66341e-06 1.26493e-05 -3.14132e-06 -0.000562795 1.03581e-05 -0.000137056 5.46588e-05 -0.000243317 -0.000155813 2.96465e-05 -3.11442e-05 -6.19954e-05 -5.50879e-06 4.14463e-05 0.000694902 -5.90853e-05 -0.000631576
internal_weight=1979 126 88 56 1853 1832 1802 1780 113 77 44 1667 47 1620 1560 1529 60 1506 348 1158 327 294 1124 927 890 774 720 96 624 54
internal_count=1979 126 88 56 1853 1832 1802 1780 113 77 44 1667 47 1620 1560 1529 60 1506 348 1158 327 294 1124 927 890 774 720 96 624 54
is_linear=0
shrinkage=0.03


Tree=236
num_leaves=31
num_cat=0
split_feature=5 6 6 4 6 2 5 5 7 7 4 4 9 9 8 7 4 2 7 7 4 4 6 8 2 3 7 3 9 7
split_gain=0.00760786 0.0260975 0.0215238 0.0206677 0.0306648 0.0209026 0.0164126 0.0232878 0.0894537 0.0139469 0.0257286 0.055049 0.0211332 0.0193542 0.0190008 0.0163354 0.017063 0.033282 0.0387349 0.0256047 0.0168152 0.0166042 0.0154899 0.0136747 0.0156096 0.0801662 0.0353776 0.0296299 0.0462251 0.0284535
threshold=-0.077985740794959665 25.362364375183279 23.734910376783322 -0.018496906225513806 58.56032568467802 -0.16349538540488959 -0.062165258003855965 -0.046822489201528088 0.042922837845549851 -0.41270979975597899 -0.0032588388550847665 0.026446076869698357 0.023260938900790899 0.024705498984083019 0.97711025328371948 -0.39296243683352061 -0.039025493348270483 -0.12442317916002125 -0.045843059677903523 0.38186220459304204 -0.033627086168460489 -0.028696426597962007 35.897435897435898 0.41541855609394568 0.24745382294502918 0.0073738393240467834 -0.21122020596717031 -0.0096219608441130405 0.027480254868512455 -0.049422649337754247
decision_type=2 2 2 2 2 2 2 2 2 2 2 2 2 2 2 2 2 2 2 2 2 2 2 2 2 2 2 2 2 2
left_child=1 -1 -2 5 -5 -3 -4 8 -8 10 13 12 -12 -9 -13 -11 17 -17 -19 -20 -18 -22 -23 -24 27 -26 -27 28 -25 -28
right_child=2 3 6 4 -6 -7 7 9 -10 15 11 14 -14 -15 -16 16 20 18 19 -21 21 22 23 24 25 26 29 -29 -30 -31
leaf_value=0.001185732411353716 -0.00092890489279575967 0.00031112560303881765 -0.00057108215799477567 0.0014406448829686269 -0.00010921764847201606 -0.00064516341335547618 0.0017680265213863909 -0.00012441865740005264 -0.00063154360538141593 0.00073589475268298491 0.00019460868195164948 -0.00019767402580791069 0.0015737346058012918 -0.0012803155411529588 -0.0012584479984694293 -0.00071571973651381475 -0.00075182443567817757 0.0014298031498170035 -0.0004458808743642763 0.00081778574298368761 0.00071387786633360004 -0.0007355528379169602 -0.00050132981091690221 0.0001425213683724349 0.0015798068512915906 0.00094637398321468092 -0.0010720087711233645 4.928880699875268e-05 -0.00070831828150235538 1.1368567815225106e-05
leaf_weight=21 23 36 45 20 27 48 29 22 27 28 20 55 20 32 21 21 28 33 31 27 28 27 49 103 34 26 30 858 130 80
leaf_count=21 23 36 45 20 27 48 29 22 27 28 20 55 20 32 21 21 28 33 31 27 28 27 49 103 34 26 30 858 130 80
internal_value=-4.3733e-13 0.000203928 -1.69661e-05 4.65397e-05 0.000550298 -0.000235325 -5.33939e-06 9.13384e-06 0.000611091 -1.06604e-05 -0.00026847 -1.66605e-05 0.000884172 -0.000809395 -0.000490783 1.79291e-05 4.57157e-06 0.000360815 0.000609246 0.000142378 -2.40711e-05 -9.14286e-06 -2.42847e-05 -9.62493e-06 9.48176e-06 0.000276873 -4.88607e-05 -3.21832e-05 -0.000332196 -0.000284098
internal_weight=1979 152 1827 131 47 84 1804 1759 56 1703 170 116 40 54 76 1533 1505 112 91 58 1393 1365 1337 1310 1261 170 136 1091 233 110
internal_count=1979 152 1827 131 47 84 1804 1759 56 1703 170 116 40 54 76 1533 1505 112 91 58 1393 1365 1337 1310 1261 170 136 1091 233 110
is_linear=0
shrinkage=0.03


Tree=237
num_leaves=31
num_cat=0
split_feature=4 2 1 6 6 8 6 6 2 1 2 1 1 1 4 4 3 6 3 3 2 3 1 9 8 9 6 2 9 6
split_gain=0.00732075 0.0208604 0.0664611 0.0129601 0.0291814 0.0284575 0.0090339 0.0192935 0.0303967 0.0177099 0.0121871 0.0369627 0.0553911 0.0290322 0.0189975 0.0230647 0.0295437 0.0247651 0.0138189 0.0553206 0.0298009 0.0234706 0.0302118 0.0409954 0.0623089 0.0213989 0.0350906 0.0283964 0.0256637 0.0181168
threshold=-0.11077906633424033 -0.16349538540488959 -0.033397068196303441 30.505050505050509 32.619484302513762 0.78472465758571697 35.897435897435898 40.141369047619058 -0.091884476026312931 -0.023769168684422911 -0.048464232073488815 0.034977724468814204 -0.037500234376464874 -0.007830343411015071 -0.039964294011694095 -0.025944157517288621 -0.014123734475750991 43.188542227003772 -0.0096219608441130405 -0.0078033708032940732 0.22630278526504946 -0.0057340300329465901 0.0077312963593871862 0.031971633523351438 0.63502254125695612 0.022631631694580576 49.801434087148372 0.052579087346024685 0.027175250218554152 51.501623376623378
decision_type=2 2 2 2 2 2 2 2 2 2 2 2 2 2 2 2 2 2 2 2 2 2 2 2 2 2 2 2 2 2
left_child=-1 2 -2 5 -5 -3 -6 8 -8 -10 11 12 -9 -14 -12 16 -16 -17 20 -20 29 -21 23 25 -25 27 -27 -23 -28 -19
right_child=1 3 -4 4 6 -7 7 10 9 -11 14 -13 13 -15 15 17 -18 18 19 21 -22 22 -24 24 -26 26 28 -29 -30 -31
leaf_value=-0.00036597093247110019 0.0019162442487431687 0.00023702579557293037 -0.00050017448142170907 0.00090824710510787547 -0.00039158873914582832 -0.00095040833671541447 0.0014651563153602182 -0.0011212823295500129 0.00089349441873491739 -0.00016278525176458063 0.00075318827107548705 -0.0013610886395053967 0.001046127318396055 -0.0001936307257411125 7.4267333468676282e-05 0.00086400500009767712 -0.0014988701231777668 -0.00082253576902558605 0.0014659422871773132 -0.00076595193672213038 0.00060707716158012279 -0.00012766547470451577 -4.7169278305555137e-05 7.1956638660800128e-06 0.0018668522753389825 0.00073667389877221504 -0.0011973710638597946 0.0010399256751721575 7.691841158084571e-05 -0.00018191073869820685
leaf_weight=48 20 34 21 32 53 39 20 30 20 50 30 24 34 34 22 30 21 49 24 34 37 38 842 31 34 23 33 37 25 210
leaf_count=48 20 34 21 32 53 39 20 30 20 50 30 24 34 34 22 30 21 49 24 34 37 38 842 31 34 23 33 37 25 210
internal_value=8.71488e-13 9.09716e-06 0.000678566 -5.42572e-06 1.03205e-05 -0.000397357 -5.77674e-06 6.02929e-06 0.000433708 0.000139009 -1.74123e-05 -0.000305899 -4.74856e-05 0.000426248 5.74256e-06 -9.30668e-06 -0.000694009 1.10404e-05 -7.01815e-06 4.1123e-05 -0.000189337 9.95107e-06 3.47683e-05 0.000346947 0.000979939 8.31999e-05 -0.000254899 0.000448346 -0.000648108 -0.00030311
internal_weight=1979 1931 41 1890 1817 73 1785 1732 90 70 1642 122 98 68 1520 1490 43 1447 1417 1121 296 1097 1063 221 65 156 81 75 58 259
internal_count=1979 1931 41 1890 1817 73 1785 1732 90 70 1642 122 98 68 1520 1490 43 1447 1417 1121 296 1097 1063 221 65 156 81 75 58 259
is_linear=0
shrinkage=0.03


Tree=238
num_leaves=31
num_cat=0
split_feature=5 2 9 9 1 0 7 5 1 7 7 5 9 1 3 3 4 3 2 1 3 9 1 9 7 3 9 7 1 2
split_gain=0.00764089 0.0467141 0.0255624 0.0449704 0.0794633 0.041171 0.0920539 0.0392025 0.0382014 0.0375278 0.0321422 0.040865 0.0515018 0.033688 0.030947 0.0307626 0.0278863 0.0275364 0.0241083 0.0196349 0.0186412 0.0185551 0.0443045 0.033241 0.0222151 0.0183154 0.0182415 0.017279 0.0168782 0.0312587
threshold=0.08915297296197934 -1.0000000180025095e-35 0.022107731136481443 0.027480254868512455 0.074637660284796806 0.034174964438122298 0.3875363050136485 -0.080236502535498508 -0.048600770218228444 -0.17560936327164808 -0.3496409461541265 0.063416478983690863 0.019454082170045846 0.0016187908137060838 -0.0021994259002652834 0.0029539870286653396 -0.024827037776662338 0.024668684322247229 0.078893098428576738 0.063385399264951583 0.016869772471205472 0.030665295716146162 -0.046666223057014948 0.03425257119690258 0.032841771036533192 0.0066937130691693278 0.034529509676496574 0.26512865077145681 0.01077453292218389 0.034711268839817795
decision_type=2 2 2 2 2 2 2 2 2 2 2 2 2 2 2 2 2 2 2 2 2 2 2 2 2 2 2 2 2 2
left_child=2 -2 10 4 7 15 -7 -4 -9 14 13 17 -13 -1 -10 18 -17 25 21 26 27 22 -5 -23 -24 -12 -18 -11 -3 -30
right_child=1 28 3 5 -6 6 -8 8 9 20 11 12 -14 -15 -16 16 19 -19 -20 -21 -22 23 24 -25 -26 -27 -28 -29 29 -31
leaf_value=-7.389016920114955e-05 -0.0010921454880889014 0.00016377638299912322 0.0015077588091265749 0.00077533178557844256 0.0021055654319206947 -0.00031970649781156211 0.0021852166325096851 -0.00066018565540434785 0.00012682903851382436 -7.9390085734156588e-05 -0.0003210304504176392 0.0016046896944236424 -0.00040386822560685681 -0.0017942764596747501 0.0014789578748437074 -0.0013252006005495787 -0.00036826326769139419 -0.0012860510404971138 -0.00089980859735078406 -0.00088069347691323069 -0.00071451302172373171 0.0012343526614422443 -0.00017009932914515956 0.00012806408570296217 -0.0015840853476547635 0.00029027564265892249 0.00051803274115214159 0.00072656972770346318 -0.001276560172496829 -7.0369603031168732e-05
leaf_weight=20 38 304 22 23 24 31 23 40 25 62 133 27 20 21 39 28 57 20 21 35 23 30 20 132 20 66 33 39 20 583
leaf_count=20 38 304 22 23 24 31 23 40 25 62 133 27 20 21 39 28 57 20 21 35 23 30 20 132 20 66 33 39 20 583
internal_value=-8.50476e-13 -6.16616e-05 5.63541e-05 0.000153285 0.000456668 -3.0218e-05 0.000747205 0.000298374 0.000181679 0.0003608 -0.000173186 -5.26715e-05 0.000749984 -0.000955064 0.000950783 -0.000135433 -0.00046945 -0.000224931 7.23089e-05 -0.000277762 5.62922e-05 0.00016304 -0.000273826 0.000332932 -0.000877092 -0.000118286 -4.32881e-05 0.000231822 -1.84881e-05 -0.000110376
internal_weight=1979 945 1034 727 274 453 54 250 228 188 307 266 47 41 64 399 153 219 246 125 124 225 63 162 40 199 90 101 907 603
internal_count=1979 945 1034 727 274 453 54 250 228 188 307 266 47 41 64 399 153 219 246 125 124 225 63 162 40 199 90 101 907 603
is_linear=0
shrinkage=0.03


Tree=239
num_leaves=31
num_cat=0
split_feature=7 9 1 5 9 0 9 7 5 4 4 9 8 0 0 3 8 9 0 7 7 3 9 1 1 7 0 0 0 3
split_gain=0.00748613 0.0315485 0.0467648 0.028473 0.0212547 0.0160928 0.0335154 0.0480402 0.0369217 0.0185318 0.0399059 0.0369372 0.0316154 0.0658504 0.0362081 0.0161846 0.0186522 0.0424845 0.026745 0.0245087 0.0344434 0.0223032 0.020308 0.0301249 0.0746503 0.0327702 0.0230194 0.0202433 0.0359315 0.0231406
threshold=0.98471158500994593 0.044242982010957589 0.095297539117234834 0.0045233131453921169 0.023706624567372131 0.052211892852115589 0.044242982010957589 0.3875363050136485 0.32047193660994627 0.12040022802883311 0.1096000251561985 0.029623481862746975 1.6234995665323932 0.012185841036492564 -0.0068083118809409973 0.054623447607845883 1.4123790956357365 0.016165830739815552 0.031548170063952503 0.61016788782099407 0.48105347145985661 0.028205980954671087 0.052261383887176681 -0.079207633531088381 -0.070569800569800598 0.7334774152477519 -0.0058774180813264678 -0.0070990708670076166 -0.0061264474607768396 0.035755294824749935
decision_type=2 2 2 2 2 2 2 2 2 2 2 2 2 2 2 2 2 2 2 2 2 2 2 2 2 2 2 2 2 2
left_child=5 2 3 -2 -5 9 7 -7 -8 10 15 -11 13 14 -13 16 18 -18 22 20 -19 -20 23 26 -25 27 -1 -26 -29 -30
right_child=1 -3 -4 4 -6 6 8 -9 -10 11 -12 12 -14 -15 -16 -17 17 19 21 -21 -22 -23 -24 24 25 -27 -28 28 29 -31
leaf_value=-0.00021178153809159992 -0.00093419567526628567 0.00080836306468964631 -0.0017458258249098435 0.00085910644849516559 -0.00030112123838625849 0.00013496816730099347 -0.00097984217411766828 0.001888010919210501 0.00067025600051831287 -0.001467318398962644 0.00099579312398123568 0.00013817573195722485 -0.0011503039920088751 0.0011678542520487953 -0.0013566673457622528 -0.00072913239554812503 -0.0009121838125533291 0.00062740287346508628 -0.00018271634575763815 0.0014078912738477809 -0.00073954156566677343 -0.0011932873199693857 0.00058164811450599999 0.0017959289307639536 -0.00015119286082028628 -0.0010226822903911981 -0.0013471608269959687 0.0012785410030704478 3.1178725166188259e-05 0.00077422879522782756
leaf_weight=45 27 22 20 27 30 34 26 24 23 22 37 35 22 34 25 27 21 79 57 24 21 30 54 21 414 28 25 23 662 40
leaf_count=45 27 22 20 27 30 34 26 24 23 22 37 35 22 34 25 27 21 79 57 24 21 30 54 21 414 28 25 23 662 40
internal_value=-1.34881e-12 -0.000223759 -0.000442092 -0.000131679 0.00024846 1.52151e-05 0.000372347 0.000860365 -0.000205306 -6.67102e-06 2.19612e-05 -0.000340298 -0.000126553 0.000113048 -0.000484676 -9.74388e-07 1.17589e-05 0.000335641 -2.181e-05 0.000546966 0.000340345 -0.000531189 1.19674e-05 -1.24863e-05 2.31494e-05 -8.75153e-06 -0.000617274 1.61739e-05 0.000111746 7.35178e-05
internal_weight=1979 126 104 84 57 1853 107 58 49 1746 1608 138 116 94 60 1571 1544 145 1399 124 100 87 1312 1258 1188 1167 70 1139 725 702
internal_count=1979 126 104 84 57 1853 107 58 49 1746 1608 138 116 94 60 1571 1544 145 1399 124 100 87 1312 1258 1188 1167 70 1139 725 702
is_linear=0
shrinkage=0.03


Tree=240
num_leaves=31
num_cat=0
split_feature=6 4 6 2 8 0 0 8 0 2 6 5 9 9 8 6 6 4 6 8 5 4 4 5 9 9 9 9 5 6
split_gain=0.00794044 0.0291348 0.0219567 0.0160205 0.0149915 0.0100305 0.0466579 0.0635525 0.0336112 0.0223376 0.0372472 0.0356042 0.0290183 0.0428483 0.0238741 0.0234698 0.0223316 0.0223933 0.0213416 0.0784482 0.22552 0.0403205 0.0327479 0.0314724 0.0213973 0.0413483 0.114722 0.0480967 0.0488246 0.0802466
threshold=87.760212447422859 0.20351458381447632 77.762128325508613 0.39941752928167856 1.2636627376898921 -0.0080242216355749778 -0.0063068534729382999 0.88743202564852008 -0.0086129381774694407 0.078893098428576738 70.17513491497813 0.16546877641102567 0.048182875776256122 0.042891135673573992 1.3760611972334635 27.554571338184129 23.734910376783322 -0.073898087419315625 40.141369047619058 0.72164339749312767 -0.018847530210344406 -0.0058793802101408379 0.0077284880742448667 0.037926549083104229 0.027855722416644111 0.0447716414121564 0.041745198999884478 0.035842223953902193 0.10567509117407793 61.538461538461533
decision_type=2 2 2 2 2 2 2 2 2 2 2 2 2 2 2 2 2 2 2 2 2 2 2 2 2 2 2 2 2 2
left_child=1 3 -3 5 -2 8 7 -7 9 15 12 -12 13 14 -11 -1 -8 -18 19 23 -21 -20 -23 -19 -24 26 27 28 -26 -30
right_child=4 2 -4 -5 -6 6 16 -9 -10 10 11 -13 -14 -15 -16 -17 17 18 21 20 -22 22 24 -25 25 -27 -28 -29 29 -31
leaf_value=-0.00068289506822646429 -0.00015869215995605501 -6.7522140840689339e-05 -0.0012563474738673339 0.00081603706724391403 0.00097488149368603306 0.0018919915163340712 0.0010087104386184364 -0.00032219474727753546 -0.0013040232604835183 -0.00027278175858165402 0.0013802271616877987 -0.00021497007517609745 0.00025584236972711307 -0.0020171215154696255 -0.0013829448440281504 0.00013946000793097822 -0.00073881390732519008 -0.00087756463672335758 -0.00047714844499431499 0.0034381984079094683 -0.00086178097873926165 0.00060383913995700714 -0.00014556347177730898 0.00059956331371462774 -0.00010259816172589182 -0.00042354715433111779 0.0023792834021151067 -0.00073498746419896962 0.0021982061393334465 0.00028580044898371312
leaf_weight=34 21 27 29 22 21 28 20 20 20 84 20 34 33 20 22 384 36 34 148 23 21 89 427 21 99 80 23 44 28 67
leaf_count=34 21 27 29 22 21 28 20 20 20 84 20 34 33 20 22 384 36 34 148 23 21 89 427 21 99 80 23 44 28 67
internal_value=-1.38947e-13 -8.84872e-06 -0.000683164 1.12266e-05 0.000408095 1.7022e-06 5.28586e-05 0.000969414 -9.32239e-05 -5.48468e-05 -0.000304894 0.000375844 -0.000536089 -0.000743499 -0.000503193 7.25699e-05 1.49322e-05 -2.50256e-06 2.15076e-05 0.000441766 0.00138594 -1.9891e-05 5.90753e-05 -0.00031357 -4.05485e-06 0.000173142 0.000356035 0.000160511 0.000363614 0.000849457
internal_weight=1979 1937 56 1881 42 1859 1208 48 651 631 213 54 159 126 106 418 1160 1140 1104 99 44 1005 857 55 768 341 261 238 194 95
internal_count=1979 1937 56 1881 42 1859 1208 48 651 631 213 54 159 126 106 418 1160 1140 1104 99 44 1005 857 55 768 341 261 238 194 95
is_linear=0
shrinkage=0.03


Tree=241
num_leaves=31
num_cat=0
split_feature=6 4 6 2 6 2 4 4 5 3 3 2 5 7 4 6 2 2 7 3 2 2 4 6 1 5 5 1 3 3
split_gain=0.00747116 0.0274129 0.0206591 0.0156233 0.0687899 0.0142671 0.0137313 0.0206554 0.0411822 0.0206253 0.0170418 0.0425868 0.0339641 0.0282473 0.017115 0.0102142 0.0135369 0.0176744 0.0176744 0.01437 0.0122087 0.0121264 0.0422785 0.0143475 0.0143118 0.0504448 0.0532285 0.0252966 0.0323419 0.0411902
threshold=87.760212447422859 0.20351458381447632 77.762128325508613 0.29532921249583372 69.957627118644083 0.33304222004030798 0.11476857114426543 0.15484795994745651 0.16945842195388885 0.025062045872139675 0.041522961960855372 0.13426772468518203 0.077497756255573771 0.3875363050136485 0.092927099149486728 79.596847875742398 0.12866173508097226 0.13970947495020117 -0.28348965341060295 0.010110638616864011 0.18280841056504529 0.11443288720961343 0.03414523073674703 69.25488304798651 0.064754652706459984 -0.0076511548679516475 0.048823848653154263 0.044199380720278965 0.028588905783765054 0.018958649670556719
decision_type=2 2 2 2 2 2 2 2 2 2 2 2 2 2 2 2 2 2 2 2 2 2 2 2 2 2 2 2 2 2
left_child=1 3 -3 6 -5 -2 10 8 -8 -10 15 12 13 -12 -13 16 21 19 20 -18 -19 24 -23 -24 27 -26 -27 28 29 -1
right_child=5 2 -4 4 -6 -7 7 -9 9 -11 11 14 -14 -15 -16 -17 17 18 -20 -21 -22 22 23 -25 25 26 -28 -29 -30 -31
leaf_value=-7.9533530022169365e-06 -0.00015707183346551443 -6.5496442322101849e-05 -0.001218657046957905 -0.0006329866963538474 0.0013620040767293956 0.00094877552108040876 -0.0017788115098373964 0.00034568930872612527 -0.0008636503837936158 0.00038992589701794913 -0.00017929782767990424 0.0017425951907145125 -0.00078754909878956498 0.0011760567113757133 0.00051635166071355338 0.00047982950883640631 -0.0012362493395805358 -0.00011336591094732285 -0.00023384861900614432 -0.00015737444499973205 0.00086783024319447572 0.0013028371280857493 0.00033822455210611222 -0.0007845100045669823 0.0016880216337740422 -0.0013250977378338575 0.00052275213437709726 -0.00055468677784889357 -0.00083087392273591826 0.00082955682579527739
leaf_weight=940 21 27 29 28 35 21 20 27 21 27 31 21 33 25 20 37 25 21 195 20 25 28 21 20 20 20 47 78 40 56
leaf_count=940 21 27 29 28 35 21 20 27 21 27 31 21 33 25 20 37 25 21 195 20 25 28 21 20 20 20 47 78 40 56
internal_value=1.29009e-12 -8.58326e-06 -0.000662669 1.08898e-05 0.000475342 0.000395852 -5.20508e-06 -0.000356329 -0.000635072 -0.000158514 1.41546e-05 0.000344428 -2.41116e-05 0.000425771 0.00114443 -1.2798e-05 -2.45121e-05 -0.000210976 -0.000109068 -0.000756749 0.000419893 1.7479e-05 0.000404231 -0.000209451 -4.74077e-06 0.000365837 -2.88448e-05 -3.36818e-05 5.54447e-06 3.91356e-05
internal_weight=1979 1937 56 1881 63 42 1818 95 68 48 1723 130 89 56 41 1593 1556 286 241 45 46 1270 69 41 1201 87 67 1114 1036 996
internal_count=1979 1937 56 1881 63 42 1818 95 68 48 1723 130 89 56 41 1593 1556 286 241 45 46 1270 69 41 1201 87 67 1114 1036 996
is_linear=0
shrinkage=0.03


Tree=242
num_leaves=31
num_cat=0
split_feature=6 4 8 2 6 8 4 4 5 9 3 2 9 9 4 7 9 6 6 2 5 9 3 4 6 6 7 3 8 3
split_gain=0.00702962 0.0257928 0.0219581 0.0147 0.0647244 0.0143089 0.0129198 0.0194346 0.0387483 0.0449736 0.0160347 0.0400699 0.0535508 0.0843142 0.0161035 0.00994468 0.0293887 0.0137672 0.0121255 0.024919 0.0441374 0.0196089 0.0213418 0.0280893 0.0126575 0.0267089 0.0287612 0.0171057 0.0310194 0.0201224
threshold=87.760212447422859 0.20351458381447632 1.5292686459800879 0.29532921249583372 69.957627118644083 1.2636627376898921 0.11476857114426543 0.15484795994745651 0.16945842195388885 0.038278194099707695 0.041522961960855372 0.13426772468518203 0.026005649447210077 0.033928288260547522 0.092927099149486728 0.98471158500994593 0.022493690326704525 22.494331065759635 33.678839957035457 -0.1074556475224334 -0.0086542271918272889 0.02393113186432172 -0.047206031527171392 -0.08379100734590765 37.743304163351908 40.141369047619058 -0.13440303250753052 0.034453805842670666 1.1333334250920999 0.030349482922282792
decision_type=2 2 2 2 2 2 2 2 2 2 2 2 2 2 2 2 2 2 2 2 2 2 2 2 2 2 2 2 2 2
left_child=1 3 -3 6 -5 -2 10 8 -8 -10 15 12 -12 -14 -13 17 -17 -1 21 20 -20 -19 -23 -24 -21 26 -26 29 -29 -27
right_child=5 2 -4 4 -6 -7 7 -9 9 -11 11 14 13 -15 -16 16 -18 18 19 24 -22 22 23 -25 25 27 -28 28 -30 -31
leaf_value=0.00064041486475616691 -0.00016975639803734209 -0.00020000803323152162 -0.0014397943621734155 -0.00061399710331378236 0.0013211439548426174 0.00093770894005761616 -0.0017254471726046176 0.00033531864070230054 0.000803624632636733 -0.0010345506224781274 -0.0011385119359733329 0.0016903173391308102 0.001854302608699072 -0.00041697355459052087 0.00050086112099234018 0.0004603070858418225 -0.00079202635170076967 0.00034419796142835612 0.0012264951424501641 -0.0004426236220852247 -0.0005146383200772106 0.00029337427558620338 -0.0016806163962298471 -0.00038062103044537185 5.8962207351049236e-06 -1.4840420806003724e-05 0.0015777899120002984 3.6553688114508984e-05 -0.0014383651154016013 0.00066196916647618862
leaf_weight=30 21 36 20 28 35 21 20 27 23 25 27 21 24 38 20 26 48 33 38 58 20 23 21 52 22 1107 20 33 21 41
leaf_count=30 21 36 20 28 35 21 20 27 23 25 27 21 24 38 20 26 48 33 38 58 20 23 21 52 22 1107 20 33 21 41
internal_value=-2.08766e-12 -8.32577e-06 -0.000642789 1.05631e-05 0.000461081 0.000383976 -5.04893e-06 -0.000345639 -0.00061602 -0.000153758 1.373e-05 0.000334095 -2.33883e-05 0.00046223 0.00111009 -1.2414e-05 -0.000352017 4.13018e-06 -8.68953e-06 1.76768e-05 0.000626104 -0.00028666 -0.000503517 -0.000754592 -9.42677e-06 1.07705e-05 0.000754417 -1.52138e-05 -0.000537026 9.33135e-06
internal_weight=1979 1937 56 1881 63 42 1818 95 68 48 1723 130 89 62 41 1593 74 1519 1489 1360 58 129 96 73 1302 1244 42 1202 54 1148
internal_count=1979 1937 56 1881 63 42 1818 95 68 48 1723 130 89 62 41 1593 74 1519 1489 1360 58 129 96 73 1302 1244 42 1202 54 1148
is_linear=0
shrinkage=0.03


Tree=243
num_leaves=31
num_cat=0
split_feature=0 0 4 1 6 9 1 8 8 1 1 3 8 1 3 3 3 1 6 2 1 2 6 9 9 8 1 2 1 4
split_gain=0.00706685 0.00994162 0.0108664 0.0655021 0.020303 0.0117589 0.00971882 0.0324637 0.0441713 0.0159976 0.0133172 0.02108 0.0456597 0.0159761 0.0201392 0.0173111 0.0262432 0.0158783 0.0267291 0.0493895 0.0452006 0.038897 0.0650174 0.035888 0.0268448 0.0225024 0.0331326 0.037948 0.022149 0.0354998
threshold=-0.078793212323153602 -0.063869007457190582 -0.098905246456421833 -0.097919193335080354 23.734910376783322 0.059235197089609774 0.1682105263157895 1.0296501057679115 1.6459348176315156 0.14549211493666073 0.12860944483650907 0.060125714037574059 1.44834585874216 0.11460824167065199 0.052714158919926486 0.045826998586562924 0.041148105608228243 0.075298867239792192 70.17513491497813 0.23388153688786598 0.066509884416539503 0.23638833992094868 75.231814106579222 0.024774947906508023 0.052261383887176681 1.2211892619246456 0.087941507681432177 0.12221776322737356 0.046492300010511974 0.073060051354425851
decision_type=2 2 2 2 2 2 2 2 2 2 2 2 2 2 2 2 2 2 2 2 2 2 2 2 2 2 2 2 2 2
left_child=-1 -2 3 -3 -4 6 9 -8 -9 10 11 13 -13 14 15 16 17 18 19 20 24 23 -23 -20 28 26 -19 -28 29 -6
right_child=1 2 4 -5 5 -7 7 8 -10 -11 -12 12 -14 -15 -16 -17 -18 25 21 -21 -22 22 -24 -25 -26 -27 27 -29 -30 -31
leaf_value=-0.00051165721088182177 0.00061310408171266317 -0.00060129746538586915 -0.0008794874110026285 0.0016431865166735156 1.8702694274495975e-05 -0.00072482048836536696 -0.00055470685613377441 0.0014366853135553274 -0.00025479210919002074 -0.0007072073655957677 0.00075415869908673425 0.00041078055510297419 -0.0013202366580662784 0.00081650186091957778 0.0009487418197095393 -0.00063347904020562187 0.0009165864718046838 -0.00071063380322552159 0.00043814625260438331 -0.0011141767732899736 0.0014130062120966613 0.0023852904962841422 0.00021757656390863385 -0.00052859253329289556 0.00090940997867922601 -0.0010067997046280652 0.0011912544645989933 -0.00048724196340613576 -0.00053555819658168517 -0.0010117836295056248
leaf_weight=24 24 25 24 22 1022 20 26 33 24 29 21 24 32 22 20 39 28 42 96 37 20 20 33 54 27 33 27 22 78 31
leaf_count=24 24 25 24 22 1022 20 26 33 24 29 21 24 32 22 20 39 28 42 96 37 20 20 33 54 27 33 27 22 78 31
internal_value=-1.06579e-12 6.28121e-06 -1.26086e-06 0.000449312 -1.25013e-05 -1.31435e-06 6.54984e-06 0.000323774 0.000724484 -8.43569e-06 3.29138e-06 -5.94601e-06 -0.000578372 1.347e-05 2.6249e-06 -9.13541e-06 6.37377e-06 -1.01541e-05 1.83137e-05 -3.49259e-05 -1.02758e-06 0.000336965 0.00103558 9.01203e-05 -2.54496e-05 -0.000335697 -9.23305e-05 0.000437644 -4.77672e-05 -1.16345e-05
internal_weight=1979 1955 1931 47 1884 1860 1840 83 57 1757 1728 1707 56 1651 1629 1609 1570 1542 1418 1215 1178 203 53 150 1158 124 91 49 1131 1053
internal_count=1979 1955 1931 47 1884 1860 1840 83 57 1757 1728 1707 56 1651 1629 1609 1570 1542 1418 1215 1178 203 53 150 1158 124 91 49 1131 1053
is_linear=0
shrinkage=0.03


Tree=244
num_leaves=31
num_cat=0
split_feature=4 4 6 7 6 2 6 6 6 0 8 0 1 2 0 2 0 0 3 3 6 6 0 8 2 4 4 6 4 0
split_gain=0.00694685 0.0198843 0.014185 0.011229 0.0111907 0.033236 0.0515195 0.0164716 0.0144279 0.0337787 0.0506598 0.0202564 0.0110362 0.0355869 0.0232259 0.0476526 0.0337654 0.0318913 0.0253888 0.0292375 0.0202693 0.0198134 0.0293452 0.0251271 0.0354902 0.0316727 0.0417833 0.0188995 0.0184811 0.0173708
threshold=-0.11077906633424033 -0.094069000464067007 23.734910376783322 0.032841771036533192 32.619484302513762 -0.042736895509997035 30.505050505050509 35.897435897435898 40.141369047619058 -0.010123180525347162 0.72689775101397058 -0.02094030513662681 0.030466098339401507 -0.054020926034701482 0.033002788460638761 -0.0055641541557034371 0.026782054742482412 0.044779523204114387 0.027575690242251597 0.018958649670556719 79.596847875742398 48.869154101712247 0.0059612651030561689 0.71492835509546415 1.0000000180025095e-35 0.032898360249058241 0.050464154382626865 41.40770764974588 0.05720919233797251 -0.063869007457190582
decision_type=2 2 2 2 2 2 2 2 2 2 2 2 2 2 2 2 2 2 2 2 2 2 2 2 2 2 2 2 2 2
left_child=3 -2 -3 -1 5 6 -4 -6 9 11 -11 -9 14 -14 16 -16 18 -17 19 20 27 22 -15 -23 -25 -26 -27 -10 -28 -29
right_child=1 2 4 -5 7 -7 -8 8 12 10 -12 -13 13 21 15 17 -18 -19 -20 -21 -22 23 -24 24 25 26 28 29 -30 -31
leaf_value=0.00018641644741001072 0.00086699515559303104 -0.00074245766007705874 4.977398919124555e-05 -0.00074430197743432863 -0.00052434545682950148 -0.00057974374434706984 0.0019293386696205873 0.00035490972283498749 -0.00083517298628778551 0.00016678394390536207 0.0020594996244180947 -0.0009337995482409107 -0.0011304920945057629 0.001333003096726977 -0.00054201062154024841 0.0018586461832455826 -0.0010769381007179619 0.00040200509498977373 -0.0009402771175170884 0.0010601955014415299 0.00095649503437536098 -0.00057107306577646258 -0.00021650480656799944 0.0010151197708910332 -0.00090376368598439377 0.0007409877660644144 -0.00096295441373844034 0.00081536504030227657 -7.1016923028982917e-05 1.05569542197548e-05
leaf_weight=20 24 23 35 28 54 24 21 23 23 35 20 21 29 22 25 24 25 31 23 26 21 88 22 28 39 58 22 25 421 699
leaf_count=20 24 23 35 28 54 24 21 23 23 35 20 21 29 22 25 24 25 31 23 26 21 88 22 28 39 58 22 25 421 699
internal_value=2.02415e-12 8.8618e-06 -1.93799e-06 -0.000356503 7.10232e-06 0.000354304 0.000754611 -8.29467e-06 7.62919e-06 0.0003594 0.000855044 -0.000260156 -1.34643e-05 -0.000100693 5.55049e-05 0.000543993 9.09277e-06 0.00103763 4.2325e-05 7.07883e-05 3.72928e-05 -5.80296e-05 0.000558249 -9.93654e-05 -2.62839e-05 -8.02826e-05 -1.61793e-05 1.14518e-05 -0.000115312 3.83473e-05
internal_weight=1979 1931 1907 48 1884 80 56 1804 1750 99 55 44 1651 729 922 80 842 55 817 794 768 700 44 656 568 540 501 747 443 724
internal_count=1979 1931 1907 48 1884 80 56 1804 1750 99 55 44 1651 729 922 80 842 55 817 794 768 700 44 656 568 540 501 747 443 724
is_linear=0
shrinkage=0.03


Tree=245
num_leaves=31
num_cat=0
split_feature=5 4 9 4 2 5 1 4 1 5 9 3 3 1 4 3 3 4 0 3 2 8 3 3 1 4 3 4 0 3
split_gain=0.00699549 0.0435316 0.0393755 0.0399542 0.0358237 0.0277352 0.0218973 0.0224366 0.0335157 0.0193155 0.0166381 0.0145 0.0134644 0.0127459 0.0350338 0.0147586 0.0103835 0.0717281 0.0189211 0.0187412 0.0327717 0.0337274 0.0237556 0.0174766 0.016581 0.029707 0.0325874 0.0228663 0.0199529 0.0409873
threshold=0.29341391481563567 0.17296603073220465 0.045202141561819807 0.16388638673622016 0.20424682239780137 0.52411297501724108 0.17232125315974903 0.13685680025460237 0.12860944483650907 0.24415585682128618 0.055445353106262397 0.061108299595141642 0.063935039669831287 -0.10152449255941552 -0.098905246456421833 -0.058083605053524605 0.035755294824749935 0.03032492431953349 0.020768808673245712 0.028205980954671087 0.045640790833098584 1.0695283734636385 0.026833708765756196 0.050948044034159208 0.056387430259271405 0.02358849148046616 0.013810402079543762 0.076724950066574663 0.01323044607170998 -0.010952380769300272
decision_type=2 2 2 2 2 2 2 2 2 2 2 2 2 2 2 2 2 2 2 2 2 2 2 2 2 2 2 2 2 2
left_child=1 6 3 -2 -4 -6 7 8 9 12 -7 -5 13 15 -15 -1 19 -18 -19 22 -21 -22 24 -20 27 -26 -27 28 -16 -30
right_child=2 -3 4 11 5 10 -8 -9 -10 -11 -12 -13 -14 14 16 -17 17 18 23 20 21 -23 -24 -25 25 26 -28 -29 29 -31
leaf_value=-1.3083319015920077e-05 4.051931905754221e-05 0.0013438864325342531 -0.00091493809997336933 -0.0007785373852987374 0.0011517744184033397 0.00059432346839457747 -0.00093941289254210211 0.00087109675404563954 0.0011630623736842113 -0.00062868949827194832 -0.00057242233311461115 -0.0019072217338252813 -0.00067616119336050284 0.001144144757394679 -6.536165468344202e-05 -0.00087178958559243553 0.0015836808244408718 0.00049394183584809074 -0.00074853083682352342 -0.0011821174778213555 0.00052942695561796426 -0.00089994429341459174 0.0009338751470670104 0.00024476441424340007 -0.0014007112024119123 0.00060511934930486053 -0.00058929337875899645 0.00055048659517827525 -0.00097982206487689507 0.00038310862386050059
leaf_weight=43 36 22 20 21 34 22 22 27 22 45 22 20 26 25 886 31 29 32 44 33 39 24 25 25 20 34 52 72 22 204
leaf_count=43 36 22 20 21 34 22 22 27 22 45 22 20 26 25 886 31 29 32 44 33 39 24 25 25 20 34 52 72 22 204
internal_value=-4.55418e-13 1.75674e-05 -0.000181095 -0.000688767 0.00021779 0.000508233 1.19311e-06 1.29507e-05 -4.19158e-07 -1.53792e-05 1.09506e-05 -0.00132912 1.18683e-06 1.19253e-05 3.01057e-05 -0.000372812 1.20324e-05 0.00026859 -0.000109011 -1.16051e-05 -0.000416259 -1.50954e-05 1.79362e-05 -0.000388641 1.85473e-07 -0.000359278 -0.000117084 3.23671e-05 -1.18017e-06 0.000250434
internal_weight=1979 1804 175 77 98 78 1782 1760 1733 1711 44 41 1666 1640 1566 74 1541 130 101 1411 96 63 1315 69 1290 106 86 1184 1112 226
internal_count=1979 1804 175 77 98 78 1782 1760 1733 1711 44 41 1666 1640 1566 74 1541 130 101 1411 96 63 1315 69 1290 106 86 1184 1112 226
is_linear=0
shrinkage=0.03


Tree=246
num_leaves=31
num_cat=0
split_feature=5 2 9 9 1 8 1 0 6 1 0 1 9 5 8 0 8 9 7 1 9 5 6 2 5 7 1 8 5 8
split_gain=0.00688677 0.0432577 0.0240708 0.0379226 0.0624366 0.0539635 0.0460952 0.03632 0.054869 0.0469489 0.0341034 0.033854 0.032328 0.0297832 0.0528429 0.0403097 0.0291787 0.0289722 0.0378665 0.035581 0.0333962 0.0353719 0.0285241 0.0339683 0.0641732 0.0283893 0.0274572 0.0242966 0.0236631 0.0223549
threshold=0.08915297296197934 -1.0000000180025095e-35 0.021932813785223663 0.028759439491269873 0.071010186757215724 1.4958429551365862 0.029813710603311065 -0.025498024157092177 28.159416299559471 -0.029878644162365738 -0.014659340659340601 0.06254890453834118 0.03207229321133117 -0.037877077224413018 0.87816586312911948 0.0064171196398177264 0.86379424551651229 0.013927235976156948 -0.26123159640797039 -0.0064275489980180614 0.016165830739815552 0.069649302958296869 58.407920792079217 1.0000000180025095e-35 -0.0067475689022324916 -0.22194586380615652 -0.046666223057014948 1.3135003322576038 0.021733596137403114 0.46863643922814119
decision_type=2 2 2 2 2 2 2 2 2 2 2 2 2 2 2 2 2 2 2 2 2 2 2 2 2 2 2 2 2 2
left_child=2 -2 17 4 7 11 -7 27 -9 25 -11 12 26 -12 15 -15 -13 28 19 -19 -20 -22 23 29 -25 -10 -5 -4 -1 -14
right_child=1 -3 3 5 -6 6 -8 8 9 10 13 16 22 14 -16 -17 -18 18 20 -21 21 -23 -24 24 -26 -27 -28 -29 -30 -31
leaf_value=-3.390171217324678e-05 -0.0010501675691921264 -1.6994122789486075e-05 0.00032721914449939505 0.00026001765043474732 0.0017131818474495205 9.9459944357132096e-05 0.0019450077244878878 0.0018706021584720084 -0.00143396003509406 0.0015151074027176946 0.0011924729637946161 -0.000251646085671382 0.00075432809768244619 -1.9355075890936337e-05 -0.00086725955128869308 0.0012368520874028593 -0.0018031758405268193 -8.0474837122892492e-05 -0.0011249294518851317 -0.0017140522617846727 -0.00015541105119763572 0.0010959096111764666 -0.00077099926641275142 0.0021735759997474294 9.722092597921554e-05 5.7290412239833837e-05 -0.00095279723083746949 -0.0010226857124944217 0.0011910294782600515 -0.00018780878714692756
leaf_weight=40 38 907 20 24 29 29 21 21 20 25 29 24 28 56 35 39 20 20 26 30 133 24 29 21 37 27 56 30 22 119
leaf_count=40 38 907 20 24 29 29 21 21 20 25 29 24 28 56 35 39 20 20 26 30 133 24 29 21 37 27 56 30 22 119
internal_value=-1.36896e-12 -5.85397e-05 5.3501e-05 0.000144953 0.00038355 -4.8614e-05 0.00087459 0.00025587 0.000402416 0.000268945 0.000485101 -0.000177553 -6.83471e-05 0.000323151 0.000129225 0.000496351 -0.000956887 -0.000175595 -0.000328957 -0.00106062 -0.000129049 3.58736e-05 0.000109638 0.000234216 0.000849005 -0.000577284 -0.000588953 -0.000482724 0.000400751 -8.35414e-06
internal_weight=1979 945 1034 739 331 408 50 302 252 231 184 358 314 159 130 95 44 295 233 50 183 157 234 205 58 47 80 50 62 147
internal_count=1979 945 1034 739 331 408 50 302 252 231 184 358 314 159 130 95 44 295 233 50 183 157 234 205 58 47 80 50 62 147
is_linear=0
shrinkage=0.03


Tree=247
num_leaves=31
num_cat=0
split_feature=4 4 6 6 5 5 6 5 6 5 9 2 1 2 1 5 3 3 4 9 5 6 2 8 2 4 4 5 8 5
split_gain=0.00683316 0.0177763 0.0133362 0.0104852 0.0375681 0.0389893 0.0155155 0.0201773 0.0136248 0.0357827 0.0563957 0.0175942 0.0105369 0.0318775 0.0216696 0.0384472 0.0283057 0.0251996 0.0298965 0.0288178 0.0238237 0.01832 0.0280665 0.0234146 0.0334397 0.0298259 0.038348 0.0292281 0.0330805 0.0290429
threshold=-0.11077906633424033 -0.094069000464067007 23.734910376783322 32.619484302513762 -0.025490749414272536 -0.059932782827528945 35.897435897435898 -0.01046108639705484 40.141369047619058 -0.020858235975145297 0.025751445073890943 -0.029022898858176768 0.030466098339401507 -0.054020926034701482 0.023098627677311748 0.092944987330033882 0.030794033035557281 0.017744882304912449 0.099928014345087926 0.052705681126948463 0.11711141146367955 48.869154101712247 0.039485797370519722 0.71492835509546415 1.0000000180025095e-35 0.032898360249058241 0.050464154382626865 0.10314858514234783 1.0535677261578558 0.134815155883836
decision_type=2 2 2 2 2 2 2 2 2 2 2 2 2 2 2 2 2 2 2 2 2 2 2 2 2 2 2 2 2 2
left_child=-1 -2 -3 4 5 -4 7 -5 9 10 -8 -11 14 -14 16 -16 17 18 19 -10 -19 22 -15 -23 -25 -26 -27 28 -28 -29
right_child=1 2 3 6 -6 -7 8 -9 12 11 -12 -13 13 21 15 -17 -18 20 -20 -21 -22 23 -24 24 25 26 27 29 -30 -31
leaf_value=-0.00035357348418983746 0.00082016106171067804 -0.00071944619326487827 2.8935035756465209e-05 -0.0010672210067111465 -0.00041275691147909719 0.0017757435735193607 -0.00011201260937377811 9.3383685430476005e-05 -7.1438116409800923e-05 -0.00063458758709020906 0.0021139168060783828 0.00041104694427173983 -0.0010724887745414762 -0.00018885277181296891 0.0011670307903096262 -0.00015756451445141513 -0.00094540505670011039 0.0013760077254846691 0.0010414014783600579 0.00090968996167898046 6.5261346574586166e-05 -0.00055255507190767354 0.001328086394683591 0.00098421402288035339 -0.00087818589598800121 0.000708506173978094 0.00043230895052797025 0.00080425616517360954 -0.00093474461350441821 -8.365679493651661e-05
leaf_weight=48 24 23 23 28 34 23 20 26 714 30 21 28 29 23 41 38 27 24 24 28 26 88 21 28 39 58 21 37 66 319
leaf_count=48 24 23 23 28 34 23 20 26 714 30 21 28 29 23 41 38 27 24 24 28 26 88 21 28 39 58 21 37 66 319
internal_value=1.30668e-12 8.78898e-06 -1.42231e-06 7.34338e-06 0.000343423 0.000902339 -7.56039e-06 -0.000508411 7.89444e-06 0.000349734 0.0010281 -0.000129799 -1.26035e-05 -9.7836e-05 5.47874e-05 0.000529884 1.02647e-05 4.18862e-05 -7.0739e-07 -3.44144e-05 0.00069442 -5.74575e-05 0.000535141 -9.72049e-05 -2.66577e-05 -7.90733e-05 -1.68669e-05 -0.000111837 -0.000604766 8.62629e-06
internal_weight=1979 1931 1907 1884 80 46 1804 54 1750 99 41 58 1651 729 922 79 843 816 766 742 50 700 44 656 568 540 501 443 87 356
internal_count=1979 1931 1907 1884 80 46 1804 54 1750 99 41 58 1651 729 922 79 843 816 766 742 50 700 44 656 568 540 501 443 87 356
is_linear=0
shrinkage=0.03


Tree=248
num_leaves=31
num_cat=0
split_feature=6 4 8 2 2 8 2 5 4 4 4 5 6 3 7 7 8 2 0 8 7 0 5 2 2 2 7 3 3 4
split_gain=0.00694658 0.0236387 0.0198798 0.0137567 0.0135686 0.00910137 0.0423252 0.0284362 0.0262242 0.0606901 0.0465401 0.0321096 0.037911 0.0480762 0.0353069 0.0305694 0.0430486 0.0268729 0.0294008 0.0250466 0.0246165 0.0228621 0.0373418 0.0206995 0.0279331 0.0196114 0.0195586 0.0180193 0.0187821 0.0239033
threshold=87.760212447422859 0.20351458381447632 1.5292686459800879 0.33304222004030798 0.39941752928167856 0.96195451443535129 -0.16349538540488959 -0.049064428871964154 0.015947824395366132 0.021122840415395697 0.010067617514871398 -0.028935352251604648 46.333671004441698 -0.013343162323417588 0.057914252088865588 -0.22194586380615652 1.1448669320877309 0.26005864042055776 0.07086102372007487 1.1925252337758747 0.33068717265778796 0.034174964438122298 0.080009383460706976 -0.11306267157775655 -0.096025100033728758 0.17131386427169462 0.40775698740388117 -0.047206031527171392 0.016134921364985625 0.0073240861851571202
decision_type=2 2 2 2 2 2 2 2 2 2 2 2 2 2 2 2 2 2 2 2 2 2 2 2 2 2 2 2 2 2
left_child=1 4 -3 -2 5 20 -7 19 10 -10 11 -9 13 -13 -14 16 -11 18 21 -8 23 -17 -23 -1 -25 -24 -22 -26 -29 -30
right_child=3 2 -4 -5 -6 6 7 8 9 15 -12 12 14 -15 -16 17 -18 -19 -20 -21 26 22 25 24 27 -27 -28 28 29 -31
leaf_value=-0.00047842092835038009 -0.00016124087464829373 -0.00019436213304288683 -0.0013740162507165222 0.00092464399823386748 0.00075047389354122884 0.0011851158807985485 -0.0012035622516022753 0.001333071983951543 -0.0014276518276892603 0.00042846570427242954 0.001769547840754967 0.00022188313510783841 0.0015434460996501995 -0.0014249297231435777 0.00012506578978770577 4.7602414840747809e-05 -0.0011320191131132405 0.0010464508464190596 -0.00083623896569146646 -9.5344255205418444e-05 -0.001089400737323558 0.0017570311340969057 -0.00044268269832669331 0.0010930330509489232 -0.00085747966010655673 0.00079736280953511594 -0.00023071013195108883 0.00011338883569434573 -0.0010124190411819466 -8.5734100575791662e-05
leaf_weight=76 21 36 20 21 22 30 29 21 26 26 20 39 22 27 56 252 41 29 28 50 32 20 22 22 21 24 94 639 29 184
leaf_count=76 21 36 20 21 22 30 29 21 26 26 20 39 22 27 56 252 41 29 28 50 32 20 22 22 21 24 94 639 29 184
internal_value=7.18478e-13 -8.27644e-06 -0.000615667 0.000381702 9.80643e-06 1.04114e-06 8.06865e-05 3.5423e-05 0.00010046 -1.90708e-05 0.000402839 0.000237178 7.736e-05 -0.000451813 0.000525122 6.37869e-05 -0.000526458 0.000169244 9.57209e-05 -0.000502158 -5.42823e-05 0.00017778 0.000674823 -3.0897e-06 3.72736e-05 0.000204298 -0.00044879 1.0668e-05 3.2066e-05 -0.000211902
internal_weight=1979 1937 56 42 1881 1859 762 732 653 468 185 165 144 66 78 442 67 375 346 79 1097 318 66 971 895 46 126 873 852 213
internal_count=1979 1937 56 42 1881 1859 762 732 653 468 185 165 144 66 78 442 67 375 346 79 1097 318 66 971 895 46 126 873 852 213
is_linear=0
shrinkage=0.03


Tree=249
num_leaves=31
num_cat=0
split_feature=5 4 8 2 0 3 2 0 7 3 3 3 2 5 5 3 4 3 3 3 3 6 4 4 2 4 7 2 6 2
split_gain=0.00698995 0.0417121 0.0353348 0.0261718 0.0225226 0.0282129 0.0159991 0.0254156 0.0172056 0.0103227 0.0224172 0.0234849 0.0218669 0.0276609 0.0155138 0.0439567 0.0259646 0.0284925 0.0200769 0.0160229 0.0517582 0.0294842 0.0264617 0.0579308 0.0446764 0.0343422 0.0440079 0.0359531 0.0270838 0.0228366
threshold=0.29341391481563567 0.17296603073220465 1.6830112327665916 0.20255892623308605 0.07086102372007487 -0.0065931936139164695 0.36684808217887105 0.020768808673245712 -0.040126130456597402 -0.044617093628265207 -0.038663700695965413 -0.03583696512989442 0.027250101999183988 0.015377543067247592 -0.099455256383074661 -0.0062053740163663376 -0.061792614810943829 -0.031285516697109488 -0.014123734475750991 -0.0096219608441130405 -0.0081293489312638783 32.315462315462327 -0.024827037776662338 -0.016944858420268324 -0.043894500169694921 -0.0058793802101408379 0.17039224744165296 0.011661906704746429 43.953168044077145 -0.012966100581845828
decision_type=2 2 2 2 2 2 2 2 2 2 2 2 2 2 2 2 2 2 2 2 2 2 2 2 2 2 2 2 2 2
left_child=1 9 3 -2 5 -5 7 -7 -8 12 -11 -12 13 -1 15 -13 18 -18 -16 -19 -21 -22 29 24 -24 26 27 -25 -27 -23
right_child=2 -3 -4 4 -6 6 8 -9 -10 10 11 14 -14 -15 16 -17 17 19 -20 20 21 22 23 25 -26 28 -28 -29 -30 -31
leaf_value=-0.00032409780547909789 -0.0008962178978030211 0.001315865063172003 -0.0013677601214731111 0.00087944256290938938 0.001046068588205214 0.00089956626214552661 -0.0013106145864419108 -0.00056270015668933812 -8.1130071994266469e-05 0.00074104349900392795 -0.0010177496564865579 0.0016024706003788327 -0.0009115219527088544 0.00093312967290070704 -0.00014640527808189611 -1.9346736492325535e-05 0.00098645290460101223 -0.00019274762243565472 -0.001266322411643341 0.0013770930584891736 0.001136665502064196 -0.00020384521243420054 0.0021093593351542948 -0.00074435579303720192 0.00015247325229990693 0.0010872394337572836 -0.0018137915600091219 0.00071764783890102988 2.1603211753136828e-05 -0.0013938075556818928
leaf_weight=63 26 22 20 24 21 20 21 23 20 38 20 21 34 21 34 53 27 299 25 26 21 47 21 41 21 22 20 24 883 21
leaf_count=63 26 22 20 24 21 20 21 23 20 38 20 21 34 21 34 53 27 299 25 26 21 47 21 41 21 22 20 24 883 21
internal_value=-1.00053e-12 1.75605e-05 -0.000181023 -2.78961e-05 0.000147115 -2.76821e-05 -0.000286861 0.000117424 -0.000710866 1.53202e-06 2.07598e-05 3.92656e-06 -0.000269612 -9.79094e-06 1.66498e-05 0.000440899 -3.84264e-06 2.0875e-05 -0.000620946 2.84557e-06 5.38328e-05 2.31417e-05 1.88349e-06 3.96536e-05 0.00113092 -6.64239e-06 -0.000583187 -0.000204539 4.75082e-05 -0.000571334
internal_weight=1979 1804 175 155 129 108 84 43 41 1782 1664 1626 118 84 1606 74 1532 1473 59 1446 1147 1121 1100 1032 42 990 85 65 905 68
internal_count=1979 1804 175 155 129 108 84 43 41 1782 1664 1626 118 84 1606 74 1532 1473 59 1446 1147 1121 1100 1032 42 990 85 65 905 68
is_linear=0
shrinkage=0.03


Tree=250
num_leaves=31
num_cat=0
split_feature=0 4 1 2 2 9 2 9 9 3 8 2 1 2 9 4 9 4 2 9 3 3 8 3 9 3 2 4 1 2
split_gain=0.00676304 0.00857857 0.0568668 0.00976704 0.0093607 0.037719 0.0111626 0.0081797 0.0116176 0.0342581 0.0241128 0.0409237 0.024022 0.0229289 0.0502318 0.0496546 0.0432491 0.0391946 0.0237224 0.0349758 0.0207716 0.0139309 0.0190454 0.0475813 0.0470477 0.0439547 0.0180114 0.0276865 0.0226346 0.0454385
threshold=-0.073618157063451747 -0.098905246456421833 -0.097919193335080354 -0.14534120734908132 -0.1074556475224334 0.026110614122931867 -0.097527005910727591 0.058393703430621696 0.039878017894946986 0.082038314216106314 0.64778573886135737 0.13084799477020162 0.0077312963593871862 0.24275908253808812 0.044242982010957589 0.20351458381447632 0.04344103780815909 0.1096000251561985 -0.020906177156177149 0.046951899307722554 0.065486255705470411 0.060125714037574059 1.75085185541905 0.048073754924529706 0.020648551227182805 0.044521760132588802 0.1509125211766518 0.047697157241795692 0.09922040120137933 0.099423511430090331
decision_type=2 2 2 2 2 2 2 2 2 2 2 2 2 2 2 2 2 2 2 2 2 2 2 2 2 2 2 2 2 2
left_child=-1 2 -2 -3 5 -5 -6 8 9 20 11 12 -10 16 -15 -16 -12 18 -18 -20 21 22 25 24 -24 26 28 -28 -8 -30
right_child=1 3 -4 4 6 -7 7 -9 10 -11 13 -13 -14 14 15 -17 17 -19 19 -21 -22 -23 23 -25 -26 -27 27 -29 29 -31
leaf_value=-0.00043259069498162716 -0.0005714195966720581 -0.00043950277287513014 0.0015198892273474483 0.0012862145254621282 -0.00066064988827312598 -0.00029793568961923161 -9.0592981526392053e-05 -0.00059875839482992886 0.00084315302365116384 -0.0012609056609217077 0.0010076964859271776 -0.00069813422390143385 -0.00042114673182368277 -0.00016671850758471658 0.0021689667632537228 0.0003482930505504975 -0.00070695923175662751 -0.0013430309807881712 -0.00062609947365920308 0.00081377556950335884 0.0008296056017458725 -0.00081235506059601894 -0.001096730895806104 0.0016608588344284466 0.00067371451571151349 -0.0010090783718837107 0.0011845354685559868 0.00011647666364990988 0.001648776410263963 -0.00037346650566905739
leaf_weight=32 25 45 22 24 23 31 967 20 38 20 37 65 21 35 28 26 25 21 22 49 26 20 22 21 35 41 25 173 20 20
leaf_count=32 25 45 22 24 23 31 967 20 38 20 37 65 21 35 28 26 25 21 22 49 26 20 22 21 35 41 25 173 20 20
internal_value=-3.91256e-12 7.10986e-06 0.000407491 -2.7943e-06 7.7997e-06 0.00039333 -3.98039e-06 4.51899e-06 1.13861e-05 -2.82526e-05 0.000161516 -0.000178895 0.000393148 0.000335224 0.000718557 0.00129235 0.000113688 -0.000169033 8.77795e-05 0.000367617 -1.02576e-05 -2.6505e-05 -1.46342e-05 0.000440128 -9.61529e-06 -4.31024e-05 -1.02352e-05 0.000251333 -6.16656e-05 0.000637655
internal_weight=1979 1947 47 1900 1855 55 1800 1777 1757 1390 367 124 59 243 89 54 154 117 96 71 1370 1344 1324 78 57 1246 1205 198 1007 40
internal_count=1979 1947 47 1900 1855 55 1800 1777 1757 1390 367 124 59 243 89 54 154 117 96 71 1370 1344 1324 78 57 1246 1205 198 1007 40
is_linear=0
shrinkage=0.03


Tree=251
num_leaves=31
num_cat=0
split_feature=6 4 6 9 9 9 6 0 8 7 7 8 8 9 6 6 6 5 8 8 6 0 5 5 4 1 7 1 1 4
split_gain=0.00686347 0.0219155 0.018948 0.0142047 0.00977425 0.0307276 0.0189735 0.0144816 0.0118231 0.0328998 0.123312 0.0306957 0.0505267 0.0213678 0.0206973 0.0175704 0.0354311 0.0285373 0.0267722 0.0838709 0.0268021 0.0285184 0.0235345 0.021772 0.0614659 0.0310536 0.0299903 0.0295555 0.0339294 0.0316326
threshold=87.760212447422859 0.20351458381447632 77.762128325508613 0.028344313438426562 0.015885605815660109 0.013927235976156948 60.198992812790301 0.0069084834745257737 0.98301964650292806 -0.22194586380615652 -0.17560936327164808 1.1677901483951307 1.0603026664631681 0.017117506110269607 23.734910376783322 60.013368983957228 58.804698423245711 0.14661883492515207 1.8764155641489613 1.4557578916441498 64.379280821917817 0.0088638850697270195 0.17210892170419659 0.032825892397653773 0.015947824395366132 0.015846314810509136 0.48105347145985661 -0.066839976935684761 -0.038258208309770107 -0.11885780319867155
decision_type=2 2 2 2 2 2 2 2 2 2 2 2 2 2 2 2 2 2 2 2 2 2 2 2 2 2 2 2 2 2
left_child=1 4 -3 -2 5 6 -1 -7 13 11 -11 12 -10 -6 -15 16 23 18 19 20 -17 -22 -19 24 25 27 -25 29 -29 -12
right_child=3 2 -4 -5 8 7 -8 -9 9 10 15 -13 -14 14 -16 17 -18 22 -20 -21 21 -23 -24 26 -26 -27 -28 28 -30 -31
leaf_value=0.0006520363398522022 -0.00019922965450678022 -2.1153613407578731e-05 -0.0011255260948734036 0.00090544880431314755 0.00070462274378823003 -0.0014993315795436501 -0.00033942774271341285 -0.00035768983885645864 -0.00082959100870149468 0.0024104755635330961 -0.00032703277845443649 -0.00087487840217775404 0.0012514811468177609 -0.00099188985668921038 -4.0497878744085685e-05 -0.00053718768549151723 -0.0012523844178649597 -0.00081026296749478206 -0.0001425863138657795 0.0025216862707218919 0.0016206353457528166 7.1678082458674898e-05 0.00019941232352455079 0.00078433916019623291 -0.0013739514103696319 0.0011974546746932901 -0.00016576194805869213 -0.0012799321063461581 6.1983545635675266e-05 0.0012327216602861879
leaf_weight=32 20 27 29 22 34 20 38 20 21 22 22 53 21 21 1028 20 20 25 28 22 20 23 123 67 31 20 54 28 43 25
leaf_count=32 20 27 29 22 34 20 38 20 21 22 22 53 21 21 1028 20 20 25 28 22 20 23 123 67 31 20 54 28 43 25
internal_value=-4.03141e-13 -8.22678e-06 -0.000593061 0.000379411 9.18454e-06 -0.000265214 0.000113813 -0.000928511 2.62279e-05 0.00012348 0.000206514 -0.00039483 0.000210945 -3.55534e-05 -5.95439e-05 0.000121598 -3.11e-05 0.000302963 0.000661967 0.000926996 0.00037012 0.000792123 2.88591e-05 5.31265e-05 -0.000166822 0.000104345 0.000360327 -8.09278e-05 -0.000467223 0.000502624
internal_weight=1979 1937 56 42 1881 110 70 40 1771 688 593 95 42 1083 1049 571 310 261 113 85 63 43 148 290 169 138 121 118 71 47
internal_count=1979 1937 56 42 1881 110 70 40 1771 688 593 95 42 1083 1049 571 310 261 113 85 63 43 148 290 169 138 121 118 71 47
is_linear=0
shrinkage=0.03


Tree=252
num_leaves=31
num_cat=0
split_feature=6 4 0 9 1 2 9 2 0 4 6 6 1 1 3 3 2 6 9 2 7 7 7 3 1 3 4 9 6 1
split_gain=0.00654589 0.0146155 0.0213699 0.0225275 0.0100645 0.0120556 0.0115792 0.0114584 0.0122861 0.0116556 0.0307034 0.0391038 0.0179887 0.0137209 0.0131917 0.0218717 0.0190713 0.0123416 0.0101342 0.0216669 0.0406827 0.0254319 0.0209001 0.0297111 0.0564161 0.0293061 0.0320169 0.0330433 0.0279967 0.0291497
threshold=22.494331065759635 -0.090629358883831987 -0.040469452196585591 0.03738894669547186 -0.094047474906836945 0.047054463563002365 0.059235197089609774 0.5496430889033096 0.099350402834605847 0.14250170761421979 80.874520004954789 73.093083387201048 0.12860944483650907 0.14549211493666073 0.060125714037574059 0.052714158919926486 0.1509125211766518 79.596847875742398 0.021271728295027995 -0.069312288251256446 -0.31535795751668877 -0.20671021612451615 1.5473571246381141 0.014349013512615973 -0.006999773410659548 -0.00090303910252070841 -0.019601135141762868 0.040876310896538905 59.44204535050509 0.020864427860696536
decision_type=2 2 2 2 2 2 2 2 2 2 2 2 2 2 2 2 2 2 2 2 2 2 2 2 2 2 2 2 2 2
left_child=-1 2 -2 -4 5 -3 7 8 9 12 11 -11 14 -13 15 17 -16 18 -6 20 -20 -22 23 25 -25 -21 -27 -28 29 -26
right_child=1 4 3 -5 6 -7 -8 -9 -10 10 -12 13 -14 -15 16 -17 -18 -19 19 22 21 -23 -24 24 28 26 27 -29 -30 -31
leaf_value=0.00042558914632536467 0.00027908025319566546 0.0009538503930988638 -0.0015496867148405208 -0.00014284436678281052 -0.00013935174127544783 -3.4787635985804421e-07 -0.00072096264304127541 0.00059639557144315592 -0.00072610993071326184 -0.00085763731955325806 -0.0010953160174540244 0.0010877312246223233 0.00066889218397830658 8.6562797826315662e-05 -0.0011257051665928552 0.00098423289201621505 0.00015429325844161211 0.0004242734933711378 0.0013634145000251008 -7.27785173212245e-05 -0.00076906511367744071 0.0003438849065237941 0.00087999369716271756 -0.0016531336627900598 0.0011181162542704005 -0.00071354076225796468 0.0003012398358749061 0.0013366596318188716 -0.0004770972303620826 -5.9094058491031761e-05
leaf_weight=32 23 22 21 20 389 26 20 29 21 29 31 22 38 28 22 21 20 62 30 421 23 94 23 25 23 23 174 33 127 107
leaf_count=32 23 22 21 20 389 26 20 29 21 29 31 22 38 28 22 21 20 62 30 421 23 94 23 25 23 23 174 33 127 107
internal_value=2.26707e-12 -6.99479e-06 -0.000452835 -0.000863422 8.15858e-06 0.000436993 -3.05888e-06 4.8519e-06 -4.75323e-06 3.82948e-06 -0.000295204 1.87641e-05 2.37048e-05 0.000527077 8.54272e-06 2.25354e-05 -0.000516182 9.53946e-06 -7.69479e-06 3.87373e-05 0.000377817 0.0001251 -1.34016e-05 -3.54253e-05 -0.000292646 7.59974e-05 0.000348322 0.000466307 -0.000160302 0.000149182
internal_weight=1979 1947 64 41 1883 48 1835 1815 1786 1765 110 79 1655 50 1617 1575 42 1554 1492 1103 147 117 956 933 282 651 230 207 257 130
internal_count=1979 1947 64 41 1883 48 1835 1815 1786 1765 110 79 1655 50 1617 1575 42 1554 1492 1103 147 117 956 933 282 651 230 207 257 130
is_linear=0
shrinkage=0.03


Tree=253
num_leaves=31
num_cat=0
split_feature=5 6 6 9 9 4 4 9 9 4 4 4 5 0 9 9 7 7 4 6 9 5 0 1 1 0 4 8 8 7
split_gain=0.00679626 0.0327659 0.0358571 0.0470603 0.0353542 0.0269176 0.0390215 0.0316083 0.0538225 0.0219244 0.037211 0.0446407 0.0619036 0.0387673 0.0345815 0.0464578 0.0364844 0.0825482 0.0364688 0.0883129 0.0378936 0.0289968 0.0248431 0.0283619 0.0426093 0.0270332 0.0245527 0.0453364 0.021282 0.0205013
threshold=0.08915297296197934 54.595091414944363 56.953234880450076 0.027855722416644111 0.052261383887176681 0.012170723435523169 0.022630153424625047 0.026658774821215359 0.036924956441765196 0.068593875906527005 0.015947824395366132 0.0053503453123413544 0.058979009696924496 0.01150252212023495 0.021271728295027995 0.024318107562826034 -0.14680024605457162 -0.35889466910606627 -0.029596248491872198 38.213092707474736 0.02857249563620776 0.056861112383319153 0.012360958318054062 -0.072314791079210447 -0.0094975407290575613 -0.023850009924140821 0.022063703327837251 0.96195451443535129 1.0369136758267306 1.7608062466401706
decision_type=2 2 2 2 2 2 2 2 2 2 2 2 2 2 2 2 2 2 2 2 2 2 2 2 2 2 2 2 2 2
left_child=9 4 3 -3 5 7 -7 -2 -9 10 11 14 13 -13 21 16 17 -16 20 -20 -17 -1 23 28 25 -25 27 -12 -22 -4
right_child=1 2 29 -5 -6 6 -8 8 -10 -11 26 12 -14 -15 15 18 -18 -19 19 -21 22 -23 -24 24 -26 -27 -28 -29 -30 -31
leaf_value=-0.00020312279937675505 4.2277434340071019e-05 -0.00032377697032643483 -5.5943599973974856e-05 0.0015549259402359895 0.00069928479296239941 0.00097526981628366877 -0.00076343557022762697 -0.0024501254010413373 -0.00068546732570894163 0.00060972949204733597 -0.00010931192457468973 -0.00012792850906193694 0.0021744359923260548 0.0013787449592068282 8.1444676699382918e-05 -0.00079061042490115167 0.00028215706651826621 0.0027744815754122097 0.0021572117838825631 6.1604418173762926e-05 -0.0010999236531788483 -0.0014252734124394399 -0.00071951629066461457 0.0019070826620528742 -0.00042952712550759317 0.00049374393781582851 -0.00015235537178154353 -0.0019938150853849946 0.00019123439987500508 0.00087421781531619753
leaf_weight=104 27 20 696 30 22 21 26 21 60 60 27 51 21 22 21 77 75 20 21 131 20 21 32 21 25 29 209 20 27 22
leaf_count=104 27 20 696 30 22 21 26 21 60 60 27 51 21 22 21 77 75 20 21 131 20 21 32 21 25 29 209 20 27 22
internal_value=3.22531e-13 -5.81537e-05 2.66514e-05 0.000803445 -0.000426122 -0.000585857 1.34328e-05 -0.000846659 -0.00114297 5.31483e-05 1.88619e-05 0.000129584 0.000739055 0.000326137 3.7773e-05 0.000149551 0.000675532 0.00139512 -9.75433e-06 0.000351129 -0.000247219 -0.000408444 2.44771e-05 0.000219623 0.000581722 0.00108735 -0.00029168 -0.000911228 -0.000358195 -2.74428e-05
internal_weight=1979 945 768 50 177 155 47 108 81 1034 974 718 94 73 624 499 116 41 383 152 231 125 154 122 75 50 256 47 47 718
internal_count=1979 945 768 50 177 155 47 108 81 1034 974 718 94 73 624 499 116 41 383 152 231 125 154 122 75 50 256 47 47 718
is_linear=0
shrinkage=0.03


Tree=254
num_leaves=31
num_cat=0
split_feature=5 4 9 4 8 9 3 0 0 8 0 3 6 8 5 9 9 8 8 8 4 5 6 3 3 4 4 9 0 6
split_gain=0.00664829 0.0396931 0.0337717 0.0351918 0.0281931 0.0297382 0.0124336 0.00948405 0.037666 0.0541409 0.0281472 0.0269606 0.0312106 0.0989918 0.0217904 0.0262766 0.0265377 0.0238028 0.0805281 0.033575 0.0258415 0.0320956 0.0237363 0.0370288 0.0298666 0.0194586 0.0492513 0.035464 0.0419679 0.0330646
threshold=0.29341391481563567 0.17296603073220465 0.045202141561819807 0.16388638673622016 0.89324000695139483 0.052261383887176681 0.061108299595141642 -0.0080242216355749778 -0.0063068534729382999 0.88743202564852008 -0.0086129381774694407 -0.028546862409144776 32.315462315462327 0.86108560267058465 0.14367156247418503 0.02857249563620776 0.046746461007023295 1.0449841095201335 1.1406050473993938 0.91870870968363494 1.0000000180025095e-35 0.081623698471484554 41.40770764974588 -0.0093401809608203417 -0.009848637059608532 -0.0058793802101408379 -0.0099828294909808917 0.025853438825319233 0.0042283487091467906 43.953168044077145
decision_type=2 2 2 2 2 2 2 2 2 2 2 2 2 2 2 2 2 2 2 2 2 2 2 2 2 2 2 2 2 2
left_child=1 7 3 -2 -4 -6 -5 10 9 -9 14 -10 13 -13 17 -16 -17 19 -19 20 22 -22 23 -1 -24 26 27 28 -14 -27
right_child=2 -3 4 6 5 -7 -8 8 11 -11 -12 12 25 -15 15 16 -18 18 -20 -21 21 -23 24 -25 -26 29 -28 -29 -30 -31
leaf_value=0.0003213241323909541 3.7738522563207275e-05 0.0012836188993374394 -0.0004748972240486182 -0.00073784013611397569 0.0012376286690273593 -7.6422991095891874e-05 -0.0017830101874424143 0.0017603430680658977 -0.00077924289152252711 -0.00029903570981696244 -0.001172732282222049 -0.00035932088087845064 0.0013784991431852437 0.0024041028195060789 0.00015835303522180764 -0.0010931767864271282 6.6612052122274262e-05 0.0016679320989351253 2.4322870835931098e-05 -0.00087169316936001927 -0.00093902312041989149 0.0002981704224657733 6.8972239662528135e-05 -0.0010949128461834334 0.0013205634671339794 0.0012520079687237738 -0.0013097943962466986 -0.00037949170733458899 -0.00011393651867090443 4.5889767212199174e-05
leaf_weight=54 36 22 36 21 31 31 20 27 37 20 21 28 28 20 48 56 26 32 166 47 46 32 37 24 32 21 33 114 43 790
leaf_count=54 36 22 36 21 31 31 20 27 37 20 21 28 28 20 48 56 26 32 166 47 46 32 37 24 32 21 33 114 43 790
internal_value=-3.85945e-13 1.71259e-05 -0.000176544 -0.000646705 0.000192868 0.000580603 -0.00124768 1.49022e-06 5.21069e-05 0.000884012 -9.3141e-05 1.70086e-05 4.43636e-05 0.000792106 -5.53553e-05 -0.000399116 -0.000725439 3.97273e-05 0.000289957 -0.000142425 9.91106e-06 -0.000431457 0.000244106 -0.000114441 0.00064942 9.4835e-06 -0.00024214 -5.16938e-05 0.00047463 7.71209e-05
internal_weight=1979 1804 175 77 98 62 41 1782 1161 47 621 1114 1077 48 600 130 82 470 198 272 225 78 147 78 69 1029 218 185 71 811
internal_count=1979 1804 175 77 98 62 41 1782 1161 47 621 1114 1077 48 600 130 82 470 198 272 225 78 147 78 69 1029 218 185 71 811
is_linear=0
shrinkage=0.03


Tree=255
num_leaves=31
num_cat=0
split_feature=7 9 1 2 0 9 7 0 0 9 0 5 0 4 1 6 1 4 2 1 1 0 1 7 0 6 2 5 1 9
split_gain=0.00667348 0.0274581 0.0391854 0.0337678 0.0147659 0.029639 0.0443821 0.0321933 0.0171187 0.0313055 0.0257398 0.0149478 0.0310817 0.0248282 0.0168251 0.0121372 0.0116691 0.0214767 0.0214978 0.0128213 0.0114744 0.0113768 0.0209227 0.0239691 0.0159665 0.0146814 0.0138053 0.0216327 0.0381884 0.0179006
threshold=0.98471158500994593 0.044242982010957589 0.095297539117234834 -0.055455274769354183 0.052211892852115589 0.044242982010957589 0.3875363050136485 0.09231323857145525 0.043705426356589146 0.033801208460176792 0.039946808510638372 0.31238069662908435 0.0027210934723372886 0.15484795994745651 0.14549211493666073 22.494331065759635 0.11713872916849356 0.11635392334398499 0.25692975140402713 0.10605109249803547 0.10103820498720929 0.0276529851459596 -0.0035190627941151793 0.019695000078644113 0.025089928057553949 26.847469967236986 -0.1074556475224334 -0.033899292490590031 -0.079207633531088381 0.052705681126948463
decision_type=2 2 2 2 2 2 2 2 2 2 2 2 2 2 2 2 2 2 2 2 2 2 2 2 2 2 2 2 2 2
left_child=4 2 3 -2 8 6 -6 -7 10 -10 11 13 -13 14 15 -1 17 18 19 20 21 24 -23 -24 25 -17 27 28 -27 -28
right_child=1 -3 -4 -5 5 7 -8 -9 9 -11 -12 12 -14 -15 -16 16 -18 -19 -20 -21 -22 22 23 -25 -26 26 29 -29 -30 -31
leaf_value=0.00061516829812899223 -0.0011726289804625722 0.00075162583409110078 -0.0016083681278396399 0.00021646744604887706 0.0001181547002360115 -0.00091000575966273362 0.0018031323933973907 0.00063081373703544562 -0.0012700549857870031 0.00026758339568252928 0.0010286791294559158 7.4350534498901849e-05 -0.00098263760280263221 0.0010691200050059707 -0.00078283097245730455 -0.00069141312476454504 0.00064844794012606144 0.0009043717925922702 -0.00097248346627955978 -0.00075983903661835939 0.00068487337679305879 -0.0010313274019992807 0.0007623358142816207 -0.00048194947333908393 0.00071258626691595621 -0.00025023883860558272 -2.6827034135054994e-05 -0.00023308617682496626 0.0014311815915589838 0.00085707918374932236
leaf_weight=30 21 22 20 63 34 26 24 23 26 22 22 62 42 20 24 27 25 23 21 20 22 27 22 38 29 20 1141 31 31 21
leaf_count=30 21 22 20 63 34 26 24 23 26 22 22 62 42 20 24 27 25 23 21 20 22 27 22 38 29 20 1141 31 31 21
internal_value=-4.33524e-13 -0.000211265 -0.000414953 -0.000130807 1.43655e-05 0.000356458 0.000815387 -0.000186764 -6.59888e-06 -0.000565304 9.1949e-06 -4.18735e-06 -0.00035251 1.88569e-05 5.32258e-06 1.7702e-05 5.73668e-06 -5.17152e-06 -1.95988e-05 -5.59556e-06 5.11052e-06 -5.67158e-06 -0.000337799 -2.57115e-05 1.65554e-05 6.74307e-07 1.56955e-05 0.000391905 0.000771801 -1.08528e-05
internal_weight=1979 126 104 84 1853 107 58 49 1746 48 1698 1676 104 1572 1552 1528 1498 1473 1450 1429 1409 1387 87 60 1300 1271 1244 82 51 1162
internal_count=1979 126 104 84 1853 107 58 49 1746 48 1698 1676 104 1572 1552 1528 1498 1473 1450 1429 1409 1387 87 60 1300 1271 1244 82 51 1162
is_linear=0
shrinkage=0.03


Tree=256
num_leaves=31
num_cat=0
split_feature=6 4 8 9 2 0 6 2 6 2 2 8 0 6 7 2 0 1 7 2 2 2 0 0 9 0 9 2 4 9
split_gain=0.00650899 0.0202549 0.0182618 0.0143358 0.0119623 0.00854258 0.0236391 0.0256839 0.035406 0.0234643 0.0219042 0.0457316 0.0280628 0.0189372 0.0234258 0.0354381 0.0621806 0.0420774 0.0341674 0.0220548 0.0188481 0.0223079 0.0227539 0.0230514 0.026459 0.0232312 0.0211864 0.017906 0.0177496 0.0410014
threshold=87.760212447422859 0.20351458381447632 1.5292686459800879 0.028344313438426562 0.39941752928167856 -0.013694070434684734 22.494331065759635 -0.11306267157775655 32.315462315462327 0.29532921249583372 0.19587451576698892 0.92754614878692132 -0.014659340659340601 27.554571338184129 -0.11866436946842428 0.062241368592847353 -0.023850009924140821 -0.004703585711095081 -0.035339116193395019 0.11808812340042886 -0.091884476026312931 -0.010339325004081688 0.030230295341411199 -1.0000000180025095e-35 0.02225381168347414 0.0050275493698187521 0.026005649447210077 -0.17912212412677816 0.11476857114426543 0.052261383887176681
decision_type=2 2 2 2 2 2 2 2 2 2 2 2 2 2 2 2 2 2 2 2 2 2 2 2 2 2 2 2 2 2
left_child=1 4 -3 -2 5 10 -7 27 -9 20 12 -12 13 -1 15 16 -15 -18 -16 -20 -10 22 23 26 -25 -26 -22 -8 29 -23
right_child=3 2 -4 -5 -6 6 7 8 9 -11 11 -13 -14 14 18 -17 17 -19 19 -21 21 28 -24 24 25 -27 -28 -29 -30 -31
leaf_value=-0.00075675630863630567 -0.00021182125085033476 -0.00016645554938198376 -0.0012970855043968187 0.00089794264428994864 0.00070417143425650214 0.0010638958762865514 2.2863257472636176e-05 0.0010119405104984146 0.00077858665427941434 0.00085900998278520997 -0.0016918975203399262 3.0152309336699544e-05 -0.00093668024541392666 0.0022302691169482254 -0.0011184977018740027 -0.00027910348572264852 0.0011288329787203111 -0.00068755193031392985 -5.4889932579389698e-05 0.00080766870430670681 -0.000102878536733139 5.7821747275562848e-05 -0.0010003673352484304 -0.0005600516437885484 -0.00032146141533303304 0.0008177775404610842 -0.0011823476748540997 -0.00091435644889337035 -0.00037521000712149546 0.0013415339982906435
leaf_weight=26 20 36 20 22 22 20 32 34 28 30 23 35 29 21 25 37 24 22 241 30 36 848 34 35 24 49 30 43 80 23
leaf_count=26 20 36 20 22 22 20 32 34 28 30 23 35 29 21 25 37 24 22 241 30 36 848 34 35 24 49 30 43 80 23
internal_value=-1.92538e-13 -8.01152e-06 -0.000570252 0.000369484 8.72716e-06 4.97055e-07 4.0199e-05 2.47587e-05 5.70869e-05 3.04106e-05 -0.000103672 -0.00065273 -3.36826e-05 2.77891e-05 7.87845e-05 0.000466103 0.000877634 0.000260127 -5.73002e-05 4.05963e-05 9.46876e-06 -9.11217e-06 -0.00029054 -0.000151838 0.000118095 0.000443233 -0.000593546 -0.000514476 5.24409e-05 9.172e-05
internal_weight=1979 1937 56 42 1881 1859 1346 1326 1251 1217 513 58 455 426 400 104 67 46 296 271 1187 1159 208 174 108 73 66 75 951 871
internal_count=1979 1937 56 42 1881 1859 1346 1326 1251 1217 513 58 455 426 400 104 67 46 296 271 1187 1159 208 174 108 73 66 75 951 871
is_linear=0
shrinkage=0.03


Tree=257
num_leaves=31
num_cat=0
split_feature=5 1 5 6 9 6 5 5 7 7 2 5 1 7 1 1 1 2 5 6 6 9 0 6 0 9 2 2 0 0
split_gain=0.00632569 0.0266638 0.0593718 0.0286509 0.0235192 0.0188103 0.0148951 0.0184791 0.0788991 0.0119133 0.019864 0.023879 0.0302796 0.0152888 0.0138166 0.0245879 0.0167943 0.0416143 0.0288754 0.0244484 0.0229353 0.02415 0.0199214 0.0195579 0.0900085 0.0198387 0.0208965 0.0278632 0.0178294 0.0479647
threshold=-0.077985740794959665 -0.069267908464507741 -0.12423912675938385 41.633333333333347 0.023361017134076258 23.734910376783322 -0.062165258003855965 -0.046822489201528088 0.042922837845549851 -0.41270979975597899 -0.018781305441823156 0.11006782200666389 -0.0024450462406666591 -0.39296243683352061 0.1682105263157895 0.19108154717910811 0.01077453292218389 0.24745382294502918 0.3389522767846353 76.813080934028591 65.039682539682545 0.03404191365153892 -0.031212529976019195 42.172772723547261 0.0040202020202020359 0.017377187333909212 0.031121537567526784 0.088130884395740031 0.040747319182736892 0.035846690235404995
decision_type=2 2 2 2 2 2 2 2 2 2 2 2 2 2 2 2 2 2 2 2 2 2 2 2 2 2 2 2 2 2
left_child=1 2 -1 -3 -5 -2 -7 8 -8 10 -9 12 -12 -11 16 -16 17 20 22 -20 -15 -22 -18 24 -24 26 -25 -28 29 -27
right_child=5 3 -4 4 -6 6 7 9 -10 13 11 -13 -14 14 15 -17 18 -19 19 -21 21 -23 23 25 -26 28 27 -29 -30 -31
leaf_value=-0.00033007753011770545 -0.00086798925357668298 -0.00054187592606996814 0.0019538313323365789 -3.6126356838697879e-05 0.0012469723288522799 -0.00054355453350581225 0.0016319467653600689 -0.00085112220185309484 -0.00062161993080129218 0.00071256376867365483 0.0011341352476469742 -0.00045828244347712429 -0.00020177978451200131 0.00012160031658251211 0.0012175144709687194 4.9404556905342774e-05 -0.00091086150772753168 0.0012975136432796716 -0.00027813305270683484 -0.0016152156785828992 -7.1175384319162576e-05 -0.0011714957101503388 -0.00056727349650048252 -0.0012925650954077189 0.0020309246777157697 3.5619423283958917e-06 0.0004152291488207993 -0.00080141825523848327 -0.00037557912495685743 0.001504937543068081
leaf_weight=20 23 55 21 36 20 45 29 38 27 28 26 69 37 533 23 55 24 25 32 20 58 26 28 22 21 451 32 36 99 20
leaf_count=20 23 55 21 36 20 45 29 38 27 28 26 69 37 533 23 55 24 25 32 20 58 26 28 22 21 451 32 36 99 20
internal_value=2.18168e-13 0.000185952 0.000839729 -5.5534e-05 0.000422123 -1.54705e-05 -4.60137e-06 9.18651e-06 0.000545406 -8.44606e-06 -0.00024672 -7.27259e-05 0.00034955 1.79771e-05 5.05451e-06 0.000393847 -1.61969e-05 9.76071e-05 -0.00010927 -0.000792396 4.89885e-05 -0.000411751 -6.08079e-05 -3.20332e-05 0.00054624 -7.49656e-05 -0.000488891 -0.000228878 -9.60903e-06 6.73146e-05
internal_weight=1979 152 41 111 56 1827 1804 1759 56 1703 170 132 63 1533 1505 78 1427 642 785 52 617 84 733 709 49 660 90 68 570 471
internal_count=1979 152 41 111 56 1827 1804 1759 56 1703 170 132 63 1533 1505 78 1427 642 785 52 617 84 733 709 49 660 90 68 570 471
is_linear=0
shrinkage=0.03


Tree=258
num_leaves=31
num_cat=0
split_feature=0 0 3 6 5 5 2 6 5 2 8 2 6 8 0 7 3 8 3 7 0 0 7 2 6 6 6 9 0 8
split_gain=0.00649802 0.00867403 0.00914542 0.0195311 0.0172584 0.0275311 0.0133302 0.0212795 0.0106531 0.0333995 0.0280728 0.0258175 0.0211043 0.0387744 0.015452 0.0424484 0.0334478 0.0183112 0.0193156 0.0149705 0.0108295 0.0452674 0.0228146 0.0346665 0.0182591 0.0242578 0.0315083 0.0242151 0.0167038 0.028869
threshold=-0.078793212323153602 -0.063869007457190582 -0.044617093628265207 22.494331065759635 0.052810446981947042 -0.052394321887832988 -0.14534120734908132 38.213092707474736 0.29341391481563567 0.29532921249583372 1.6830112327665916 0.46320706300911046 75.919167342525029 0.89324000695139483 -0.023850009924140821 -0.17873457479687074 -0.018042407457376394 1.3345761561387146 -0.030574504572442315 -0.066877833556299601 -0.0070990708670076166 -0.0061264474607768396 -0.24978484390145642 0.12624319300877165 32.315462315462327 35.897435897435898 40.141369047619058 0.025522993015081766 0.074452003023431704 1.5385626293075576
decision_type=2 2 2 2 2 2 2 2 2 2 2 2 2 2 2 2 2 2 2 2 2 2 2 2 2 2 2 2 2 2
left_child=-1 -2 4 -4 5 -3 7 -5 9 14 11 12 13 -10 15 -8 17 18 -17 -13 22 -22 23 -16 -23 -26 27 -27 29 -28
right_child=1 2 3 6 -6 -7 8 -9 10 -11 -12 19 -14 -15 20 16 -18 -19 -20 -21 21 24 -24 -25 25 26 28 -29 -30 -31
leaf_value=-0.00049063291255151858 0.00057284134323708712 -0.00060769375619621803 0.00082941616509253017 -0.00096080735615942101 -0.00080399978935020045 0.00081719412043204773 0.0014388033737428487 0.00022091501625254751 -0.00089297164077064596 0.0011057121754409029 -0.0012683385571581312 -2.2548583801835775e-06 -0.00089310906128171278 0.00060268275690479915 -0.00089691373624373226 0.0012433463834458961 -0.00059454614762216801 -0.00031291814863917267 0.00019155877811664884 0.0011584975405130537 0.0013270259415730833 0.00076489552597714847 -6.1209775344824119e-06 0.00036849574936139915 -0.00079946967411909586 0.00011819047188120229 -4.6682177525969854e-05 0.0015767757087014615 -0.00063605079869280177 0.00055379497306200351
leaf_weight=24 24 26 26 32 36 23 25 24 26 26 20 20 37 39 70 30 43 22 33 20 24 28 262 27 34 21 820 20 38 79
leaf_count=24 24 26 26 32 36 23 25 24 26 26 20 20 37 39 70 30 43 22 33 20 24 28 262 27 34 21 820 20 38 79
internal_value=-5.3384e-14 6.02311e-06 -1.02175e-06 1.29878e-05 -0.000305277 6.11312e-05 1.32458e-06 -0.000454355 1.57906e-05 3.92348e-05 -0.000216047 -6.78367e-05 -0.000321154 4.421e-06 2.16407e-05 0.000308119 8.72824e-05 0.000432207 0.00069241 0.000578121 -9.16131e-06 3.89114e-05 -0.000151639 -0.000544686 9.18568e-06 -1.17233e-05 1.56626e-05 0.000829695 -1.99568e-05 6.085e-06
internal_weight=1979 1955 1931 1846 85 49 1820 56 1764 1602 162 142 102 65 1576 153 128 85 63 40 1423 1064 359 97 1040 1012 978 41 937 899
internal_count=1979 1955 1931 1846 85 49 1820 56 1764 1602 162 142 102 65 1576 153 128 85 63 40 1423 1064 359 97 1040 1012 978 41 937 899
is_linear=0
shrinkage=0.03


Tree=259
num_leaves=31
num_cat=0
split_feature=8 8 0 4 0 3 3 9 9 5 2 9 9 9 9 9 9 3 7 8 2 5 8 8 8 5 0 3 5 5
split_gain=0.00640439 0.0190792 0.0166819 0.0409719 0.103278 0.0280206 0.0343022 0.0231743 0.0455087 0.11932 0.0441096 0.0321649 0.0351042 0.0513457 0.0320402 0.0251932 0.0504263 0.0230275 0.0198808 0.0279903 0.019348 0.023429 0.0257436 0.0580355 0.0258884 0.0228189 0.0193326 0.034102 0.0191603 0.0184322
threshold=0.81272988961931736 0.82606786326442816 -0.0034306225726727364 -0.020746552288520789 0.011954356487095088 0.0021964837611153647 0.0083190117533074055 0.040210937526493455 0.045594873608079088 0.31238069662908435 0.17293607452618046 0.035842223953902193 0.033050594405784582 0.03145531123427376 0.02882176911975565 0.018776636004492153 0.017955505184452537 -0.0012276783099622877 0.087262044505593619 1.3135003322576038 0.22800541271989175 0.14013638679495491 1.0449841095201335 1.1568341520818446 0.91870870968363494 0.028752033135946434 0.0066271035083481653 0.031677230330204538 0.062598350669487837 -0.071861889719984015
decision_type=2 2 2 2 2 2 2 2 2 2 2 2 2 2 2 2 2 2 2 2 2 2 2 2 2 2 2 2 2 2
left_child=-1 -2 5 4 -4 17 -7 11 9 -9 -10 12 13 14 15 16 26 20 19 -8 21 22 24 -24 -3 29 -5 28 -28 -25
right_child=1 2 3 7 -6 6 18 8 10 -11 -12 -13 -14 -15 -16 -17 -18 -19 -20 -21 -22 -23 23 25 -26 -27 27 -29 -30 -31
leaf_value=-6.2843373586084846e-05 0.00088324261188972737 0.00020454645938506084 0.0026301382280071264 -0.00069974888989236198 -0.0001019214002669535 -0.0015248248678108212 -8.9082636527195602e-05 0.0026266196131473408 -0.0010794434425770304 -0.00046986796227949004 0.00055519011489545502 -0.0010023691043546743 0.0007773350780771579 -0.0011991196879270402 0.00084931013389275619 -0.00028792535382229326 0.0014995130267925561 0.00096268419642001383 0.00036612720205671538 -0.0014820678709074853 0.00084589756526319039 -0.00056398712231532189 0.0013558412715107861 0.00017248957589464752 -0.00088332771866892769 0.0004369876014711967 -5.02106428029947e-05 -0.0008450531729031354 0.0010638192045206035 -0.00070405585973057892
leaf_weight=840 24 35 20 28 33 24 37 24 24 21 39 29 50 33 39 184 24 22 31 20 21 74 34 38 45 59 24 20 33 50
leaf_count=840 24 35 20 28 33 24 37 24 24 21 39 29 50 33 39 184 24 22 31 20 21 74 34 38 45 59 24 20 33 50
internal_value=-7.90006e-13 4.63463e-05 2.83324e-05 0.000131078 0.000929044 -0.000102721 -0.000519493 5.71409e-05 0.000452939 0.00118159 -6.75274e-05 -3.49845e-05 2.95078e-05 -6.76126e-05 3.84662e-05 -6.25655e-05 0.000258878 2.0767e-05 -0.000245312 -0.000577849 -3.74414e-05 -9.28149e-05 4.07742e-05 0.000238855 -0.000407383 -1.94961e-05 -2.46958e-05 0.000220778 0.000594754 -0.000325548
internal_weight=1979 1139 1115 625 53 490 112 572 108 45 63 464 435 385 352 313 129 378 88 57 356 335 261 181 80 147 105 77 57 88
internal_count=1979 1139 1115 625 53 490 112 572 108 45 63 464 435 385 352 313 129 378 88 57 356 335 261 181 80 147 105 77 57 88
is_linear=0
shrinkage=0.03


Tree=260
num_leaves=31
num_cat=0
split_feature=5 2 5 4 8 9 1 4 3 4 5 3 4 3 1 8 5 9 5 9 5 2 1 3 4 7 7 4 1 1
split_gain=0.00653516 0.0137579 0.00808021 0.0257823 0.019782 0.0490442 0.0100039 0.028739 0.0142352 0.00878758 0.0241903 0.0639924 0.0209789 0.0177856 0.0259276 0.0204985 0.0173882 0.0172076 0.0165687 0.0300566 0.0203926 0.0168333 0.0315013 0.0160229 0.0234398 0.016004 0.0148332 0.020615 0.0306299 0.0233613
threshold=0.72360344009580013 0.52655660377358504 0.29341391481563567 0.15484795994745651 0.88743202564852008 0.047898669812329743 -0.10152449255941552 -0.098905246456421833 -0.058083605053524605 -0.033627086168460489 -0.039327018520120875 0.027130760046709782 -0.036181532146396571 -0.0093401809608203417 -1.0000000180025095e-35 0.8966293510729838 -0.055994623415200388 0.035842223953902193 -0.023113077878314178 0.023796734937602756 -0.012936649124033304 -0.054020926034701482 -1.0000000180025095e-35 -0.032046123336548264 -0.048059873297150661 0.22442020591585723 1.7608062466401706 0.12040022802883311 0.12675245098039226 0.10605109249803547
decision_type=2 2 2 2 2 2 2 2 2 2 2 2 2 2 2 2 2 2 2 2 2 2 2 2 2 2 2 2 2 2
left_child=1 2 3 6 -4 -6 8 -8 -1 12 11 17 13 15 16 23 -15 -11 19 -12 -20 22 -22 -9 -25 -17 27 28 -23 -29
right_child=-2 -3 4 -5 5 -7 7 9 -10 10 18 -13 -14 14 -16 25 -18 -19 20 -21 21 26 -24 24 -26 -27 -28 29 -30 -31
leaf_value=9.192611404889544e-06 -0.00052640871045046616 0.00069114726090517174 -0.00083005285259181015 0.00084366471231491727 -0.00052479121380155582 0.00090571890393381605 0.0010218696254538371 0.0010773721302393823 -0.00083415076234227706 -6.4454628340404558e-05 -0.0013821191281418908 0.0019244967011867889 -0.0010328285518588255 -0.00024520275033345181 0.00041223689738762917 -0.00092298042909849589 -0.0014161770969629288 0.00077147784044741296 0.00068091342709242144 8.8383514626786631e-05 0.00030768941280257423 -6.1134861331417692e-06 -0.0011207457077266141 -0.00038064851087256103 0.00085960728465579446 4.6227770179267167e-05 0.00067877171850153084 7.8540335567335465e-05 0.00110064632785709 -0.0013054159572145536
leaf_weight=43 21 26 36 33 59 34 25 24 31 94 22 21 23 21 20 23 25 29 39 29 24 1046 33 32 24 46 29 21 23 23
leaf_count=43 21 26 36 33 59 34 25 24 31 94 22 21 23 21 20 23 25 29 39 29 24 1046 33 32 24 46 29 21 23 23
internal_value=3.00175e-13 5.64585e-06 -3.57932e-06 1.28313e-05 -0.000232947 -1.80902e-06 -2.65878e-06 1.2239e-05 -0.0003441 -2.86618e-06 2.51709e-05 0.000393948 -0.000171678 -7.95547e-05 -0.00048953 0.000102045 -0.000881602 0.000132635 -1.60269e-05 -0.000545951 5.80362e-06 -1.61557e-05 -0.000519299 0.000428834 0.00015089 -0.000276842 8.95737e-06 -8.49511e-06 1.76989e-05 -0.000644891
internal_weight=1979 1958 1932 1803 129 93 1770 1696 74 1671 1433 144 238 215 66 149 46 123 1289 51 1238 1199 57 80 56 69 1142 1113 1069 44
internal_count=1979 1958 1932 1803 129 93 1770 1696 74 1671 1433 144 238 215 66 149 46 123 1289 51 1238 1199 57 80 56 69 1142 1113 1069 44
is_linear=0
shrinkage=0.03


Tree=261
num_leaves=31
num_cat=0
split_feature=6 4 2 4 6 4 1 5 5 3 3 3 1 1 3 6 6 2 5 4 4 4 3 3 5 3 8 8 5 2
split_gain=0.00688221 0.0192194 0.0133979 0.0130028 0.0126785 0.00806523 0.0093799 0.0145183 0.0155704 0.00949986 0.0228084 0.022152 0.0230339 0.0442842 0.0297922 0.0224146 0.0446936 0.0199506 0.023555 0.0163548 0.0116566 0.026858 0.0193018 0.034735 0.0169704 0.0113913 0.0106992 0.00983331 0.00937265 0.00923487
threshold=87.760212447422859 0.21753091218199852 0.41368158618905398 0.1586284293646161 77.994872907793734 0.16388638673622016 0.15625484764542932 0.4134632143734473 0.33125470625560843 -0.044617093628265207 -0.038663700695965413 -0.03583696512989442 -0.079207633531088381 -0.069267908464507741 -0.031285516697109488 30.061068163366169 32.315462315462327 0.027250101999183988 0.015377543067247592 -0.066916729499220548 0.13685680025460237 0.1177333447264234 0.070535098361274598 0.055879051625124861 0.23937365660558688 0.020719252827138827 1.7350425936453759 0.69418121910876474 -0.046822489201528088 -0.076904593734353696
decision_type=2 2 2 2 2 2 2 2 2 2 2 2 2 2 2 2 2 2 2 2 2 2 2 2 2 2 2 2 2 2
left_child=1 2 5 -2 -3 6 7 8 9 17 -11 -12 27 -14 -15 19 -17 18 26 -16 21 22 23 24 29 -26 -1 -13 -21 -18
right_child=3 4 -4 -5 -6 -7 -8 -9 -10 10 11 12 13 14 15 16 20 -19 -20 28 -22 -23 -24 -25 25 -27 -28 -29 -30 -31
leaf_value=-3.1658163602832095e-05 -0.00017368974255805371 -9.6321848337538538e-05 0.0007101435204822337 0.0008832189957187934 -0.0011399672469335862 -0.00044172633466046506 0.0004920526814780065 -0.00075271442036508858 0.00081791926707540244 0.00073186320091526091 -0.00097037125046231911 -0.00024499057083051989 0.001307988583430415 0.0010361264683306215 -0.001276646109879948 0.0013894982399818088 0.00029278889343509537 -0.00085235261790027534 0.00086188631548014068 0.00023326525278389451 0.00061249786974965699 -0.0010815820431370022 0.00090201411895187843 -0.0010601229162421077 -9.1415006193398894e-05 -0.0010795423242130448 -0.00087153850751928988 -0.0011641048712481279 -0.0006851780334545765 2.7078180963484284e-06
leaf_weight=43 20 20 24 22 22 37 35 23 21 39 21 22 24 25 20 21 108 36 21 20 27 21 21 28 21 21 20 20 20 1156
leaf_count=43 20 20 24 22 22 37 35 23 21 39 21 22 24 25 20 21 108 36 21 20 27 21 21 28 21 21 20 20 20 1156
internal_value=4.9325e-13 -8.23801e-06 5.83045e-06 0.000379929 -0.000642993 -3.20404e-06 5.64292e-06 -3.8203e-06 5.87822e-06 -3.83851e-06 1.50707e-05 -2.44493e-06 1.04608e-05 2.94505e-05 9.11588e-06 -8.18552e-06 1.57471e-05 -0.000261476 -8.24355e-06 -0.000576186 -4.8151e-06 -1.69281e-05 -4.27905e-07 -1.46343e-05 7.7805e-06 -0.000585479 -0.000298287 -0.000682664 -0.000225956 2.74932e-05
internal_weight=1979 1937 1895 42 42 1871 1834 1799 1776 1755 1635 1596 1575 1533 1509 1484 1424 120 84 60 1403 1376 1355 1334 1306 42 63 42 40 1264
internal_count=1979 1937 1895 42 42 1871 1834 1799 1776 1755 1635 1596 1575 1533 1509 1484 1424 120 84 60 1403 1376 1355 1334 1306 42 63 42 40 1264
is_linear=0
shrinkage=0.03


Tree=262
num_leaves=31
num_cat=0
split_feature=6 4 8 2 6 9 2 6 8 7 7 7 3 0 9 6 0 6 4 9 0 6 2 7 2 3 4 3 9 8
split_gain=0.00647547 0.0180835 0.0129224 0.0126061 0.0119292 0.00799478 0.038981 0.0418664 0.0105693 0.0372481 0.132787 0.0339013 0.0337851 0.0375657 0.020457 0.0182167 0.0162815 0.0207811 0.0359898 0.0359904 0.0625265 0.0324923 0.0318724 0.0293014 0.0245238 0.0223381 0.0306168 0.0210254 0.0186417 0.0175628
threshold=87.760212447422859 0.21753091218199852 1.2636627376898921 0.41368158618905398 77.994872907793734 0.015885605815660109 0.022051386781810404 58.56032568467802 0.98301964650292806 -0.22194586380615652 -0.17560936327164808 -0.27765430835524268 0.0090883203718850076 -1.0000000180025095e-35 0.017117506110269607 23.734910376783322 0.079414282656773985 66.326286439584706 0.073060051354425851 0.025655247779451738 0.027179012427511088 72.391107078039951 0.14273227969348659 0.48105347145985661 0.20054320501890835 -0.038663700695965413 -0.0016554798754946363 -0.023674480872414524 0.022553090458319099 1.5385626293075576
decision_type=2 2 2 2 2 2 2 2 2 2 2 2 2 2 2 2 2 2 2 2 2 2 2 2 2 2 2 2 2 2
left_child=1 3 -2 5 -3 6 -1 -8 14 11 -11 12 -10 -14 -7 -16 17 18 19 28 23 22 -19 25 -23 -21 -27 -25 29 -12
right_child=2 4 -4 -5 -6 8 7 -9 9 10 16 -13 13 -15 15 -17 -18 21 -20 20 -22 24 -24 27 -26 26 -28 -29 -30 -31
leaf_value=-0.0013202761992579326 -0.000157689462295301 -9.3432176392525433e-05 0.00089475196303932792 0.00068883920714142728 -0.0011057682225311344 0.00067782177660025318 0.0012116377764115377 -0.00032912933437350707 -0.00087264792401004919 0.0025358129379206467 0.00030967608699501383 -0.001544420546852052 0.0013510741246864199 -0.0004453770280815661 -0.00094459499298994037 -5.1964415681675956e-05 -0.00051080746125080616 0.00031576561002741354 -0.00081909990124404424 0.0010893070647226913 0.0015936700890511822 0.00047271236863940261 0.0015724277432480663 6.4314696571922736e-05 -0.00063420656058306413 -0.00079886261117644605 0.00076240835711359977 -0.0011550285950652323 -0.00055338047809250972 -0.00055353600952316652
leaf_weight=24 21 20 21 24 22 34 21 65 33 21 79 20 20 22 21 1020 36 39 40 35 34 43 34 35 31 20 26 20 69 29
leaf_count=24 21 20 21 24 22 34 21 65 33 21 79 20 20 22 21 1020 36 39 40 35 34 43 34 35 31 20 26 20 69 29
internal_value=-3.60171e-12 -7.99087e-06 0.000368531 5.65553e-06 -0.000623703 -3.10792e-06 -0.000251233 4.71045e-05 1.23911e-05 0.000104395 0.000193025 -0.000446975 -0.000154323 0.000410076 -4.63202e-05 -6.99714e-05 0.000106711 0.000148342 3.29999e-05 0.000131225 0.000442978 0.000451997 0.00090106 0.000155306 9.00309e-06 0.000518162 8.35949e-05 -0.000379083 -0.0001682 7.78877e-05
internal_weight=1979 1937 42 1895 42 1871 110 86 1761 686 591 95 75 42 1075 1041 570 534 387 347 170 147 73 136 74 81 46 55 177 108
internal_count=1979 1937 42 1895 42 1871 110 86 1761 686 591 95 75 42 1075 1041 570 534 387 347 170 147 73 136 74 81 46 55 177 108
is_linear=0
shrinkage=0.03


Tree=263
num_leaves=31
num_cat=0
split_feature=0 0 3 4 7 6 5 4 6 1 1 7 1 7 7 7 1 1 4 2 4 4 1 3 6 6 4 1 3 0
split_gain=0.00628565 0.00773358 0.007363 0.0197678 0.0120466 0.0107102 0.00903127 0.0170696 0.00994955 0.00923197 0.0088054 0.0199495 0.01989 0.0331171 0.0240732 0.0182709 0.0107929 0.0215002 0.0238084 0.0331905 0.0233008 0.0312804 0.0795132 0.0443123 0.0354132 0.0428849 0.0323224 0.02263 0.0168941 0.0313451
threshold=-0.073618157063451747 -0.061663391629003687 -0.044617093628265207 -0.098905246456421833 0.075236517684014195 23.734910376783322 0.48243215995500294 0.23271976271406883 86.817279046673306 0.19108154717910811 -0.064374472538740998 -0.23442920492003069 -0.05166557391270981 -0.26520483909892689 0.11796317021536419 -0.0069180584735872288 -0.041963829421199798 -0.033397068196303441 -0.0016554798754946363 -0.023476011144790417 -0.059946264521100349 -0.015376194050293777 0.038796904457824029 -0.015917769189707439 39.607776116214502 42.735501780218456 -0.020338640920266823 -0.025941742890310811 0.001938479690820283 0.0018134885403308101
decision_type=2 2 2 2 2 2 2 2 2 2 2 2 2 2 2 2 2 2 2 2 2 2 2 2 2 2 2 2 2 2
left_child=-1 -2 4 -4 -3 -5 7 8 10 -8 11 -7 13 -12 -15 -13 -14 18 19 -18 -19 22 23 -22 -23 -26 28 -27 29 -25
right_child=1 2 3 5 -6 6 9 -9 -10 -11 12 15 16 14 -16 -17 17 20 -20 -21 21 24 -24 26 25 27 -28 -29 -30 -31
leaf_value=-0.00041704341056174598 0.00054204988584388052 6.4166247039941287e-05 0.00085032865789253257 -0.00064230857821910277 -0.0006689458833027042 -0.00081473254336742688 -7.8678858311225975e-05 0.00087141290040952809 -0.00050499504540890813 -0.00088256825215648864 -0.00038537490996532137 0.0008164808028959669 -0.00044343623458795867 0.0015719917887407873 0.00021768513161857429 -0.00032624904303220857 0.0010143897558446042 -0.00094264328459520695 0.0013976390716353697 -0.00071394728423911146 0.0010785116723395491 -0.0011333376933068324 0.002161280975182308 -0.00044152770085521316 0.0012980911866973407 -0.00076894713782806046 0.00078325380353377232 -1.4721311637622616e-05 -0.0007870043484893228 0.00094378420417862271
leaf_weight=32 24 43 25 23 38 36 36 21 33 20 24 20 45 27 21 34 20 23 21 20 38 26 20 49 22 37 31 1107 42 21
leaf_count=32 24 43 25 23 38 36 36 21 33 20 24 20 45 27 21 34 20 23 21 20 38 26 20 49 22 37 31 1107 42 21
internal_value=5.83391e-13 6.85434e-06 1.74827e-07 1.24848e-05 -0.000279763 9.56946e-07 9.20394e-06 2.12863e-05 1.08888e-05 -0.000365782 2.09981e-05 -0.000267702 3.72987e-05 0.00052453 0.000979483 9.69842e-05 1.42496e-05 2.8194e-05 0.00057966 0.000150221 4.43733e-06 2.00747e-05 0.00036627 0.000167927 -3.83023e-05 -1.38847e-05 -7.40469e-05 -3.9115e-05 -0.000311335 -2.59341e-05
internal_weight=1979 1947 1923 1842 81 1817 1794 1738 1717 56 1684 90 1594 72 48 54 1522 1477 61 40 1416 1393 201 181 1192 1166 143 1144 112 70
internal_count=1979 1947 1923 1842 81 1817 1794 1738 1717 56 1684 90 1594 72 48 54 1522 1477 61 40 1416 1393 201 181 1192 1166 143 1144 112 70
is_linear=0
shrinkage=0.03


Tree=264
num_leaves=31
num_cat=0
split_feature=6 4 0 9 2 0 0 4 7 4 7 6 4 6 5 4 5 7 4 5 7 4 6 6 3 3 9 0 3 3
split_gain=0.00637999 0.0170718 0.0157106 0.0124741 0.0101429 0.00770533 0.0356231 0.0297692 0.0437631 0.0456165 0.043991 0.0193769 0.015126 0.0112388 0.0486287 0.0130115 0.0356227 0.0404451 0.0261063 0.0171327 0.0163429 0.0224698 0.0149651 0.0198329 0.0110518 0.0215579 0.0209557 0.0144356 0.0101763 0.0580094
threshold=87.760212447422859 0.20351458381447632 0.017602816901408528 0.028344313438426562 0.39941752928167856 -0.025498024157092177 -0.023850009924140821 0.053338136649866204 0.03024210260628302 0.0077284880742448667 0.20297440769325839 22.494331065759635 -0.08379100734590765 32.619484302513762 -0.025490749414272536 -0.026812374336255936 -0.042353096529794403 -0.30682673219215029 -0.022345271477419323 -0.065468434155236996 0.23855152664860149 -0.040962874832235534 39.927536231884062 42.172772723547261 -0.041860737106595707 -0.021241373389303427 0.030027112810661203 -0.073618157063451747 -0.0096219608441130405 -0.0078033708032940732
decision_type=2 2 2 2 2 2 2 2 2 2 2 2 2 2 2 2 2 2 2 2 2 2 2 2 2 2 2 2 2 2
left_child=1 4 -3 -2 5 7 -7 8 9 -1 -10 -8 -13 14 -14 16 19 -18 -17 -15 21 -19 -20 -24 26 -26 -12 -28 -25 -30
right_child=3 2 -4 -5 -6 6 11 -9 10 -11 24 12 13 15 -16 18 17 20 22 -21 -22 -23 23 28 25 -27 27 -29 29 -31
leaf_value=5.5800106227466393e-05 -0.00017644384525192437 -0.0011982615287415683 -0.00014957653299158363 0.00085875646719201046 0.00064781419795260507 0.0011711770998954307 0.00083523615784943095 -0.00090503667977463915 -0.0012987272294703871 0.0018614140357822179 -0.00089417445445272683 -0.00061443685292033483 0.00110324737848714 -0.0004709320107539152 -0.00057121355105967564 0.00080568942419926605 -0.00089048701571300623 0.0014175457233795896 -0.00058906976188729068 -0.0016122809315565973 -0.0002402018803913961 7.3817319768880091e-05 0.00090804906784218138 -0.00021537348822388784 0.00070537528000912922 -0.00049232831856768037 -0.00040491067129187286 0.00073491486255079503 0.001558459359803237 1.5397511838180127e-06
leaf_weight=34 20 20 36 22 22 24 25 40 30 20 29 36 37 29 27 37 28 24 38 20 20 21 22 171 38 21 20 20 22 1026
leaf_count=34 20 20 36 22 22 24 25 40 30 20 29 36 37 29 27 37 28 24 38 20 20 21 22 171 38 21 20 20 22 1026
internal_value=-4.83065e-13 -7.93173e-06 -0.000524107 0.000365804 7.43552e-06 -1.42922e-07 2.40434e-05 -0.000154379 -1.2745e-05 0.000724546 -0.000264731 6.65159e-06 -6.64406e-06 7.73212e-06 0.000396834 -9.3478e-06 -0.000282176 6.27267e-05 2.00912e-05 -0.000936789 0.000473342 0.000790472 -2.6353e-06 1.53216e-05 -2.23876e-05 0.000279074 -0.000280159 0.000165002 -7.89972e-07 3.42232e-05
internal_weight=1979 1937 56 42 1881 1859 1607 252 212 54 158 1583 1558 1522 64 1458 142 93 1316 49 65 45 1279 1241 128 59 69 40 1219 1048
internal_count=1979 1937 56 42 1881 1859 1607 252 212 54 158 1583 1558 1522 64 1458 142 93 1316 49 65 45 1279 1241 128 59 69 40 1219 1048
is_linear=0
shrinkage=0.03


Tree=265
num_leaves=31
num_cat=0
split_feature=5 6 9 2 6 9 9 7 7 8 7 9 9 8 7 9 5 7 2 5 6 2 5 5 1 9 5 9 9 6
split_gain=0.00608135 0.033124 0.0317579 0.0386059 0.0302604 0.043531 0.0299763 0.0244335 0.0363295 0.0353792 0.0270291 0.0226308 0.0326204 0.0224537 0.0258315 0.0242356 0.0847607 0.0616551 0.0439177 0.0341255 0.0330701 0.0287779 0.0222685 0.0198299 0.0209322 0.0183434 0.0260814 0.0201843 0.020756 0.017998
threshold=0.085356743140897487 54.595091414944363 0.052261383887176681 -1.0000000180025095e-35 56.953234880450076 0.027855722416644111 0.014729951145510364 -0.27765430835524268 0.13766357051512371 0.77600096081900316 0.48105347145985661 0.018776636004492153 0.017627386851773497 1.8764155641489613 -0.41270979975597899 0.031158277567789692 0.18084982712780009 0.038806201855580931 0.36684808217887105 0.55942265723680329 66.099623249259437 0.053692398318472841 0.17666932920669601 0.3389522767846353 0.061065762889426563 0.023061957626231394 0.19832506149203635 0.026897112098672359 0.024884777120394736 72.180451127819538
decision_type=2 2 2 2 2 2 2 2 2 2 2 2 2 2 2 2 2 2 2 2 2 2 2 2 2 2 2 2 2 2
left_child=-1 2 3 -2 5 -3 -6 -5 9 -9 -10 12 29 14 -13 21 17 20 23 -20 -17 -16 -15 24 -18 26 -23 28 -27 -8
right_child=1 4 -4 7 6 -7 11 8 10 -11 -12 13 -14 22 15 16 18 -19 19 -21 -22 25 -24 -25 -26 27 -28 -29 -30 -31
leaf_value=5.1510931959291437e-05 -0.0015475249605189109 -0.00030871697763879116 0.00065986103145405646 0.0004478266113437712 -0.0011075632159852169 0.0014721660203481405 -0.00054012524809513701 -0.00043677549665410286 0.00063990682323366915 -0.0019411775474554816 -0.00075457173166796558 -0.00057596432040736545 0.0010462410529990763 -0.0013301572592567738 -0.0011571968334686497 0.0010927918425560081 -0.00096558901119149401 0.0001315770340302298 0.001274900207063183 -0.00012311954377219078 0.002778326064348221 0.00064130488129024855 -0.0001586541463038884 0.00025856727954305826 -0.00010457300100824795 -0.00023471821990926853 -0.00053168504823815962 8.2348315278068184e-05 -0.001482395377010107 0.00060498749188679667
leaf_weight=1010 29 21 22 28 22 30 30 34 29 24 22 60 44 23 23 22 54 31 33 30 20 59 40 36 48 30 24 60 20 21
leaf_count=1010 29 21 22 28 22 30 30 34 29 24 22 60 44 23 23 22 54 31 33 30 20 59 40 36 48 30 24 60 20 21
internal_value=3.78798e-13 -5.36904e-05 -0.000411192 -0.000553138 3.23662e-05 0.000738861 -1.69917e-05 -0.000342648 -0.000545706 -0.00105929 3.83671e-05 1.68961e-05 0.000447743 -4.98746e-05 1.15758e-05 8.35194e-05 0.000270847 0.00114639 -4.71381e-05 0.000609177 0.00189543 -0.000154109 -0.000586346 -0.00034676 -0.000560405 -3.457e-05 0.000302127 -0.000288623 -0.000733789 -6.86082e-05
internal_weight=1979 969 188 166 781 51 730 137 109 58 51 708 95 613 550 490 274 73 201 63 42 216 63 138 102 193 83 110 50 51
internal_count=1979 969 188 166 781 51 730 137 109 58 51 708 95 613 550 490 274 73 201 63 42 216 63 138 102 193 83 110 50 51
is_linear=0
shrinkage=0.03


Tree=266
num_leaves=31
num_cat=0
split_feature=8 8 0 4 0 4 4 4 8 1 8 1 5 2 9 5 8 2 8 2 4 2 4 5 8 8 5 0 1 1
split_gain=0.0059744 0.0176865 0.0153045 0.0378521 0.0946151 0.0226858 0.0228979 0.0622854 0.0545185 0.0230091 0.0359088 0.0335765 0.0208086 0.0337261 0.0320887 0.048579 0.0324158 0.0241775 0.0372956 0.0233377 0.0232895 0.0203342 0.0201578 0.0177527 0.0166652 0.0312112 0.056294 0.0406957 0.0239754 0.0152832
threshold=0.81272988961931736 0.82606786326442816 -0.0034306225726727364 -0.020746552288520789 0.011954356487095088 -0.0054801199438463946 0.015204689954272712 0.020544487584357899 0.93050498378645863 0.044199380720278965 0.91870870968363494 0.022667586647875607 0.034213680989107716 0.056547392462885433 0.040462546360846639 0.28633597144600037 2.3338396778350021 0.1554153126733773 1.6121830693392873 0.39941752928167856 0.13965992153621712 0.13970947495020117 0.063169531086828115 0.18356970161252009 1.0449841095201335 1.1448669320877309 0.14367156247418503 -0.0068083118809409973 -0.020217194705411941 -0.079207633531088381
decision_type=2 2 2 2 2 2 2 2 2 2 2 2 2 2 2 2 2 2 2 2 2 2 2 2 2 2 2 2 2 2
left_child=-1 -2 24 4 -4 -5 8 -8 -7 10 -9 21 -11 -14 16 -16 17 18 -15 -17 23 -12 -13 -19 -3 26 28 29 -26 -27
right_child=1 2 3 5 -6 6 7 9 -10 12 11 22 13 14 15 19 -18 20 -20 -21 -22 -23 -24 -25 25 27 -28 -29 -30 -31
leaf_value=-6.069708144981892e-05 0.0008505346591118723 -0.00034142341095710021 0.0025210083300844419 -0.00077799692521304158 -9.3966564216481696e-05 -0.00048872908065095534 -0.0015239917063577608 0.00129408689300445 0.0015472685313655127 -0.00065314016780965687 -0.0006998444390810618 0.0012591576670168032 0.0012192391211699161 -8.7417700546680975e-05 0.0017749046129174528 -0.0007349699309894017 -0.0013370728615804441 -0.00070808541173132005 0.0013753781487633075 0.00059848884534504678 -0.00098068922343932529 0.00043566083387387066 2.1138905503903514e-05 0.00040130734087570624 0.0019482999750074339 0.00048799185446995352 -0.00060840943828225139 -0.0014188578855246303 0.0005131319286301732 -0.00012565644352697437
leaf_weight=840 24 167 20 28 33 20 22 33 29 42 40 29 21 62 20 21 21 21 21 27 39 22 20 34 22 45 22 20 20 194
leaf_count=840 24 167 20 28 33 20 22 33 29 42 40 29 21 62 20 21 21 21 21 27 39 22 20 34 22 45 22 20 20 194
internal_value=-1.31054e-13 4.47634e-05 2.74195e-05 0.000125832 0.000892816 5.47654e-05 9.76282e-05 3.63909e-05 0.000716249 0.000108967 0.000425236 0.000166929 -2.9461e-05 6.18092e-05 -2.95669e-05 0.00053269 -0.000222665 -9.04473e-05 0.000282687 1.51006e-05 -0.000419917 -0.000296923 0.000753844 -2.2279e-05 -9.81068e-05 2.76946e-05 0.000620941 -0.000118899 0.00126489 -1.0116e-05
internal_weight=1979 1139 1115 625 53 572 544 495 49 473 144 111 329 287 266 68 198 177 83 48 94 62 49 55 490 323 64 259 42 239
internal_count=1979 1139 1115 625 53 572 544 495 49 473 144 111 329 287 266 68 198 177 83 48 94 62 49 55 490 323 64 259 42 239
is_linear=0
shrinkage=0.03


Tree=267
num_leaves=31
num_cat=0
split_feature=6 4 6 2 2 6 4 4 5 9 4 4 3 2 5 1 5 6 4 1 5 2 1 9 5 5 4 9 9 1
split_gain=0.00618275 0.0164026 0.0147157 0.0115707 0.00925127 0.0562295 0.0112681 0.0155783 0.0346706 0.039728 0.0143439 0.0198515 0.0135643 0.0366814 0.0222503 0.0263437 0.0117869 0.00989498 0.0108847 0.0110672 0.00862515 0.0172553 0.0164376 0.0198042 0.11088 0.0290337 0.0384593 0.0270358 0.0231171 0.0532856
threshold=87.760212447422859 0.20351458381447632 77.762128325508613 0.33304222004030798 0.29532921249583372 70.17513491497813 0.11476857114426543 0.15484795994745651 0.16945842195388885 0.038278194099707695 0.1069441885330661 0.10281904388994802 0.041148105608228243 0.1359824561403509 -0.030598819190993217 0.055306743135210341 0.069649302958296869 80.874520004954789 0.089960054339990672 0.042633832399827772 0.15795606684376332 0.17888274023508502 0.10226304994482562 0.040210937526493455 0.12626255907969733 0.12469590858081094 0.01953597095345894 0.025422139673677357 0.026005649447210077 -0.072314791079210447
decision_type=2 2 2 2 2 2 2 2 2 2 2 2 2 2 2 2 2 2 2 2 2 2 2 2 2 2 2 2 2 2
left_child=1 4 -3 -2 6 -6 10 8 -8 -10 11 12 17 14 -14 -16 -17 18 20 -20 21 22 23 25 -25 28 -27 -28 29 -1
right_child=3 2 -4 -5 5 -7 7 -9 9 -11 -12 -13 13 -15 15 16 -18 -19 19 -21 -22 -23 -24 24 -26 26 27 -29 -30 -31
leaf_value=0.0013595296868428202 -0.00013783360577560545 -9.7601101475043442e-06 -0.00098301173099477231 0.00085804420390299385 -0.00060579624267873065 0.0011923921867855825 -0.0016147093484983087 0.00028646005214088492 0.00077180118310143768 -0.00095585160702466965 0.00064163757708229235 -0.00091613174881786106 0.00089743249223101884 0.0012710092905243594 -0.0011537657993612811 0.00069795257889199993 -0.00027076867376028813 0.0005933164735324681 -0.0009341843635775149 -9.1721949914547925e-05 -0.0001831078918736526 0.00061559065827168527 0.00078149962588213383 -1.4602046606596559e-05 0.0023912066118791696 -0.0014675813141391324 -0.00055721590754768372 0.00076398431207053358 -0.00020170920633720072 4.1759412828742387e-05
leaf_weight=29 21 27 29 21 29 34 20 27 23 25 32 21 20 28 20 20 26 24 23 36 209 43 24 125 20 29 46 20 349 579
leaf_count=29 21 27 29 21 29 34 20 27 23 25 32 21 20 28 20 20 26 24 23 36 209 43 24 125 20 29 46 20 349 579
internal_value=-2.30955e-12 -7.80817e-06 -0.000513765 0.000360105 7.25488e-06 0.000364655 -5.13026e-06 -0.000323207 -0.00056528 -0.000128018 1.24073e-05 4.99952e-07 1.20265e-05 0.000327901 2.08419e-05 -0.000244792 0.000150414 -1.1116e-05 -2.05849e-05 -0.00042014 -4.58102e-06 2.49381e-05 4.13703e-06 -1.14492e-05 0.000317234 -5.67524e-05 -0.00055697 -0.000156852 -7.09661e-06 0.000104614
internal_weight=1979 1937 56 42 1881 63 1818 95 68 48 1723 1691 1670 114 86 66 46 1556 1532 59 1473 1264 1221 1197 145 1052 95 66 957 608
internal_count=1979 1937 56 42 1881 63 1818 95 68 48 1723 1691 1670 114 86 66 46 1556 1532 59 1473 1264 1221 1197 145 1052 95 66 957 608
is_linear=0
shrinkage=0.03


Tree=268
num_leaves=31
num_cat=0
split_feature=4 2 8 7 4 7 8 4 8 2 9 5 9 2 5 7 4 3 9 9 0 8 7 8 9 9 4 4 4 8
split_gain=0.00596512 0.0150612 0.0315934 0.0102188 0.00992566 0.00724756 0.00757458 0.0324054 0.02729 0.026186 0.0210833 0.0231808 0.0259748 0.0114854 0.0121746 0.024279 0.0182742 0.0100244 0.0125019 0.0453774 0.030983 0.0264467 0.0269002 0.0379389 0.0576238 0.0645973 0.0280911 0.0253107 0.0879442 0.0379595
threshold=-0.11077906633424033 -0.16349538540488959 0.71725100969115474 0.032841771036533192 -0.090629358883831987 -0.61491434273505707 0.52259078445658969 0.011079713706623974 0.48060333732132315 0.13084799477020162 0.040462546360846639 0.058979009696924496 0.028024148555624528 0.64904173866176318 0.4134632143734473 0.049189296355432795 0.20351458381447632 0.082038314216106314 0.025751445073890943 0.027073823125737716 0.001516544117647012 2.0307808652458417 0.038806201855580931 1.2357776046149529 0.030315490506235044 0.03404191365153892 0.088648225247545911 0.011079713706623974 0.029466225173806707 0.70349457467458731
decision_type=2 2 2 2 2 2 2 2 2 2 2 2 2 2 2 2 2 2 2 2 2 2 2 2 2 2 2 2 2 2
left_child=3 2 -2 -1 -3 -6 7 9 -9 10 11 12 -7 14 16 -16 17 18 -8 20 -20 22 27 -24 -25 -26 -27 -21 29 -29
right_child=1 4 -4 -5 5 6 13 8 -10 -11 -12 -13 -14 -15 15 -17 -18 -19 19 21 -22 -23 23 24 25 26 -28 28 -30 -31
leaf_value=0.00018756793039210605 -0.00023564226825588516 -0.000652710625436157 0.0014304028130136431 -0.00070029695023549716 -0.00047586837904028858 0.0011655660623756166 -4.6113094652602166e-05 -0.00028734962779968296 -0.0015343445216686549 -0.00080233628662036997 0.0012335247646551579 -0.00058464000597058859 -0.00025300185162840147 0.00069691065091477783 8.9613570547525712e-05 -0.0011894145911686461 0.0008587613812414929 -0.00054844029247760775 0.0018219554428335117 -0.00014948836324976819 0.00020745535488822498 0.00089370456903865977 -0.00043200669428810159 0.001610157369919445 -0.0015059962935213532 0.0013466863115318118 -0.00017565181013196707 0.00068101262282156802 9.3931691613585323e-05 0.0024240728548687437
leaf_weight=20 21 21 20 28 28 26 807 56 22 21 20 26 21 23 34 22 24 27 23 124 20 33 193 23 21 20 24 22 186 23
leaf_count=20 21 21 20 28 28 26 807 56 22 21 20 26 21 23 34 22 24 27 23 124 20 33 193 23 21 20 24 22 186 23
internal_value=1.76476e-12 8.21179e-06 0.000577063 -0.000330353 -4.12836e-06 3.15908e-06 1.04447e-05 -0.000167889 -0.000639066 0.000154495 0.000370554 0.000134124 0.000531738 3.12088e-05 2.17924e-05 -0.000412862 3.72959e-05 2.45436e-05 3.47283e-05 0.000126356 0.00107103 6.56374e-05 2.26717e-05 -0.000196625 0.000319611 -0.000137044 0.00051632 0.000196255 0.00038185 0.00157191
internal_weight=1979 1931 41 48 1890 1869 1841 192 78 114 93 73 47 1649 1626 56 1570 1546 1519 712 43 669 636 281 88 65 44 355 231 45
internal_count=1979 1931 41 48 1890 1869 1841 192 78 114 93 73 47 1649 1626 56 1570 1546 1519 712 43 669 636 281 88 65 44 355 231 45
is_linear=0
shrinkage=0.03


Tree=269
num_leaves=31
num_cat=0
split_feature=9 9 9 1 8 8 1 1 3 1 1 3 3 3 6 9 2 9 1 6 1 2 8 2 9 6 6 7 9 9
split_gain=0.00597417 0.0100632 0.0172098 0.0105799 0.0282699 0.042223 0.0159468 0.0101916 0.0253976 0.015171 0.0241308 0.0159201 0.0143418 0.0271084 0.0195926 0.0558863 0.0552994 0.0187402 0.0183666 0.016542 0.0136945 0.0195863 0.0814045 0.0472163 0.0233312 0.0191105 0.0221493 0.0257943 0.0232829 0.0272418
threshold=0.059663773258629163 0.05642859914360368 0.054924362959735663 0.1682105263157895 1.0296501057679115 1.6459348176315156 0.14549211493666073 0.12860944483650907 0.067040190820062864 0.11713872916849356 0.10774156473195963 0.053662132779765399 0.045826998586562924 0.041148105608228243 70.17513491497813 0.044242982010957589 0.23388153688786598 0.052705681126948463 0.085790132475023109 67.92261518494486 -0.10152449255941552 -0.1074556475224334 0.99827187851368393 -0.13036408404323549 0.030434215926805303 37.743304163351908 40.141369047619058 -0.030901467239006827 0.04852483614004393 0.031971633523351438
decision_type=2 2 2 2 2 2 2 2 2 2 2 2 2 2 2 2 2 2 2 2 2 2 2 2 2 2 2 2 2 2
left_child=1 2 3 6 -5 -6 7 8 9 10 11 12 13 14 16 18 17 19 -16 20 -1 22 23 24 -22 -23 27 -27 29 -28
right_child=-2 -3 -4 4 5 -7 -8 -9 -10 -11 -12 -13 -14 -15 15 -17 -18 -19 -20 -21 21 25 -24 -25 -26 26 28 -29 -30 -31
leaf_value=-0.00044905427587218577 -0.00050330801101933632 0.00050952351951439462 -0.00074209742414365915 -0.00059977942868135869 0.0014942358298114789 -0.00020686125208158046 -0.00071747896985600943 0.00066104706908975323 -0.00085490189522745145 0.00076044409594032913 -0.00096426655730718507 0.00076547426702454683 -0.0005445728956588676 0.00095957170137100749 0.00019964305002304172 0.0016573812984658971 -0.0012031078404591729 0.00089990447691525336 -0.00068060660210903727 -0.00063397420895993349 -0.0012180833521092103 -0.00034429832874517235 0.0018993243643082676 0.00097304581264033899 0.00011519038338779605 -2.5497298338450488e-05 -6.8307461490174032e-05 0.0013804302403055456 -0.00071305097834556354 0.00031961973989382388
leaf_weight=60 21 35 28 20 29 24 28 21 31 24 23 25 42 27 192 23 36 20 24 39 27 143 25 25 21 24 663 23 40 216
leaf_count=60 21 35 28 20 29 24 28 21 31 24 23 25 42 27 192 23 36 20 24 39 27 143 25 25 21 24 663 23 40 216
internal_value=-1.42653e-12 5.39809e-06 -3.77736e-06 7.13186e-06 0.000361268 0.000723928 -7.05692e-06 4.03105e-06 -3.75087e-06 1.13959e-05 9.31905e-07 1.4029e-05 2.77981e-06 1.69007e-05 1.00307e-06 0.000251534 -4.29594e-05 -1.14622e-05 0.000101838 -2.54188e-05 -6.68664e-06 1.53035e-05 0.000421837 -8.41522e-05 -0.000634776 -2.0621e-05 2.72939e-05 0.00066251 -5.19262e-06 2.70194e-05
internal_weight=1979 1958 1923 1895 73 53 1822 1794 1773 1742 1718 1695 1670 1628 1601 239 1362 1326 216 1306 1267 1207 98 73 48 1109 966 47 919 879
internal_count=1979 1958 1923 1895 73 53 1822 1794 1773 1742 1718 1695 1670 1628 1601 239 1362 1326 216 1306 1267 1207 98 73 48 1109 966 47 919 879
is_linear=0
shrinkage=0.03


Tree=270
num_leaves=31
num_cat=0
split_feature=6 4 8 8 2 6 4 9 6 6 4 4 3 2 9 9 6 2 9 2 4 9 9 2 4 9 3 3 9 9
split_gain=0.00571422 0.01628 0.0164693 0.0117361 0.0087517 0.0512455 0.0107794 0.0148152 0.0395935 0.0321041 0.0129349 0.0186189 0.0127946 0.0345779 0.0221996 0.0501018 0.00919059 0.0115372 0.0189007 0.0372427 0.0337516 0.0220364 0.0135978 0.01186 0.0388003 0.0180769 0.0123112 0.0365127 0.0291806 0.0303015
threshold=87.760212447422859 0.20351458381447632 1.5292686459800879 1.2636627376898921 0.29532921249583372 70.17513491497813 0.11476857114426543 0.0447716414121564 69.035594035594059 76.813080934028591 0.1069441885330661 0.10281904388994802 0.041148105608228243 0.1359824561403509 0.026005649447210077 0.033928288260547522 79.258837261004885 0.12866173508097226 0.038578895811532989 0.1509125211766518 0.047697157241795692 0.046119484292646569 0.025484714267157888 0.11443288720961343 0.06407928929139374 0.025853438825319233 0.028205980954671087 0.025062045872139675 0.026897112098672359 0.021647122449957559
decision_type=2 2 2 2 2 2 2 2 2 2 2 2 2 2 2 2 2 2 2 2 2 2 2 2 2 2 2 2 2 2
left_child=1 4 -3 -2 6 -6 10 8 -8 -10 11 12 16 14 -14 -16 17 23 19 22 -21 -20 -19 26 25 -25 27 -1 29 -28
right_child=3 2 -4 -5 5 -7 7 -9 9 -11 -12 -13 13 -15 15 -17 -18 18 21 20 -22 -23 -24 24 -26 -27 28 -29 -30 -31
leaf_value=-3.7498520719560069e-07 -0.0001552940614055842 -0.00012810172872074571 -0.0012018107254989445 0.00084767830121563743 -0.00057132799017789026 0.0011453186651274069 -0.0012198744490742684 -0.00094253946166281805 0.0010898461761042618 -0.00043173168203793462 0.00061013385082333118 -0.00088641856597470377 -0.00071108842967078085 0.0012349118377148571 0.0014777465532957153 -0.00032120802986594898 0.00048530092589895829 -0.0002575070766646317 -0.0011584734395214849 0.0013303177336068904 4.1123855949949806e-05 -0.00018349047814909784 -0.0011696302215568721 0.0002853905959372324 -0.00068790146667743106 0.0014882487307667084 -0.00066728545380655027 0.0012626606929448565 -0.00091042263996462495 0.00079082957468926899
leaf_weight=1080 21 36 20 21 29 34 20 25 26 24 32 21 26 28 22 38 33 38 34 23 89 54 24 22 20 23 23 21 43 29
leaf_count=1080 21 36 20 21 29 34 20 25 26 24 32 21 26 28 22 38 33 38 34 23 89 54 24 22 20 23 23 21 43 29
internal_value=1.50407e-12 -7.50649e-06 -0.000511569 0.000346192 7.50017e-06 0.000355116 -4.54594e-06 -0.000315648 -9.17578e-05 0.000359489 1.26071e-05 1.29967e-06 1.24626e-05 0.000319243 2.11188e-05 0.000338409 -1.00136e-05 -2.0746e-05 -0.000201892 -2.06843e-05 0.000305869 -0.000560188 -0.000610587 1.6891e-05 0.000411543 0.000900185 -4.55752e-06 2.37156e-05 -0.000332228 0.000145894
internal_weight=1979 1937 56 42 1881 63 1818 95 70 50 1723 1691 1670 114 86 60 1556 1523 262 174 112 88 62 1261 65 45 1196 1101 95 52
internal_count=1979 1937 56 42 1881 63 1818 95 70 50 1723 1691 1670 114 86 60 1556 1523 262 174 112 88 62 1261 65 45 1196 1101 95 52
is_linear=0
shrinkage=0.03


Tree=271
num_leaves=31
num_cat=0
split_feature=4 2 1 6 8 6 8 1 3 1 2 2 2 8 3 9 9 9 6 8 4 8 9 6 4 3 1 0 4 6
split_gain=0.0055933 0.0144051 0.0500556 0.00993044 0.0241711 0.0185811 0.00748183 0.00647385 0.0406527 0.031784 0.0210901 0.0213056 0.0193804 0.055361 0.0238021 0.0172097 0.0652658 0.0435993 0.0325888 0.0362341 0.0272416 0.048298 0.0266446 0.066352 0.0566598 0.023086 0.0482085 0.0227575 0.0202549 0.0253716
threshold=-0.11077906633424033 -0.16349538540488959 -0.033397068196303441 30.505050505050509 0.78472465758571697 32.619484302513762 1.4123790956357365 0.01077453292218389 0.028588905783765054 0.012232530300763102 -0.091884476026312931 -0.048464232073488815 0.21429962044504949 0.64778573886135737 0.017744882304912449 0.033050594405784582 0.03425257119690258 0.031774094411758776 85.20768890852851 1.6830112327665916 0.029466225173806707 0.78472465758571697 0.027855722416644111 67.785444158352121 0.044474451564761604 0.03854915579275587 0.05442186944674799 0.0074196409456525067 0.1177333447264234 72.024844720496915
decision_type=2 2 2 2 2 2 2 2 2 2 2 2 2 2 2 2 2 2 2 2 2 2 2 2 2 2 2 2 2 2
left_child=6 2 -2 4 -3 -5 -1 8 12 -9 -11 -12 14 -14 -7 17 -17 22 19 20 -18 -22 28 24 -24 26 -23 -19 29 -13
right_child=1 3 -4 5 -6 7 -8 9 -10 10 11 15 13 -15 -16 16 18 27 -20 -21 21 25 23 -25 -26 -27 -28 -29 -30 -31
leaf_value=-0.0006364402733951075 0.001638388011488132 0.00023746387553675208 -0.00045869122325841865 0.00072617877016455167 -0.0008568937155024076 2.7260298890359199e-05 0.000123276551021263 -0.0011100263122469187 -0.0012100939270616932 0.00085158543020952488 -0.00078631337547181723 -0.00022277722822786576 -0.00016407092893496155 0.0018442733755468256 0.0010524873961029308 0.0013386751796005646 0.00071202565326530017 -0.00029198030898855491 0.0011712328927824273 -0.00093012526492552397 -0.00089126923155751739 0.00090368176053743808 0.00015980545455187729 -0.00054319945640269327 0.0023128960104341705 0.00058315984681351382 -0.00074887969075365267 -0.0016149550463072954 -0.0010629499386996032 0.00029404852600519322
leaf_weight=28 20 34 21 32 39 691 20 25 22 24 34 325 30 21 21 37 46 22 20 39 51 24 22 33 22 68 47 25 20 116
leaf_count=28 20 34 21 32 39 691 20 25 22 24 34 325 30 21 21 37 46 22 20 39 51 24 22 33 22 68 47 25 20 116
internal_value=-1.49177e-13 7.95173e-06 0.000564274 -4.11664e-06 -0.000347193 9.66683e-06 -0.000319892 -3.1782e-06 6.13053e-05 -5.37977e-05 -2.6715e-05 -4.88803e-05 9.79642e-05 0.000662894 5.74987e-05 -2.15381e-05 0.000150979 -0.000119445 2.01393e-06 -8.30202e-05 5.69675e-05 -0.000101625 -4.28961e-05 0.000473686 0.00123635 0.0001881 -0.000190267 -0.00099569 -0.00012918 -8.68321e-05
internal_weight=1979 1931 41 1890 73 1817 48 1785 785 1000 975 951 763 51 712 917 332 585 295 275 236 190 538 77 44 139 71 47 461 441
internal_count=1979 1931 41 1890 73 1817 48 1785 785 1000 975 951 763 51 712 917 332 585 295 275 236 190 538 77 44 139 71 47 461 441
is_linear=0
shrinkage=0.03


Tree=272
num_leaves=31
num_cat=0
split_feature=5 2 5 0 0 1 4 9 8 4 1 4 1 4 1 5 5 4 4 1 4 2 1 0 2 1 0 4 5 1
split_gain=0.0058757 0.0112125 0.00969592 0.0246304 0.0339412 0.00930262 0.0238811 0.0132845 0.0144719 0.00927503 0.0290521 0.00874501 0.0193001 0.0191201 0.0376294 0.0122498 0.020316 0.00837688 0.0210226 0.0589223 0.0250782 0.0293026 0.0257453 0.0245005 0.022275 0.0205471 0.0261689 0.0332159 0.0588765 0.0338098
threshold=0.72360344009580013 0.46320706300911046 0.35767842657335708 -0.0011658409617593122 0.039946808510638372 -0.10152449255941552 -0.098905246456421833 0.037624811469302584 0.95480855025224198 0.17526072942752571 0.17848716748323226 0.13685680025460237 0.11713872916849356 0.12040022802883311 0.12860944483650907 0.28633597144600037 0.25548383301046113 -0.033627086168460489 -0.015376194050293777 0.019317631094310398 -0.0058793802101408379 0.021330924747539951 -1.0000000180025095e-35 -0.0079239501707856191 0.0090498835403726181 -0.033397068196303441 -0.0070990708670076166 0.011079713706623974 0.091657156733415693 1.0000000180025095e-35
decision_type=2 2 2 2 2 2 2 2 2 2 2 2 2 2 2 2 2 2 2 2 2 2 2 2 2 2 2 2 2 2
left_child=1 2 5 -4 -5 7 -7 -1 -9 10 11 13 -13 14 15 16 17 -8 19 23 21 22 -20 -19 -25 -22 -27 28 29 -28
right_child=-2 -3 3 4 -6 6 9 8 -10 -11 -12 12 -14 -15 -16 -17 -18 18 20 -21 25 -23 -24 24 -26 26 27 -29 -30 -31
leaf_value=-0.0009195082005032378 -0.00049914280601244944 0.00055366252887655389 0.00040528652025386693 -0.0016939185373485088 1.3670099063099107e-05 0.00094299929850676567 -0.00016132968640738884 -0.00063123770800633454 0.00038913329300502763 0.00054130008604762886 -0.0010587983096585324 0.0010084032562735956 -0.00023694918890084538 -0.00078841824044906781 0.0013097750902525149 0.00067318472174520132 -0.00091500226601386777 0.00051371922442579971 -0.00026889258766245533 0.0015471628055674955 0.00044804871158703462 0.00017746578284437065 -0.0014544630765885812 3.1669972156504946e-05 -0.0010988128285056777 -0.00027380186526275983 0.00015324060942345697 -4.2858888045884666e-07 -0.00084767756075598301 0.001464987164363265
leaf_weight=23 21 33 24 20 22 25 237 22 29 29 23 24 21 27 20 24 22 68 34 30 96 41 32 62 21 253 28 600 20 48
leaf_count=23 21 33 24 20 22 25 237 22 29 29 23 24 21 27 20 24 22 68 34 30 96 41 32 62 21 253 28 600 20 48
internal_value=-1.18382e-12 5.35342e-06 -4.04616e-06 -0.000361375 -0.000799467 8.64007e-06 2.23042e-05 -0.00032096 -5.10267e-05 9.22611e-06 3.12105e-07 1.45741e-05 0.000427239 3.40762e-06 1.64756e-05 4.69468e-07 -9.67197e-06 3.01419e-06 3.22336e-05 0.000332797 -1.49903e-05 -0.000452421 -0.000843715 9.15323e-05 -0.000254356 2.97993e-05 -1.25105e-05 8.24704e-05 0.000600589 0.000981712
internal_weight=1979 1958 1925 66 42 1859 1785 74 51 1760 1731 1708 45 1663 1636 1616 1592 1570 1333 181 1152 107 66 151 83 1045 949 696 96 76
internal_count=1979 1958 1925 66 42 1859 1785 74 51 1760 1731 1708 45 1663 1636 1616 1592 1570 1333 181 1152 107 66 151 83 1045 949 696 96 76
is_linear=0
shrinkage=0.03


Tree=273
num_leaves=31
num_cat=0
split_feature=7 2 1 6 7 4 4 6 6 8 3 5 7 3 7 6 4 7 2 5 8 4 2 2 3 5 5 8 6 3
split_gain=0.00580631 0.0210314 0.0144178 0.0296365 0.0124066 0.0120211 0.0142554 0.0351292 0.0340784 0.0295059 0.0272241 0.0167131 0.0219682 0.0155537 0.0123816 0.0358847 0.0258419 0.0230536 0.0206271 0.0391912 0.0184529 0.0211932 0.0157402 0.0189228 0.0166863 0.0155336 0.014977 0.0143844 0.0315622 0.0150501
threshold=0.98471158500994593 0.1359824561403509 0.029230762831019001 45.552842692710151 0.89888400601532314 0.28689836098073257 0.12040022802883311 83.939462560386502 68.07539990681785 0.89324000695139483 0.063935039669831287 0.26981639188701539 -0.16794332739653836 0.054623447607845883 0.28285310056272966 22.494331065759635 0.1110549000887401 0.26512865077145681 -0.029022898858176768 -0.030598819190993217 1.4894870070311514 -0.08379100734590765 1.0000000180025095e-35 0.018600826111951022 0.033240426777849115 0.010132399419801931 -0.075852406254402191 1.239384729457863 60.906697489244202 -0.0059234212643656239
decision_type=2 2 2 2 2 2 2 2 2 2 2 2 2 2 2 2 2 2 2 2 2 2 2 2 2 2 2 2 2 2
left_child=4 2 3 -2 5 6 10 8 -8 -10 13 -11 -13 14 15 -1 17 20 19 26 21 -17 -20 -24 -25 -21 -16 -23 29 -29
right_child=1 -3 -4 -5 -6 -7 7 -9 9 11 -12 12 -14 -15 18 16 -18 -19 22 25 -22 27 23 24 -26 -27 -28 28 -30 -31
leaf_value=0.0012909907002800276 -0.00079504375749703249 0.00039275883170040808 -0.00097245434424915011 0.00057838062769196067 0.0007384417754864054 0.00070212956740182226 -0.001132436726120827 -0.0013340025676734511 -0.0007860281801549717 0.00093230787447696041 0.00098539957908752281 -0.00070770519878715274 0.00057589023490436377 -0.00080424429316605845 9.4744187355151073e-05 -0.00074296318762935695 0.0011100463691982442 0.001008266801945865 -0.00092672322817088568 0.0015416920398820366 0.00064747314568823922 3.55254354117859e-05 0.00060099308102508071 -0.00019915714680125045 -0.0011125661178957669 0.00035931277036434038 -0.0009398637930862606 -0.0015537949316203593 0.00025254235103299534 -0.0003899597864365205
leaf_weight=21 31 38 31 26 21 22 23 24 24 33 26 20 30 21 34 35 20 21 30 20 39 1049 24 180 20 20 20 20 36 20
leaf_count=21 31 38 31 26 21 22 23 24 24 33 26 20 30 21 34 35 20 21 30 20 39 1049 24 180 20 20 20 20 36 20
internal_value=-1.60792e-12 -0.000197061 -0.000451756 -0.000168569 1.33997e-05 5.08866e-06 -3.38366e-06 -0.000279468 -8.47843e-05 0.000140412 2.22908e-05 0.000408298 6.24521e-05 6.92835e-06 1.75154e-05 6.12337e-05 4.04072e-05 2.28721e-05 -0.0001409 0.000238767 5.61331e-06 -1.59665e-05 -0.000281407 -0.000194981 -0.000290498 0.000950502 -0.000288444 6.65121e-06 -0.000391889 -0.000971877
internal_weight=1979 126 88 57 1853 1832 1810 154 130 107 1656 83 50 1630 1609 1261 1240 1220 348 94 1199 1160 254 224 200 40 54 1125 76 40
internal_count=1979 126 88 57 1853 1832 1810 154 130 107 1656 83 50 1630 1609 1261 1240 1220 348 94 1199 1160 254 224 200 40 54 1125 76 40
is_linear=0
shrinkage=0.03


Tree=274
num_leaves=31
num_cat=0
split_feature=5 6 4 2 2 2 4 5 5 5 5 3 0 6 0 6 0 4 2 8 8 3 3 8 2 0 4 8 5 1
split_gain=0.00565155 0.0126918 0.0248448 0.0181301 0.0129764 0.0127665 0.00798562 0.0206064 0.0292381 0.0361266 0.02272 0.0189472 0.0251269 0.0239115 0.0153734 0.0297705 0.0163751 0.0143089 0.0117479 0.0104729 0.020885 0.0191288 0.0245157 0.0189812 0.0361965 0.0172397 0.0272408 0.0141261 0.0172849 0.0136437
threshold=0.72360344009580013 87.760212447422859 0.23271976271406883 0.39941752928167856 0.30993088929091889 0.28356766812652984 0.089960054339990672 0.11006782200666389 0.14661883492515207 0.17134097220432123 0.18642551087439987 0.0069345181373483564 0.027179012427511088 72.391107078039951 0.053531437378091414 54.595091414944363 0.043705426356589146 0.080045409828292127 0.13084799477020162 1.4613538249515241 1.1677901483951307 0.029178213619393104 0.014472633765155842 1.1160117864539776 0.018600826111951022 0.010041904292388827 0.027500952192358156 1.6234995665323932 0.0045233131453921169 -0.074381313987388939
decision_type=2 2 2 2 2 2 2 2 2 2 2 2 2 2 2 2 2 2 2 2 2 2 2 2 2 2 2 2 2 2
left_child=1 2 3 4 5 6 14 -8 -9 -10 -11 -12 13 -13 16 -16 17 19 -19 20 23 22 -22 29 -25 26 27 -21 -29 -1
right_child=-2 -3 -4 -5 -6 -7 7 8 9 10 11 12 -14 -15 15 -17 -18 18 -20 25 21 -23 -24 24 -26 -27 -28 28 -30 -31
leaf_value=-0.0003913561709969026 -0.00048952940352527151 0.00054816886888339039 -0.00094505089055746784 0.00082620905188377945 -0.00059323526495559653 0.00074242658480735762 -0.00081526700076112223 0.0007706585987365211 -0.0014027687999259796 0.00087004998150015515 -0.0010424669258063657 0.0012058922374853862 -0.00053282671028431099 -0.00010520798507176579 -5.7294273957316025e-05 0.0012601294292835519 -0.00063812282322240732 -4.6396254632702985e-05 0.0008264096855585064 0.00087428137726549594 -0.00037312810622398119 -0.0011246459221001715 0.00073728686697514996 0.0014597872551530599 -0.00020567223778925834 0.00085733284450725475 -0.00080397024048725141 -0.00040744220170381591 0.00065760229597799469 2.3086969200672906e-05
leaf_weight=77 21 38 25 24 33 21 37 33 20 21 20 21 47 31 38 26 35 23 35 28 121 24 21 23 24 32 25 32 24 999
leaf_count=77 21 38 25 24 33 21 37 33 20 21 20 21 47 31 38 26 35 23 35 28 121 24 21 23 24 32 25 32 24 999
internal_value=8.6192e-13 5.25032e-06 -5.49495e-06 6.90025e-06 -3.60932e-06 6.977e-06 -1.52297e-06 -0.000166728 -4.23964e-05 -0.000210089 -3.97061e-05 -0.000200251 -3.01067e-05 0.000424275 2.24197e-05 0.000477909 3.27903e-06 1.83658e-05 0.000480297 -3.69909e-07 -2.72215e-05 -0.000341307 -0.000208912 1.92061e-05 0.00060934 0.000245103 6.53663e-05 0.000324097 4.90054e-05 -6.57114e-06
internal_weight=1979 1958 1920 1895 1871 1838 1817 230 193 160 140 119 99 52 1587 64 1523 1488 58 1430 1289 166 142 1123 47 141 109 84 56 1076
internal_count=1979 1958 1920 1895 1871 1838 1817 230 193 160 140 119 99 52 1587 64 1523 1488 58 1430 1289 166 142 1123 47 141 109 84 56 1076
is_linear=0
shrinkage=0.03


Tree=275
num_leaves=31
num_cat=0
split_feature=8 8 6 6 9 9 9 3 0 8 2 6 1 8 8 1 6 2 9 9 0 8 8 2 0 8 8 1 1 8
split_gain=0.00537679 0.0167158 0.0166632 0.0155047 0.0157358 0.0382984 0.0342649 0.113935 0.0674019 0.0247979 0.0244251 0.0286532 0.0330892 0.0181668 0.0320766 0.0186324 0.0247055 0.0517187 0.0444323 0.0383713 0.0365515 0.0291402 0.0285915 0.0318948 0.0249591 0.017307 0.0173033 0.0161502 0.0148813 0.0214639
threshold=0.81272988961931736 0.82606786326442816 23.734910376783322 25.362364375183279 0.026444937254086965 0.024565110435235727 0.029841361739540263 0.035755294824749935 0.01526899340214294 0.88743202564852008 0.13970947495020117 75.919167342525029 0.053466528445324076 0.88257305080487536 0.91060240469981346 -0.1175380318702665 47.326387599531053 0.048058577405857734 0.03425257119690258 0.033050594405784582 0.012185841036492564 1.2490903464398921 1.6830112327665916 0.36684808217887105 0.0094323735200849707 1.0782382785934359 1.239384729457863 0.095297539117234834 0.0041401479641416392 0.78472465758571697
decision_type=2 2 2 2 2 2 2 2 2 2 2 2 2 2 2 2 2 2 2 2 2 2 2 2 2 2 2 2 2 2
left_child=2 -2 -1 -3 5 9 7 8 -6 -5 27 -12 -13 -8 -15 -16 21 18 -18 24 25 -17 23 -22 -19 -21 -27 -11 29 -4
right_child=1 3 28 4 6 -7 13 -9 -10 10 11 12 -14 14 15 16 17 19 -20 20 22 -23 -24 -25 -26 26 -28 -29 -30 -31
leaf_value=-0.00089201761941824634 0.00082581412047147754 0.0007642880871891975 0.00012429757816595198 0.00069912420502499489 0.00071955783342543447 -0.00073616511818836437 -0.00059977364117422933 0.0025334113332147272 -0.0013620230123134597 -0.00012579687233131603 0.0012023133934578962 0.00074697591161922269 -0.00090011236124805047 0.0012199313461730655 0.00075097800898847394 -0.0012794424184188568 0.0019645063270052727 -0.00011807108893990517 0.00011592539115808905 0.0002444203626031854 0.00039826923991703159 0.00011819688929244875 -0.00023410317450258376 0.0017463726734488524 -0.0014115627855062485 -0.001294533789956144 -0.00028475093967114977 -0.000984132235337581 -0.00017740432262927961 -0.00088108756276778877
leaf_weight=21 24 25 430 41 42 75 39 22 21 326 27 23 21 21 29 29 22 25 25 35 56 25 37 22 29 21 56 21 369 20
leaf_count=21 24 25 430 41 42 75 39 22 21 326 27 23 21 21 29 29 22 25 25 35 56 25 37 22 29 21 56 21 369 20
internal_value=1.78722e-12 4.24656e-05 -5.75814e-05 2.56043e-05 8.66204e-06 -0.000107649 0.00012037 0.000674753 2.56976e-05 -4.94971e-06 -7.40096e-05 0.000432965 -3.91344e-05 2.03226e-05 7.63035e-05 1.78699e-05 -3.77849e-05 6.0107e-05 0.000981219 -9.3958e-05 7.7026e-05 -0.000632387 0.000452708 0.000778504 -0.000812724 -0.000308719 -0.000560146 -0.000177742 -3.61856e-05 7.96138e-05
internal_weight=1979 1139 840 1115 1090 534 556 85 63 459 418 71 44 471 432 411 382 328 47 281 227 54 115 78 54 112 77 347 819 450
internal_count=1979 1139 840 1115 1090 534 556 85 63 459 418 71 44 471 432 411 382 328 47 281 227 54 115 78 54 112 77 347 819 450
is_linear=0
shrinkage=0.03


Tree=276
num_leaves=31
num_cat=0
split_feature=5 1 1 4 7 7 1 3 3 4 7 7 3 4 9 8 4 1 1 0 1 4 5 0 3 7 7 3 7 1
split_gain=0.00559053 0.0157547 0.0106754 0.00912411 0.021214 0.0488308 0.0133187 0.0122716 0.0233238 0.0130051 0.00886736 0.0229807 0.0160935 0.0204262 0.0158102 0.0156002 0.0225561 0.0196619 0.0337909 0.0194243 0.015139 0.0206147 0.0163596 0.0199268 0.020197 0.0354409 0.018922 0.0172575 0.0489262 0.0533556
threshold=0.48243215995500294 0.22065823473412219 0.19108154717910811 0.14250170761421979 -0.21122020596717031 0.21812230565794336 0.15625484764542932 0.070535098361274598 0.062313114512523311 0.12717284450004943 0.28285310056272966 0.26512865077145681 0.051845029729737042 0.099928014345087926 0.052261383887176681 1.4958429551365862 0.028452390335698356 -0.079207633531088381 -0.069267908464507741 -0.0058774180813264678 0.10605109249803547 0.1069441885330661 0.12973940340054205 -0.018620736237757559 0.017267009416923943 -0.02385214349628478 -0.29428781949326338 0.0083190117533074055 -0.31845096430127651 0.038796904457824029
decision_type=2 2 2 2 2 2 2 2 2 2 2 2 2 2 2 2 2 2 2 2 2 2 2 2 2 2 2 2 2 2
left_child=1 3 -2 6 -5 -6 7 8 9 10 11 14 13 -12 15 17 -17 19 -19 -1 21 22 27 -24 25 -25 -26 -20 29 -29
right_child=2 -3 -4 4 5 -7 -8 -9 -10 -11 12 -13 -14 -15 -16 16 -18 18 20 -21 -22 -23 23 24 26 -27 -28 28 -30 -31
leaf_value=-6.2903763127646271e-05 -1.1736613395082395e-05 0.0007729505338647868 -0.00085068321484141048 0.00039003975972134086 -0.0013688921414808752 0.00032289465116004326 0.00076527572636093401 0.00069379088567549595 -0.0010223267224500887 0.00075007937748783403 -0.00010711443152677085 0.0010012235312553291 0.00071835079835727805 -0.0010884678497677669 0.00058149612830179229 0.001236027462132783 -0.00012246356340421533 0.0010397329503445819 -5.1585833131631577e-05 -0.0011230146319056596 -0.00069213250057836037 0.00087182088784174992 -0.00086912474171038266 -0.00018458682599808334 0.00018905387001319062 0.00092075396057528746 -0.00076727475855295783 0.00030636421743441715 1.8367237163825876e-06 0.0020419242077507078
leaf_weight=35 43 24 20 28 34 28 21 23 20 21 419 22 20 20 44 22 22 28 491 28 29 24 37 95 27 36 60 44 189 25
leaf_count=35 43 24 20 28 34 28 21 23 20 21 419 22 20 20 44 22 22 28 491 28 29 24 37 95 27 36 60 44 189 25
internal_value=-8.47746e-13 9.14318e-06 -0.000278069 -5.45706e-07 -0.000295335 -0.000604859 1.41774e-05 5.32111e-06 -3.68617e-06 8.03582e-06 -1.03985e-06 4.01414e-05 -0.000113907 -0.000151823 2.30347e-05 2.4204e-06 0.000556782 -1.88269e-05 1.10901e-05 -0.000534064 -1.61587e-05 2.91058e-06 -1.78602e-05 -0.000225405 -0.00011615 0.000119171 -0.000470483 5.27992e-05 0.000251455 0.00093519
internal_weight=1979 1916 63 1892 90 62 1802 1781 1758 1738 1717 1258 459 439 1236 1192 44 1148 1085 63 1057 1028 1004 255 218 131 87 749 258 69
internal_count=1979 1916 63 1892 90 62 1802 1781 1758 1738 1717 1258 459 439 1236 1192 44 1148 1085 63 1057 1028 1004 255 218 131 87 749 258 69
is_linear=0
shrinkage=0.03


Tree=277
num_leaves=31
num_cat=0
split_feature=4 4 6 7 6 6 9 6 6 0 7 0 7 1 2 0 2 0 0 3 3 6 1 6 2 4 7 4 4 1
split_gain=0.00551469 0.0130354 0.0101463 0.00989813 0.00752457 0.0262755 0.0147722 0.0119801 0.0121029 0.0273845 0.0360284 0.0156146 0.00911183 0.00868002 0.0287561 0.0195866 0.0354732 0.0276822 0.0273429 0.0201805 0.0241938 0.01844 0.0165602 0.0240968 0.0291471 0.0388987 0.0291026 0.0245066 0.0247923 0.0165028
threshold=-0.11077906633424033 -0.094069000464067007 23.734910376783322 0.032841771036533192 32.619484302513762 31.570638202749532 0.024884777120394736 35.897435897435898 40.141369047619058 -0.010123180525347162 -0.19332212883269664 -0.02094030513662681 0.017177439001888065 0.030466098339401507 -0.054020926034701482 0.033002788460638761 -0.0055641541557034371 0.044779523204114387 0.026782054742482412 0.027575690242251597 0.018958649670556719 41.40770764974588 0.03446125058474981 49.255672385168801 0.0025135271954721543 0.036943119993372971 1.0000000180025095e-35 0.050464154382626865 0.05720919233797251 0.055306743135210341
decision_type=2 2 2 2 2 2 2 2 2 2 2 2 2 2 2 2 2 2 2 2 2 2 2 2 2 2 2 2 2 2
left_child=3 -2 -3 -1 5 6 -4 12 9 11 -11 -9 -6 15 -15 18 -17 -18 19 20 21 -10 -16 26 -25 29 -24 -27 -29 -26
right_child=1 2 4 -5 7 -7 -8 8 13 10 -12 -13 -14 14 22 16 17 -19 -20 -21 -22 -23 23 24 25 27 -28 28 -30 -31
leaf_value=0.00019209541045711376 0.0007026984555704984 -0.00062714043356802153 0.00055412074580090125 -0.00068172948069072199 -0.00086564844176173202 0.0012332018816960044 -0.00040674340561963612 0.00031210809353860499 -0.00080484473693144066 7.5283099897205827e-05 0.0016173199315555394 -0.00081935094902291889 -8.4106936601215391e-05 -0.0010146301236517471 -0.00062094154115224819 -0.00043881131401285527 0.0016890119624440557 0.00033189737335628556 -0.00097032450065016743 -0.00083915584680178891 0.00096228858697801258 5.761798730451338e-05 0.0014716893788759729 0.00074405496458271759 -0.00044961977910635794 0.00058713970114374265 -0.00010771242535806127 -0.0010244085481390358 -5.3842805763736248e-05 -0.0015538934804499149
leaf_weight=20 24 23 24 28 25 20 36 23 23 30 25 21 29 29 43 25 24 31 25 23 26 745 21 38 29 51 21 25 451 21
leaf_count=20 24 23 24 28 25 20 36 23 23 30 25 21 29 29 43 25 24 31 25 23 26 745 21 38 29 51 21 25 451 21
internal_value=-7.9712e-13 7.89566e-06 -8.48583e-07 -0.000317636 6.79723e-06 0.000291502 -2.23977e-05 -5.82827e-06 7.75207e-06 0.000329935 0.000776209 -0.000227906 -0.000445932 -1.15672e-05 -8.8926e-05 4.95983e-05 0.000498185 0.000924093 6.97717e-06 3.68824e-05 6.22588e-05 3.1789e-05 -5.05754e-05 -1.32456e-05 -6.07249e-05 -0.000113726 0.000681988 -3.78543e-05 -0.000104818 -0.000913415
internal_weight=1979 1931 1907 48 1884 80 60 1804 1750 99 55 44 54 1651 729 922 80 55 842 817 794 768 700 657 615 577 42 527 476 50
internal_count=1979 1931 1907 48 1884 80 60 1804 1750 99 55 44 54 1651 729 922 80 55 842 817 794 768 700 657 615 577 42 527 476 50
is_linear=0
shrinkage=0.03


Tree=278
num_leaves=31
num_cat=0
split_feature=8 8 2 2 2 5 8 4 0 2 5 3 4 4 6 5 5 4 2 1 4 6 4 2 8 8 2 6 1 3
split_gain=0.00526167 0.0326207 0.0244547 0.0184282 0.0140124 0.0680464 0.020822 0.0199976 0.0208304 0.0344695 0.0215327 0.0203935 0.0242382 0.0217079 0.0204434 0.0132092 0.0126951 0.0179406 0.0164391 0.0136509 0.0124218 0.0116565 0.0181544 0.0275639 0.0109714 0.0180637 0.0177953 0.024115 0.0176853 0.0390462
threshold=0.61810926855491666 0.60627024908260418 0.27833702518664366 0.64904173866176318 -0.054020926034701482 0.045277673542060699 0.56403322818522172 -0.039025493348270483 0.015012360403035887 0.20255892623308605 0.095772827703346844 0.00065735045709203199 -0.0087767497272351318 1.0000000180025095e-35 45.833333333333385 0.069649302958296869 0.4134632143734473 0.21249033996806135 0.32532714082310671 0.18416121035755664 0.16388638673622016 20.37234042553192 -0.098905246456421833 -0.19537668905363861 0.68094220873964306 0.71725100969115474 0.084824242424242483 42.172772723547261 0.018155368115011065 0.0025159183260123901
decision_type=2 2 2 2 2 2 2 2 2 2 2 2 2 2 2 2 2 2 2 2 2 2 2 2 2 2 2 2 2 2
left_child=1 2 4 16 5 6 -1 -6 9 11 -10 12 14 -13 -9 -14 17 19 -18 20 21 -2 23 -23 28 26 27 -26 29 -24
right_child=3 -3 -4 -5 7 -7 -8 8 10 -11 -12 13 15 -15 -16 -17 18 -19 -20 -21 -22 22 24 -25 25 -27 -28 -29 -30 -31
leaf_value=0.0006698786264614147 0.00076018874533474441 -0.0011695140654046554 -0.00099925073572773148 0.00090738656797579361 0.0010189733872123595 -0.0018303993064910174 -0.00055002447764854873 -3.7376155669335274e-05 0.0012515249894931911 0.00094101218564201876 3.6727160652938844e-05 -0.0012696389916042486 -0.00081829101732832244 -0.00023699438082985577 0.0012287005907009271 0.00016403274494223297 3.8521012524142862e-05 0.00092161998432129617 -0.0010031018452718854 -0.00067802164703607555 -0.00060850314899451197 0.00020690425395277206 5.2332186173918024e-05 -0.0012321536496514454 -0.00075164190149339648 5.2735408046592672e-05 -0.00099269574228674187 0.00060774821322411292 -0.00028045662579054753 0.0012838234355975243
leaf_weight=34 20 24 22 21 21 20 20 24 24 26 29 27 28 57 22 22 30 20 25 25 27 23 62 25 23 1153 30 24 34 37
leaf_count=34 20 24 22 21 21 20 20 24 24 26 29 27 28 57 22 22 30 20 25 25 27 23 62 25 23 1153 30 24 34 37
internal_value=2.55126e-12 -9.719e-05 -2.87437e-05 2.46206e-05 3.15702e-05 -0.000335576 0.000218063 0.000128602 5.64094e-05 -8.00566e-05 0.000586824 -0.000227544 7.11558e-05 -0.000568916 0.000568139 -0.000386069 1.2722e-05 2.91037e-05 -0.000434944 1.7067e-05 2.89855e-05 4.10136e-05 3.08198e-05 -0.000542605 5.10138e-05 2.30254e-05 -0.000421853 -5.74852e-05 0.000309854 0.000512586
internal_weight=1979 400 376 1579 354 74 54 280 259 206 53 180 96 84 46 50 1558 1503 55 1483 1458 1431 1411 48 1363 1230 77 47 133 99
internal_count=1979 400 376 1579 354 74 54 280 259 206 53 180 96 84 46 50 1558 1503 55 1483 1458 1431 1411 48 1363 1230 77 47 133 99
is_linear=0
shrinkage=0.03


Tree=279
num_leaves=31
num_cat=0
split_feature=5 6 4 2 2 2 4 5 5 5 5 3 0 6 0 6 0 4 2 5 4 3 5 5 6 6 8 5 4 5
split_gain=0.0053232 0.0115554 0.023874 0.0177786 0.0113604 0.0121313 0.00689775 0.0190348 0.0279814 0.0335685 0.0206904 0.0175358 0.0232398 0.0217339 0.0140569 0.0276015 0.0154367 0.0132174 0.0108591 0.00951189 0.0160943 0.036733 0.0387898 0.0344744 0.0219318 0.0327657 0.0265184 0.0156141 0.0433147 0.0613738
threshold=0.72360344009580013 87.760212447422859 0.23271976271406883 0.39941752928167856 0.30993088929091889 0.28356766812652984 0.089960054339990672 0.11006782200666389 0.14661883492515207 0.17134097220432123 0.18642551087439987 0.0069345181373483564 0.027179012427511088 72.391107078039951 0.053531437378091414 54.595091414944363 0.043705426356589146 0.080045409828292127 0.13084799477020162 0.10885384615683859 0.016222139784863424 0.0059692067715014794 0.13345014101486311 0.15795606684376332 57.992382850163928 55.795289328293109 0.88257305080487536 0.063416478983690863 0.003097012149298473 0.073616360327036903
decision_type=2 2 2 2 2 2 2 2 2 2 2 2 2 2 2 2 2 2 2 2 2 2 2 2 2 2 2 2 2 2
left_child=1 2 3 4 5 6 14 -8 -9 -10 -11 -12 13 -13 16 -16 17 19 -19 27 21 22 -21 -24 25 -22 -26 -1 -29 -30
right_child=-2 -3 -4 -5 -6 -7 7 8 9 10 11 12 -14 -15 15 -17 -18 18 -20 20 24 -23 23 -25 26 -27 -28 28 29 -31
leaf_value=-1.5560931932858601e-05 -0.00047509621695748393 0.00052313846857654619 -0.00092617461523041131 0.00081832106923684477 -0.00055510679767890414 0.00072340978409296693 -0.00077865170980363177 0.00075955107657302333 -0.00134956540420535 0.00083252250537043434 -0.00099909281503641968 0.0011569918553245122 -0.00050864380383071426 -9.2981539276098044e-05 -5.933164275790516e-05 0.0012091941819828487 -0.00062059744304445168 -4.5611486345043645e-05 0.00079352864450109859 -0.00085770895377405593 -5.9294341818282472e-05 -0.0012477884983972591 0.001287699352150135 -0.00020745460475778341 0.0002133116741060803 0.0013391322887968272 -0.00047813282849137276 -0.00021626890355843533 0.0020652005519844929 0.00032943134291351517
leaf_weight=809 21 38 25 24 33 21 37 33 20 21 20 21 47 31 38 26 35 23 35 37 38 34 23 35 96 25 104 97 22 110
leaf_count=809 21 38 25 24 33 21 37 33 20 21 20 21 47 31 38 26 35 23 35 37 38 34 23 35 96 25 104 97 22 110
internal_value=2.30742e-12 5.09552e-06 -5.15741e-06 6.99321e-06 -3.41399e-06 6.49127e-06 -1.79453e-06 -0.000155335 -3.58387e-05 -0.000199888 -3.56482e-05 -0.000188855 -2.51703e-05 0.000411815 2.04577e-05 0.000456007 2.15487e-06 1.68029e-05 0.000460766 -1.20395e-06 -0.000127109 -0.00040158 -9.87269e-05 0.000385451 7.51798e-06 0.000495637 -0.000146239 4.63439e-05 0.000265038 0.000618726
internal_weight=1979 1958 1920 1895 1871 1838 1817 230 193 160 140 119 99 52 1587 64 1523 1488 58 1430 392 129 95 58 263 63 200 1038 229 132
internal_count=1979 1958 1920 1895 1871 1838 1817 230 193 160 140 119 99 52 1587 64 1523 1488 58 1430 392 129 95 58 263 63 200 1038 229 132
is_linear=0
shrinkage=0.03


Tree=280
num_leaves=31
num_cat=0
split_feature=9 2 9 2 6 2 4 4 6 9 9 2 4 9 1 4 2 0 6 6 1 9 6 6 7 7 1 9 2 1
split_gain=0.00544333 0.0225087 0.0337471 0.0489072 0.026483 0.017659 0.026863 0.0413415 0.0499202 0.0315682 0.021731 0.0266132 0.0167333 0.0142192 0.0620531 0.0266055 0.050581 0.0371574 0.020425 0.0308267 0.0165971 0.0387855 0.0153825 0.0258875 0.0230949 0.0301392 0.0386922 0.0296242 0.0374839 0.031216
threshold=0.021271728295027995 -0.017908110361636417 0.019454082170045846 0.10896919773731374 39.279926335174956 0.088130884395740031 0.003097012149298473 0.012697813461414078 57.368637955903573 0.016709939388415706 0.018265704019516892 0.14544628878985891 0.032898360249058241 0.024318107562826034 -0.069267908464507741 0.010067617514871398 0.047054463563002365 0.015824178881618915 31.570638202749532 32.619484302513762 0.044199380720278965 0.022706561629429748 87.760212447422859 81.903380017103316 -0.43033673741546813 -0.26123159640797039 -0.052922718070592449 0.026005649447210077 0.20930489312842251 0.045727443109501061
decision_type=2 2 2 2 2 2 2 2 2 2 2 2 2 2 2 2 2 2 2 2 2 2 2 2 2 2 2 2 2 2
left_child=1 4 5 -4 -1 6 -3 -8 -9 12 11 -7 -10 14 -2 17 -17 -16 -15 -20 21 -18 23 24 -21 26 -26 -28 29 -29
right_child=13 2 3 -5 -6 10 7 8 9 -11 -12 -13 -14 18 15 16 20 -19 19 22 -22 -23 -24 -25 25 -27 27 28 -30 -31
leaf_value=-7.4882073258049779e-05 0.0018272662025992758 -0.00043540358985774219 -0.0011653181224676741 0.00037635884170735912 -0.0011335964028320804 -0.0006842790485473327 0.00147724959152666 -0.00093854047459899451 -0.00045273670319974455 0.0014062538980666934 0.00068775326069444415 0.00032400366363091097 0.00073119033003292444 -0.00047236839859151692 0.00018259509349573096 -0.0010092069887711356 0.0015693720716184803 0.001548184709073129 0.001127112470276188 -0.00043891414845533363 -0.00015835909597808494 -0.00010043829608137809 0.00076115002389997243 -0.00094023964264326612 -0.00069794305546495774 -3.8406931111560688e-05 0.0015996862289362718 0.0005323011351416264 0.0014533867288380861 -0.00047218038630130333
leaf_weight=50 20 30 46 31 37 62 33 24 22 29 25 38 21 83 97 45 21 22 22 98 60 31 23 27 26 788 21 79 25 43
leaf_count=50 20 30 46 31 37 62 33 24 22 29 25 38 21 83 97 45 21 22 22 98 60 31 23 27 26 788 21 79 25 43
internal_value=-4.05798e-13 -9.1977e-05 1.2414e-05 -0.000544643 -0.00052514 0.000163447 0.000373197 0.000561244 0.000246366 0.000641335 -0.000103355 -0.000301132 0.00012546 2.69142e-05 0.000213664 9.67361e-05 -0.000159698 0.000435057 -1.78452e-05 1.49026e-05 0.000181622 0.000573908 -6.75104e-06 -2.27056e-05 2.32726e-07 4.4058e-05 0.000379019 0.000545691 0.00039512 0.000178263
internal_weight=1979 448 361 77 87 284 159 129 96 72 125 100 43 1531 296 276 157 119 1235 1152 112 52 1130 1107 1080 982 194 168 147 122
internal_count=1979 448 361 77 87 284 159 129 96 72 125 100 43 1531 296 276 157 119 1235 1152 112 52 1130 1107 1080 982 194 168 147 122
is_linear=0
shrinkage=0.03


Tree=281
num_leaves=31
num_cat=0
split_feature=7 2 1 4 0 7 7 0 0 8 8 5 0 8 7 3 2 8 1 2 2 0 0 4 0 0 0 3 3 3
split_gain=0.00536816 0.0200033 0.0130249 0.0269295 0.0117266 0.0239649 0.0168475 0.014404 0.0210297 0.0176789 0.0145952 0.010437 0.0214635 0.0135114 0.0161584 0.0138329 0.0130295 0.0469579 0.0688935 0.0492196 0.0136214 0.0120004 0.016379 0.0155519 0.0165114 0.0175333 0.0218792 0.0206049 0.0119823 0.022982
threshold=0.98471158500994593 0.1359824561403509 0.029230762831019001 -0.047041021250622532 0.052211892852115589 0.3875363050136485 -0.13440303250753052 0.043705426356589146 0.039946808510638372 2.3338396778350021 1.0062918475878557 0.4134632143734473 -0.0068083118809409973 1.8950853168600976 0.81659753513877953 0.062313114512523311 -0.1074556475224334 0.98910432994584541 -0.097919193335080354 -0.13036408404323549 -0.097527005910727591 -0.042745947714907577 -0.061663391629003687 0.13685680025460237 0.031548170063952503 0.024163139201089815 0.022414816844797739 0.01824685398252324 0.016562801343367965 0.030794033035557281
decision_type=2 2 2 2 2 2 2 2 2 2 2 2 2 2 2 2 2 2 2 2 2 2 2 2 2 2 2 2 2 2
left_child=4 2 3 -2 7 6 -6 8 9 11 -9 13 -13 14 15 16 17 19 -19 -1 -18 22 -22 24 25 26 28 -27 -23 -30
right_child=1 -3 -4 -5 5 -7 -8 10 -10 -11 -12 12 -14 -15 -16 -17 20 18 -20 -21 21 23 -24 -25 -26 27 -28 -29 29 -31
leaf_value=-0.00062159868676593211 -0.00090645088115707032 0.00038574278189212478 -0.00093277864927057946 0.00040764689309980896 0.00055104797991413251 0.0009900635334832424 -0.00036641881718614333 -0.0011372626195661722 0.00093018830267035143 -0.00089000459824455894 -7.6171889481234489e-05 0.00017143709673385682 -0.0010039611869595117 0.00067460868125116186 -0.0007975687758682232 -0.00070902804884573681 -0.00073400411527307539 -0.00010265206984643424 0.0022996281290596182 0.0010159417179238517 0.00021789616135799365 8.2761435651744865e-05 -0.00081268338622924468 0.0006350003592179794 -0.00052091838870962546 -4.8207471023916317e-05 -0.00090377170633038745 0.0009621987635126479 -0.00033784065925103501 0.00028249970944174989
leaf_weight=53 25 38 31 32 31 33 43 20 22 20 28 29 27 28 22 23 22 21 22 24 23 889 35 38 49 34 23 39 178 77
leaf_count=53 25 38 31 32 31 33 43 20 22 20 28 29 27 28 22 23 22 21 22 24 23 889 35 38 49 34 23 39 178 77
internal_value=7.93894e-13 -0.00018948 -0.000437872 -0.000168712 1.28842e-05 0.000317744 1.79254e-05 -5.79845e-06 8.68903e-06 -3.40702e-06 -0.000518293 7.30068e-06 -0.000395273 2.13908e-05 9.75583e-06 2.12146e-05 3.22137e-05 0.000332283 0.00112642 -0.000111196 6.62141e-06 1.83859e-05 -0.000404005 3.68476e-05 1.92139e-05 4.05578e-05 1.23436e-05 0.000491599 3.0762e-05 -0.000150522
internal_weight=1979 126 88 57 1853 107 74 1746 1698 1676 48 1656 56 1600 1572 1550 1527 120 43 77 1407 1385 58 1327 1289 1240 1167 73 1144 255
internal_count=1979 126 88 57 1853 107 74 1746 1698 1676 48 1656 56 1600 1572 1550 1527 120 43 77 1407 1385 58 1327 1289 1240 1167 73 1144 255
is_linear=0
shrinkage=0.03


Tree=282
num_leaves=31
num_cat=0
split_feature=9 9 9 2 2 6 9 9 6 7 9 9 2 3 5 9 2 5 5 5 9 7 0 2 7 9 6 6 6 0
split_gain=0.00512286 0.00914123 0.0148783 0.00844511 0.0175577 0.00936031 0.0220966 0.0355369 0.0205203 0.0130155 0.00979935 0.0315328 0.0355018 0.0254066 0.0247426 0.0232711 0.033096 0.023781 0.121877 0.048695 0.0281506 0.026887 0.0394213 0.0520838 0.0359546 0.0371393 0.0229712 0.0225815 0.0275169 0.0218626
threshold=0.059663773258629163 0.05642859914360368 0.054924362959735663 -0.21348329331837576 -0.16349538540488959 31.570638202749532 0.026005649447210077 0.035842223953902193 32.619484302513762 0.18261209519971802 0.040210937526493455 0.035842223953902193 -0.1074556475224334 0.023206320426020891 -0.023113077878314178 0.042511953854959879 0.14273227969348659 0.13345014101486311 0.15795606684376332 0.08915297296197934 0.04852483614004393 -0.11053705500915977 -0.0080242216355749778 0.24745382294502918 0.48105347145985661 0.046119484292646569 86.817279046673306 55.01677852348994 49.537155351108844 0.07086102372007487
decision_type=2 2 2 2 2 2 2 2 2 2 2 2 2 2 2 2 2 2 2 2 2 2 2 2 2 2 2 2 2 2
left_child=1 2 3 -1 -5 6 9 -8 -7 -6 11 12 -10 -13 27 16 -12 19 -19 20 -17 22 -20 -24 25 -23 29 28 -14 -16
right_child=-2 -3 -4 4 5 8 7 -9 10 -11 15 13 14 -15 26 17 -18 18 21 -21 -22 24 23 -25 -26 -27 -28 -29 -30 -31
leaf_value=-0.00057795818567022003 -0.00046607021658149147 0.00048547610554045863 -0.0006902357535935672 0.00066028625946617809 0.00054839104666888454 0.00094807170664093325 -0.0016750333285225289 5.0303891555152156e-05 0.0010477921804051911 -0.00041927576144437558 0.0015748285175220149 -0.00021198039654557631 -0.0003841526062619364 -0.0012217140855831198 7.7316659000191415e-05 0.00076696134727591509 0.00015910889288144452 0.002426325485575944 -0.00057888252614065998 -0.0016865653870627283 -0.00053623249278669913 -0.0017159630625974386 3.6060133586741153e-05 0.0020559355665463954 0.00049161499661593173 -0.0002300360505809871 -0.00096858349617104974 0.00010587298279372794 -0.0016169067593291401 -0.00087830219894054944
leaf_weight=22 21 35 28 37 29 21 21 22 29 22 23 70 88 33 1045 26 42 20 25 20 35 24 27 20 29 41 20 62 20 22
leaf_count=22 21 35 28 37 29 21 21 22 29 22 23 70 88 33 1045 26 42 20 25 20 35 24 27 20 29 41 20 62 20 22
internal_value=1.9342e-13 4.99871e-06 -3.74633e-06 6.39705e-06 1.32608e-05 2.21624e-07 -0.00029138 -0.000792303 1.59567e-05 0.000130966 4.58288e-06 -3.04155e-05 1.00374e-05 -0.000535487 -1.39044e-05 0.000151007 0.000660056 2.70808e-05 0.000213919 -0.000401956 1.92272e-05 -5.26355e-05 0.000383615 0.000895582 -0.000386785 -0.000778686 3.87319e-05 -0.000350467 -0.00061244 5.76132e-05
internal_weight=1979 1958 1923 1895 1873 1836 94 43 1742 51 1721 1389 1286 103 1257 332 65 267 186 81 61 166 72 47 94 65 1087 170 108 1067
internal_count=1979 1958 1923 1895 1873 1836 94 43 1742 51 1721 1389 1286 103 1257 332 65 267 186 81 61 166 72 47 94 65 1087 170 108 1067
is_linear=0
shrinkage=0.03


Tree=283
num_leaves=31
num_cat=0
split_feature=8 8 6 6 9 9 2 9 1 9 1 7 0 8 9 8 9 2 8 2 4 9 7 0 9 7 1 0 0 2
split_gain=0.00553903 0.0156155 0.0149781 0.0141873 0.0156333 0.0351147 0.0319151 0.0689445 0.188458 0.042193 0.0393655 0.0294913 0.0267899 0.042253 0.0277873 0.0241176 0.0238827 0.0278913 0.0234134 0.0225858 0.0355061 0.0216366 0.0201322 0.0169414 0.0235526 0.0167159 0.0164024 0.0170411 0.0162116 0.0313314
threshold=0.81272988961931736 0.82606786326442816 23.734910376783322 25.362364375183279 0.026444937254086965 0.024565110435235727 0.047054463563002365 0.033504391836638517 0.023993382961124857 0.03057491931743107 0.055306743135210341 -0.24161986966317148 0.023233322837479257 1.6830112327665916 0.040210937526493455 0.99537689425602649 0.046321695696809155 -0.024605688027819202 0.92754614878692132 0.028737979004551443 0.015947824395366132 0.049883758264755482 0.41624824737951954 0.0074196409456525067 0.030434215926805303 -0.058858281823676577 0.017163794373250777 0.0094323735200849707 -1.0000000180025095e-35 0.066370888739727532
decision_type=2 2 2 2 2 2 2 2 2 2 2 2 2 2 2 2 2 2 2 2 2 2 2 2 2 2 2 2 2 2
left_child=2 -2 -1 -3 5 11 7 8 9 -6 16 -5 18 14 -14 28 17 -9 25 20 -17 -16 -7 24 -20 -8 -21 -28 -13 -30
right_child=1 3 -4 4 6 22 12 10 -10 -11 -12 15 13 -15 21 19 -18 -19 23 26 -22 -23 -24 -25 -26 -27 27 -29 29 -31
leaf_value=-0.00084956221215959111 0.00080023049202281981 0.00073341008462011808 -3.8158578789433051e-05 -0.00054682228957780778 -0.00059015501258445201 -0.0010974202731765968 -0.00028832207591040061 5.8545256962623586e-05 0.0034833912312222477 0.0011755484003307564 -0.0012342760374303907 3.7980282591102095e-05 0.00012842290332908026 -0.00042194991242931274 0.0016332121733576058 -4.5013758468664655e-05 -0.00030988228603842129 0.001548705639783293 0.00090212778013665229 0.00056733081182028407 -0.0013064982880730113 0.00039457250672223214 -8.8122740492288927e-05 -0.00068366239933917916 -0.00012527619812228693 -0.0015148739889264107 -0.0004536837321150135 0.00024392175611865242 0.0016345159169286489 0.00019650702143553643
leaf_weight=21 24 25 819 76 29 46 20 26 22 21 20 37 52 53 30 71 38 20 24 60 28 22 29 36 123 20 52 80 25 30
leaf_count=21 24 25 819 76 29 46 20 26 22 21 20 37 52 53 30 71 38 20 24 60 28 22 29 36 123 20 52 80 25 30
internal_value=1.64587e-12 4.31016e-05 -5.84437e-05 2.68046e-05 1.05981e-05 -0.000105333 0.000121942 0.00045592 0.00116954 0.00015144 -3.81227e-05 -6.99566e-06 -3.27423e-05 0.000267462 0.000618798 0.000100124 0.000246676 0.000706441 -0.000244097 -3.37316e-05 -0.000401797 0.00110917 -0.000707159 -0.000100381 4.24632e-05 -0.000901598 0.000156052 -3.08925e-05 0.000523515 0.000850147
internal_weight=1979 1139 840 1115 1090 534 556 176 72 50 104 459 380 157 104 383 84 46 223 291 99 52 75 183 147 40 192 132 92 55
internal_count=1979 1139 840 1115 1090 534 556 176 72 50 104 459 380 157 104 383 84 46 223 291 99 52 75 183 147 40 192 132 92 55
is_linear=0
shrinkage=0.03


Tree=284
num_leaves=31
num_cat=0
split_feature=8 8 6 6 1 8 7 6 1 7 7 2 7 6 4 1 5 5 7 3 2 7 4 4 2 2 6 1 1 5
split_gain=0.00521167 0.0146927 0.0140928 0.0133488 0.0129442 0.0198903 0.0184539 0.0269252 0.044958 0.026045 0.0249358 0.0186258 0.0219753 0.0179827 0.0301981 0.0498959 0.0377628 0.0273406 0.0255379 0.0182274 0.0197385 0.0188284 0.0174634 0.0217751 0.0164298 0.013242 0.0126604 0.0249034 0.0199835 0.00913669
threshold=0.81272988961931736 0.82606786326442816 23.734910376783322 25.362364375183279 0.0041401479641416392 0.78472465758571697 -0.11053705500915977 49.147699757869262 0.03446125058474981 -0.04720362744731748 0.026704029759391349 0.045640790833098584 -0.34514991083857088 70.597632024055642 0.0073240861851571202 -0.0050980338011742945 0.1421791749058097 0.020367587787258893 0.032841771036533192 -0.017200974034360435 0.082277026725561045 -0.049422649337754247 -0.0087767497272351318 -0.019601135141762868 0.088130884395740031 0.06870132580542411 40.517749075992036 -0.032463866305329707 -0.037500234376464874 0.092944987330033882
decision_type=2 2 2 2 2 2 2 2 2 2 2 2 2 2 2 2 2 2 2 2 2 2 2 2 2 2 2 2 2 2
left_child=2 -2 -1 -3 5 13 7 8 -6 -8 -11 12 -9 14 17 16 25 18 26 21 22 -19 23 -21 -13 -16 27 -4 -28 -26
right_child=1 3 4 -5 6 -7 9 11 -10 10 -12 24 -14 -15 15 -17 -18 19 -20 20 -22 -23 -24 -25 29 -27 28 -29 -30 -31
leaf_value=-0.00082407532609067862 0.00077622354088816784 0.00071140773519873615 0.00054363066014567654 1.0280130318512312e-05 -0.00030136835994198918 -0.00085382994508836408 -0.001212578706908971 -0.0014433578762691468 0.0013701041232561692 0.00059844285948202009 -0.00044662355491059962 0.00080303555131831675 -0.00015073210037120716 -0.0007214742904761806 0.00019274070207029581 0.0016753779112228325 0.0011126095422410538 0.00066685336477530655 0.0011295078420597644 -0.00091016599808686543 0.00033943364399601704 -0.00052147890860214819 -0.001392741084237059 0.00026307567997719162 0.00039648692057068862 -0.00073226629935491539 -0.0002413160338376959 -0.00080336316302418711 0.00082611459858813563 -0.00032066324301786831
leaf_weight=21 24 25 21 1090 28 20 30 20 30 26 98 20 29 22 30 28 28 30 27 35 20 20 24 24 21 26 27 30 38 67
leaf_count=21 24 25 21 1090 28 20 30 20 30 26 98 20 29 22 30 28 28 30 27 35 20 20 24 24 21 26 27 30 38 67
internal_value=-2.61846e-12 4.18085e-05 -5.66904e-05 2.60005e-05 -3.70138e-05 7.0986e-05 -0.000168721 1.08322e-05 0.000563186 -0.000419396 -0.000227497 -0.000193222 -0.000678334 0.000114001 0.000159051 0.000578633 0.000213052 2.8986e-07 0.000298524 -0.000278452 -0.000506593 0.00019152 -0.000710455 -0.000432915 2.6875e-05 -0.000236727 0.000105105 -0.000248719 0.00038272 -0.000149525
internal_weight=1979 1139 840 1115 819 450 369 215 58 154 124 157 49 430 408 112 84 296 143 153 103 50 83 59 108 56 116 51 65 88
internal_count=1979 1139 840 1115 819 450 369 215 58 154 124 157 49 430 408 112 84 296 143 153 103 50 83 59 108 56 116 51 65 88
is_linear=0
shrinkage=0.03


Tree=285
num_leaves=31
num_cat=0
split_feature=7 2 1 6 7 4 2 2 2 4 3 1 3 1 8 5 5 6 8 3 5 5 8 8 2 5 5 5 2 4
split_gain=0.00504462 0.0188773 0.0119786 0.0257926 0.0108789 0.0106429 0.0115584 0.0204612 0.0122561 0.0128787 0.0237007 0.0162029 0.0339724 0.0114246 0.0107589 0.017584 0.0285553 0.0137222 0.00740709 0.0243073 0.0261912 0.0264215 0.0264287 0.0239676 0.0297287 0.0255313 0.0306734 0.0412612 0.0401853 0.0156396
threshold=0.98471158500994593 0.1359824561403509 0.029230762831019001 45.552842692710151 0.89888400601532314 0.28689836098073257 0.33304222004030798 0.39941752928167856 0.29532921249583372 0.12040022802883311 0.063935039669831287 0.15625484764542932 0.04985164960566691 0.073359659245300315 1.6234995665323932 0.1011204211053507 0.0016751829013808008 22.494331065759635 1.1677901483951307 0.029178213619393104 0.18642551087439987 0.14496988897841015 1.2096191187970395 1.0110052652434829 -0.073593668236525397 -0.018847530210344406 0.10885384615683859 0.062598350669487837 0.14141414141414135 -0.08379100734590765
decision_type=2 2 2 2 2 2 2 2 2 2 2 2 2 2 2 2 2 2 2 2 2 2 2 2 2 2 2 2 2 2
left_child=4 2 3 -2 5 6 8 -8 9 10 14 12 -11 -9 17 16 -16 -1 23 20 21 22 -20 29 -25 -26 27 -27 -28 -19
right_child=1 -3 -4 -5 -6 -7 7 13 -10 11 -12 -13 -14 -15 15 -17 -18 18 19 -21 -22 -23 -24 24 25 26 28 -29 -30 -31
leaf_value=0.00069230930262064144 -0.0007512937744914163 0.00037511719415258421 -0.00089959391461302254 0.00052997028349916658 0.0006914271678709025 0.00066057634529318994 -0.0011399825010448693 -0.00048137176012539342 0.00060266744638342532 -2.7236407872156373e-05 0.00091763113576094971 0.0001566014835043461 -0.0016234611173526249 0.00048644716851413243 -3.9078741638849563e-05 0.00022599705448374152 -0.0015264424196045313 -0.00070031837030346022 -0.00097167206595518752 -0.00071669661486969114 -0.00087085568775924346 0.0011757696329732425 0.00017852247867733239 0.0013975117678373037 -0.00078126338525908064 0.00017406168759667449 -0.000682075993026956 0.001734950447248088 0.00078465400327896247 5.8668277744221668e-06
leaf_weight=27 31 38 31 26 21 22 22 23 31 28 26 32 21 21 26 30 21 29 21 52 26 20 125 22 20 35 40 27 29 1056
leaf_count=27 31 38 31 26 21 22 22 23 31 28 26 32 21 21 26 30 21 29 21 52 26 20 125 22 20 35 40 27 29 1056
internal_value=2.80487e-13 -0.000183681 -0.000424981 -0.000166858 1.24899e-05 4.70735e-06 -3.26454e-06 -0.000392966 1.14834e-05 7.84747e-07 1.91105e-05 -0.000368445 -0.000711333 -1.94582e-05 4.56408e-06 -0.000341447 -0.000703645 2.19891e-05 9.93941e-06 -0.000141331 1.44966e-05 0.000153166 1.30835e-05 3.92797e-05 0.000367212 0.000217103 0.000369525 0.000853804 -6.56243e-05 -1.30082e-05
internal_weight=1979 126 88 57 1853 1832 1810 66 1744 1713 1632 81 49 44 1606 77 47 1529 1502 244 192 166 146 1258 173 151 131 62 69 1085
internal_count=1979 126 88 57 1853 1832 1810 66 1744 1713 1632 81 49 44 1606 77 47 1529 1502 244 192 166 146 1258 173 151 131 62 69 1085
is_linear=0
shrinkage=0.03


Tree=286
num_leaves=31
num_cat=0
split_feature=5 6 4 9 9 6 3 8 0 0 3 6 3 8 9 7 6 4 5 9 9 4 6 4 4 7 8 6 4 8
split_gain=0.00526343 0.0108744 0.0229899 0.00755287 0.0252121 0.0153584 0.0147301 0.0118295 0.0278871 0.0224679 0.0475688 0.0276497 0.0451181 0.0286021 0.0162939 0.0158283 0.0131012 0.0123933 0.0235666 0.00892849 0.0113908 0.0107618 0.0137739 0.0132415 0.0184416 0.0130671 0.0136621 0.0314378 0.0341651 0.0267385
threshold=0.72360344009580013 87.760212447422859 0.23271976271406883 0.015885605815660109 0.013927235976156948 60.198992812790301 0.0097253401844247262 1.4613538249515241 0.09231323857145525 0.034174964438122298 0.060125714037574059 69.035594035594059 0.013810402079543762 1.5932386190925483 0.028147407837518481 0.70883729182532595 60.834057881008583 -0.11077906633424033 -0.099455256383074661 0.05642859914360368 0.054924362959735663 0.13685680025460237 76.813080934028591 0.12040022802883311 0.1096000251561985 0.57460156813867391 1.1448669320877309 49.147699757869262 0.015947824395366132 1.0603026664631681
decision_type=2 2 2 2 2 2 2 2 2 2 2 2 2 2 2 2 2 2 2 2 2 2 2 2 2 2 2 2 2 2
left_child=1 2 3 4 5 -1 -6 15 9 11 -11 12 13 -9 -15 17 -14 -5 -19 20 21 23 -23 24 25 26 29 -28 -29 -20
right_child=-2 -3 -4 7 6 -7 -8 8 -10 10 -12 -13 16 14 -16 -17 -18 18 19 -21 -22 22 -24 -25 -26 -27 27 28 -30 -31
leaf_value=0.00059334890276659276 -0.00047242142559428296 0.00050761292014565114 -0.00090868286881595848 -0.00063327609335269352 -0.0014107442104141228 -0.00029867515914558775 -0.00025934961182065309 0.0010970014251029953 -0.00082780179451219743 0.001841574472928187 2.1457582811958021e-05 0.00091303520260707421 -0.0003464366281405091 -0.00036665309678276327 0.000633273401551626 -0.00038591974170289022 -0.0014323047480429524 0.0007964858595182054 -3.3069047180960986e-05 0.00050357469774098718 -0.00071406647935509681 0.00084843761275988066 -0.00013984063851901077 -0.00072325842821990827 0.00077870106479773925 0.00052651578914195011 -0.001190699818062371 0.00084564106228450931 -0.00038853567658043178 0.00060422205366194247
leaf_weight=32 21 38 25 26 20 38 20 29 21 24 28 34 20 44 22 94 20 35 996 32 20 30 22 23 27 39 29 27 80 63
leaf_count=32 21 38 25 26 20 38 20 29 21 24 28 34 20 44 22 94 20 35 996 32 20 30 22 23 27 39 29 27 80 63
internal_value=-1.07849e-12 5.06683e-06 -4.8794e-06 7.04413e-06 -0.000234222 0.000109107 -0.000835047 2.1912e-05 0.000216923 0.000316196 0.000861512 0.000148406 -4.41667e-05 0.000311709 -3.33443e-05 -8.67301e-06 -0.000889371 1.57999e-05 2.76593e-05 8.27246e-06 -3.41609e-06 7.22239e-06 0.00043032 -9.9124e-06 3.09867e-06 -1.38716e-05 -3.15076e-05 -0.000314565 -7.71079e-05 4.84345e-06
internal_weight=1979 1958 1920 1895 110 70 40 1785 242 221 52 169 135 95 66 1543 40 1449 1423 1388 1356 1336 52 1284 1261 1234 1195 136 107 1059
internal_count=1979 1958 1920 1895 110 70 40 1785 242 221 52 169 135 95 66 1543 40 1449 1423 1388 1356 1336 52 1284 1261 1234 1195 136 107 1059
is_linear=0
shrinkage=0.03


Tree=287
num_leaves=31
num_cat=0
split_feature=9 6 9 2 1 6 9 6 6 2 2 6 0 9 1 4 2 0 6 6 3 8 3 0 6 6 9 4 1 8
split_gain=0.0051507 0.0208089 0.0180802 0.0369071 0.0273668 0.0347714 0.0263463 0.0281239 0.0254414 0.0175096 0.0346365 0.0169093 0.0157924 0.0139338 0.0564567 0.0244684 0.0461382 0.0344903 0.0187103 0.0270699 0.021043 0.0290407 0.0171448 0.0246743 0.0140718 0.023164 0.0159949 0.0353147 0.0281909 0.0205466
threshold=0.021271728295027995 48.367722561270959 0.019454082170045846 0.10896919773731374 0.0041401479641416392 57.368637955903573 0.017627386851773497 73.093083387201048 56.098901098901102 0.084123382458662813 0.14544628878985891 46.217603245730899 0.01323044607170998 0.024318107562826034 -0.069267908464507741 0.010067617514871398 0.047054463563002365 0.015824178881618915 31.570638202749532 32.619484302513762 -0.038663700695965413 0.71184510419275682 0.036957897464981022 0.021974249574661545 87.760212447422859 81.903380017103316 0.025751445073890943 0.050464154382626865 0.021487617982117405 0.96195451443535129
decision_type=2 2 2 2 2 2 2 2 2 2 2 2 2 2 2 2 2 2 2 2 2 2 2 2 2 2 2 2 2 2
left_child=1 11 4 -4 8 -6 9 -8 -3 12 -11 -1 -7 14 -2 17 -17 -16 20 -20 -15 -22 23 -18 25 26 27 28 -21 -28
right_child=13 2 3 -5 5 6 7 -9 -10 10 -12 -13 -14 18 15 16 22 -19 19 24 21 -23 -24 -25 -26 -27 29 -29 -30 -31
leaf_value=-0.00026781740439062185 0.0017501665363088249 0.0014889631311550899 -0.0010344638912570909 0.00036038727609388109 -0.00084372824558828915 -0.00017485902305570955 0.0010953043797053397 -0.00027152721304446459 0.00020454165957302652 -0.00092087619580772957 0.0004602218453790276 -0.0012162941481385912 0.0009777987460547592 0.00014988707931479439 0.00018073134832372216 -0.00095774627321710193 7.7213099459186202e-05 0.0014963993472470478 0.0010554516977969218 -0.00040336091809727454 -9.6146131611683148e-06 -0.0014550534616513499 -0.00061649895622394979 0.0012290124996533532 0.00072738182022357757 -0.0008902635994470781 -7.093889254564345e-05 -0.0014779665395908523 0.00073121157144972429 0.00021352911077439786
leaf_weight=87 20 23 38 31 38 23 42 20 35 44 26 21 20 32 97 45 70 22 22 73 22 29 20 22 23 27 585 20 27 375
leaf_count=87 20 23 38 31 38 23 42 20 35 44 26 21 20 32 97 45 70 22 22 73 22 29 20 22 23 27 585 20 27 375
internal_value=-5.01605e-13 -8.94705e-05 2.57632e-05 -0.000407792 0.000136152 -2.11643e-05 0.00015745 0.000654391 0.000713881 -0.000115209 -0.000407897 -0.000452243 0.000361261 2.61808e-05 0.000211046 9.95158e-05 -0.000146404 0.000423964 -1.8127e-05 1.3216e-05 -0.000453153 -0.000831531 0.000179582 0.000352643 -7.07534e-06 -2.23351e-05 -6.36853e-07 -0.000327183 -9.70263e-05 4.01814e-05
internal_weight=1979 448 340 69 271 213 175 62 58 113 70 108 43 1531 296 276 157 119 1235 1152 83 51 112 92 1130 1107 1080 120 100 960
internal_count=1979 448 340 69 271 213 175 62 58 113 70 108 43 1531 296 276 157 119 1235 1152 83 51 112 92 1130 1107 1080 120 100 960
is_linear=0
shrinkage=0.03


Tree=288
num_leaves=31
num_cat=0
split_feature=8 8 2 2 9 9 2 6 0 8 4 4 2 3 8 0 2 6 8 0 7 7 7 8 0 7 0 0 0 4
split_gain=0.00486048 0.0295864 0.0229686 0.016463 0.0141944 0.0163005 0.0150823 0.0245462 0.0237575 0.0152202 0.014863 0.0148581 0.0144651 0.0135478 0.0119703 0.0115517 0.0118632 0.0436547 0.0660597 0.0330953 0.0362608 0.130999 0.0525668 0.0610907 0.0649667 0.0374693 0.0346487 0.0261511 0.026168 0.0251782
threshold=0.61810926855491666 0.60627024908260418 0.27833702518664366 0.64904173866176318 0.019454082170045846 0.022631631694580576 0.010652482269503551 49.147699757869262 0.007869969040247728 0.41541855609394568 0.06407928929139374 0.03414523073674703 -0.096025100033728758 0.0029539870286653396 0.49234897446784842 0.099030052258957349 0.06870132580542411 60.906697489244202 1.3819294658677572 0.028578234533451322 -0.17193196660319646 -0.21933652992102312 -0.31535795751668877 0.73111837227814369 -0.0031072191756134067 -0.075665726199334246 0.019661080595520301 0.014639248902949322 -0.0043076175154796994 -0.020746552288520789
decision_type=2 2 2 2 2 2 2 2 2 2 2 2 2 2 2 2 2 2 2 2 2 2 2 2 2 2 2 2 2 2
left_child=1 2 4 15 -1 -6 8 13 9 -7 11 -9 -11 -8 -10 16 17 19 27 20 21 22 23 -2 -25 -22 -27 28 -19 -24
right_child=3 -3 -4 -5 5 6 7 10 14 12 -12 -13 -14 -15 -16 -17 -18 18 -20 -21 25 -23 29 24 -26 26 -28 -29 -30 -31
leaf_value=-0.00065891092400997874 0.0017794335198252358 -0.0011146466143691215 -0.00096878175507299604 0.00085803462059370113 0.00063459314410075815 0.00019429598742300931 0.0011703844892728174 -3.3381911011279692e-06 0.00089814033373841078 -0.00010956302459817379 0.00067629395064432163 -0.00092477009831262486 -0.0010147892301307713 0.00016985001042485237 -0.00013980163447558879 -0.00062726054156664747 -6.3655758467784875e-05 0.00012292175141807933 0.0021781464099019233 -0.00053772433786926897 -0.00073002586611114703 0.0027516138363280333 2.7179470187268004e-06 0.00099862554699511191 -0.00088469503822125256 -5.6451765724292609e-06 0.0012209562988044292 -0.00061988037478710918 0.0013819588405021932 -0.0013599227386040854
leaf_weight=25 27 24 22 21 42 22 29 63 20 24 20 21 47 21 20 25 739 39 21 85 62 20 26 34 32 358 22 21 24 23
leaf_count=25 27 24 22 21 42 22 29 63 20 24 20 21 47 21 20 25 739 39 21 85 62 20 26 34 32 358 22 21 24 23
internal_value=1.58106e-12 -9.34112e-05 -2.8226e-05 2.36634e-05 3.02266e-05 8.25927e-05 1.81213e-06 0.000203918 -0.000232205 -0.000495162 -5.86981e-05 -0.000233696 -0.000708797 0.00075016 0.000379169 1.24171e-05 2.28489e-05 0.000103361 0.000673186 1.6523e-05 9.45214e-05 0.000478472 0.000158311 0.000577287 8.55004e-05 -4.62026e-05 6.53686e-05 0.000296946 0.000602555 -0.000636889
internal_weight=1979 400 376 1579 354 329 287 154 133 93 104 84 71 50 40 1558 1533 794 105 689 604 162 142 93 66 442 380 84 63 49
internal_count=1979 400 376 1579 354 329 287 154 133 93 104 84 71 50 40 1558 1533 794 105 689 604 162 142 93 66 442 380 84 63 49
is_linear=0
shrinkage=0.03


Tree=289
num_leaves=31
num_cat=0
split_feature=5 6 4 2 2 2 5 5 4 3 1 2 2 0 2 6 1 1 6 5 5 8 5 3 5 2 8 8 5 2
split_gain=0.00532635 0.00992874 0.0212572 0.0166361 0.00967454 0.0111043 0.00678974 0.0404332 0.0160038 0.0181628 0.0193137 0.0218549 0.0147266 0.0139516 0.0136253 0.0210289 0.0171895 0.0126908 0.0516511 0.0372135 0.0251035 0.0412217 0.0464793 0.0230341 0.0421596 0.0457686 0.0133514 0.0471862 0.0274684 0.0179204
threshold=0.72360344009580013 87.760212447422859 0.23271976271406883 0.39941752928167856 0.30993088929091889 0.28356766812652984 0.14661883492515207 0.1421791749058097 0.16388638673622016 -0.0033723964482142983 -0.032463866305329707 0.1538003117264142 0.16374863787296426 -0.015609110169491567 0.093129670905991904 58.407920792079217 0.046492300010511974 0.05442186944674799 46.050607933606116 0.12112508614373053 0.088180281900876359 1.4763050842564687 0.048823848653154263 0.028205980954671087 -0.028935352251604648 0.052579087346024685 0.81272988961931736 0.84477414893899805 0.12626255907969733 0.090134786379931456
decision_type=2 2 2 2 2 2 2 2 2 2 2 2 2 2 2 2 2 2 2 2 2 2 2 2 2 2 2 2 2 2
left_child=1 2 3 4 5 6 7 17 9 10 11 -8 -12 -11 -15 16 -16 23 -19 20 21 22 -20 26 -25 -26 28 -28 -1 -29
right_child=-2 -3 -4 -5 -6 -7 8 -9 -10 13 12 -13 -14 14 15 -17 -18 18 19 -21 -22 -23 -24 24 25 -27 27 29 -30 -31
leaf_value=-4.8650335632443709e-05 -0.0004752366407774389 0.00048529546052266499 -0.00087348337322473517 0.00079188520379830146 -0.00051212319596247245 0.00069203455599823173 0.00050013949483400204 0.0010850710686645471 -0.00087435579615766578 0.00083339349785819638 -0.0010813564490616463 -0.00071765110428844174 -0.00021300796497740747 -0.0005906597049324773 0.001108929642108831 -5.3257660624647951e-05 -3.4310158342123025e-05 0.0016752783469855786 -0.00073756271452558311 0.0012458335565003966 -0.00079300362597374866 0.0010282987182290526 0.00080174609485906189 0.00058969870966393498 -0.0016056612280469077 0.00015664618828200869 0.001362570669600525 0.0001154029948938712 -0.0010467025583896499 -0.00046993296184875776
leaf_weight=546 21 38 25 24 33 21 36 32 23 20 39 21 32 30 29 194 20 20 55 21 36 32 26 22 36 21 26 421 26 53
leaf_count=546 21 38 25 24 33 21 36 32 23 20 39 21 32 30 29 194 20 20 55 21 36 32 26 22 36 21 26 421 26 53
internal_value=-4.34669e-13 5.09702e-06 -4.40691e-06 7.05848e-06 -3.00878e-06 6.13202e-06 -1.79531e-06 3.11829e-05 -0.000103775 -6.16769e-05 -0.000359803 5.14798e-05 -0.000689988 6.85626e-05 1.25311e-05 8.69991e-05 0.000642301 6.03414e-06 0.000233184 6.35258e-05 -0.000103108 0.000116681 -0.000243464 -3.14623e-05 -0.000525834 -0.00095639 4.96987e-06 0.00011821 -9.40163e-05 4.9954e-05
internal_weight=1979 1958 1920 1895 1871 1838 1817 1373 444 421 128 57 71 293 273 243 49 1341 190 170 149 113 81 1151 79 57 1072 500 572 474
internal_count=1979 1958 1920 1895 1871 1838 1817 1373 444 421 128 57 71 293 273 243 49 1341 190 170 149 113 81 1151 79 57 1072 500 572 474
is_linear=0
shrinkage=0.03


Tree=290
num_leaves=31
num_cat=0
split_feature=9 6 3 0 1 1 8 9 2 2 0 9 1 4 2 0 6 6 3 8 3 0 4 6 3 9 9 9 1 6
split_gain=0.00521747 0.0194792 0.0203936 0.0208905 0.0254686 0.0190943 0.0170534 0.0165052 0.0294277 0.0192754 0.0174005 0.0127991 0.0524324 0.022489 0.0426763 0.0326408 0.0176026 0.0247985 0.0196825 0.027279 0.0161092 0.0228666 0.0129551 0.0500657 0.0333419 0.0225104 0.0207089 0.0232941 0.0186888 0.016645
threshold=0.021271728295027995 54.783239729917341 0.014996314313525218 -0.0094718780323512202 -0.0024450462406666591 0.071010186757215724 1.44834585874216 0.019454082170045846 0.063946705179395727 0.11543940962203715 -0.0017286097614906957 0.024318107562826034 -0.069267908464507741 0.010067617514871398 0.047054463563002365 0.015824178881618915 31.570638202749532 32.619484302513762 -0.038663700695965413 0.71184510419275682 0.036957897464981022 0.021974249574661545 -0.026812374336255936 40.517749075992036 -0.010952380769300272 0.026897112098672359 0.034529509676496574 0.040210937526493455 -0.011872066313792061 41.633333333333347
decision_type=2 2 2 2 2 2 2 2 2 2 2 2 2 2 2 2 2 2 2 2 2 2 2 2 2 2 2 2 2 2
left_child=1 2 3 -1 -5 6 7 8 10 -9 -3 12 -2 15 -15 -14 18 -18 -13 -20 21 -16 24 -24 25 -19 -27 -28 -26 -29
right_child=11 5 -4 4 -6 -7 -8 9 -10 -11 -12 16 13 14 20 -17 17 22 19 -21 -22 -23 23 -25 28 26 27 29 -30 -31
leaf_value=-5.8837585601071682e-05 0.0016867804534267633 0.00027233892172934368 0.00051592590370481571 -0.00030640851458545426 -0.0013799863749630497 -0.00049574576214233299 -0.00045740741736474721 -0.00093837175381486287 9.654967586580172e-05 0.00037873950214998328 0.0013178092239142739 0.00014515145157929508 0.00017047383737289491 -0.00092002656578551978 7.6405199874508462e-05 0.0014503790774721313 0.0010118383956565099 -0.00074870312004350116 -7.4146836149421602e-06 -0.0014083242281500636 -0.00059786227997392415 0.0011852104303860954 0.0012243646778534317 -1.334690953105445e-06 -0.0011999699013092769 0.0010851642497899858 -0.00080356289308318592 -0.00014408690447453409 -0.00013596463308203965 0.00099833188959482021
leaf_weight=59 20 23 21 43 37 47 34 20 106 20 38 32 97 45 70 22 22 24 22 29 20 22 31 923 39 22 21 24 24 22
leaf_count=59 20 23 21 43 37 47 34 20 106 20 38 32 97 45 70 22 22 24 22 29 20 22 31 923 39 22 21 24 24 22
internal_value=-8.73418e-13 -9.00486e-05 -0.00035545 -0.000487097 -0.000802938 5.73967e-05 0.000165271 0.000267547 0.000398652 -0.000279816 0.000923616 2.63499e-05 0.000203529 9.60466e-05 -0.000139716 0.000407095 -1.61155e-05 1.42856e-05 -0.000438068 -0.00080401 0.000173801 0.000341554 -5.1358e-06 3.84941e-05 -0.00024163 6.66826e-05 0.000286562 2.43343e-05 -0.000794635 0.000402287
internal_weight=1979 448 160 139 80 288 241 207 167 40 61 1531 296 276 157 119 1235 1152 83 51 112 92 1130 954 176 113 89 67 63 46
internal_count=1979 448 160 139 80 288 241 207 167 40 61 1531 296 276 157 119 1235 1152 83 51 112 92 1130 954 176 113 89 67 63 46
is_linear=0
shrinkage=0.03


Tree=291
num_leaves=31
num_cat=0
split_feature=1 1 8 8 1 6 5 9 9 1 6 2 9 9 2 8 8 2 5 7 1 1 1 6 1 1 1 6 6 3
split_gain=0.00501476 0.0281005 0.0180452 0.0269705 0.0111246 0.0198651 0.0199845 0.0347175 0.0230662 0.0104093 0.011196 0.0342773 0.0817119 0.0399168 0.0323774 0.019152 0.0140382 0.0129988 0.0261735 0.0174362 0.0167835 0.0170949 0.0405574 0.0238286 0.0154901 0.0320961 0.0229353 0.0160303 0.0608572 0.0201822
threshold=0.1682105263157895 0.18416121035755664 1.1448669320877309 1.6459348176315156 0.10605109249803547 76.813080934028591 0.15673354373285112 0.032915034677284814 0.036924956441765196 0.10226304994482562 70.17513491497813 0.23638833992094868 0.044242982010957589 0.035842223953902193 0.23388153688786598 0.90294832502276401 0.99827187851368393 0.17888274023508502 0.12741738940078098 0.0081985276659297685 0.089929255664311439 0.069267913850507137 0.075298867239792192 67.92261518494486 0.058715794009911677 0.053466528445324076 0.046492300010511974 51.501623376623378 50.054704595186003 0.032667526315687152
decision_type=2 2 2 2 2 2 2 2 2 2 2 2 2 2 2 2 2 2 2 2 2 2 2 2 2 2 2 2 2 2
left_child=4 -2 -3 -4 9 6 7 -6 -8 10 14 13 16 -12 17 -16 -13 20 -19 -20 21 23 -23 24 25 26 27 28 -1 -29
right_child=1 2 3 -5 5 -7 8 -9 -10 -11 11 12 -14 -15 15 -17 -18 18 19 -21 -22 22 -24 -25 -26 -27 -28 29 -30 -31
leaf_value=-1.8873862967621987e-05 0.0011796714694771383 -0.000782770076660778 0.00093241920783184459 -0.00050781652416017915 -0.0013960523549890653 -0.0010238764809372906 0.00084725032141432161 0.00033095308399060742 -0.00043165634089911524 0.00067247745597602006 0.00013364670229642543 0.00051857523530578382 0.002317388334444591 -0.0012234933744713833 -0.0011851657446309484 -4.9184822730074466e-05 -0.00053861750934447623 0.0013083771762176183 0.00067536719987401736 -0.00037449739808549301 -0.00076586956093605192 0.0015106461709365247 -9.3007667277561276e-05 -0.00081763718809216865 -0.000697640153531242 0.0010900958423007978 -0.00069012776936605482 0.00018287310794038719 -0.0012879248824901879 -0.00072784020464219468
leaf_weight=615 21 22 25 22 22 26 30 20 22 21 172 26 21 22 34 22 20 20 24 35 27 22 40 34 29 24 44 458 36 23
leaf_count=615 21 22 25 22 22 26 30 20 22 21 172 26 21 22 34 22 20 20 24 35 27 22 40 34 29 24 44 458 36 23
internal_value=-1.4768e-12 0.000218785 -7.36583e-05 0.000258266 -1.04239e-05 -0.000289948 -8.6947e-05 -0.000573669 0.000306174 8.53767e-06 5.61272e-07 0.000181786 0.000766802 -2.02558e-05 -3.12475e-05 -0.000738888 5.89262e-05 -3.55509e-06 0.000370493 5.25662e-05 -2.54115e-05 -1.03229e-05 0.000476031 -3.41977e-05 -1.2524e-05 4.03293e-06 -1.81316e-05 7.98837e-06 -8.90518e-05 0.000139325
internal_weight=1979 90 69 47 1889 120 94 42 52 1769 1748 261 67 194 1487 56 46 1431 79 59 1352 1325 62 1263 1229 1200 1176 1132 651 481
internal_count=1979 90 69 47 1889 120 94 42 52 1769 1748 261 67 194 1487 56 46 1431 79 59 1352 1325 62 1263 1229 1200 1176 1132 651 481
is_linear=0
shrinkage=0.03


Tree=292
num_leaves=31
num_cat=0
split_feature=5 6 4 2 2 2 7 6 4 2 7 6 8 8 3 3 5 5 4 3 0 8 8 4 4 0 3 6 3 3
split_gain=0.00520452 0.0095074 0.0203439 0.015525 0.00893109 0.0102527 0.008498 0.014773 0.024048 0.0274423 0.0115623 0.00960949 0.00861907 0.0253392 0.0124778 0.0241883 0.0191542 0.0140647 0.0131689 0.00921171 0.00829662 0.0079721 0.0220548 0.0253436 0.0406723 0.0365181 0.0252606 0.0223732 0.0177272 0.0165873
threshold=0.72360344009580013 87.760212447422859 0.23271976271406883 0.39941752928167856 0.30993088929091889 0.28356766812652984 0.98471158500994593 38.705556832446398 0.069399105782588247 0.056547392462885433 0.89888400601532314 22.494331065759635 2.1657085105182188 1.8508703691222912 0.065486255705470411 0.045826998586562924 0.18356970161252009 0.35767842657335708 0.11635392334398499 0.041148105608228243 -0.063869007457190582 0.91060240469981346 0.92754614878692132 -0.0016554798754946363 0.015947824395366132 -0.003796867679271509 -0.047206031527171392 48.084551431831777 -0.028546862409144776 0.0041238042498055192
decision_type=2 2 2 2 2 2 2 2 2 2 2 2 2 2 2 2 2 2 2 2 2 2 2 2 2 2 2 2 2 2
left_child=1 2 3 4 5 6 10 -8 9 -9 11 -1 13 14 15 17 -17 18 19 20 -13 -22 -23 26 25 -25 -24 28 -28 -30
right_child=-2 -3 -4 -5 -6 -7 7 8 -10 -11 -12 12 -14 -15 -16 16 -18 -19 -20 -21 21 22 23 24 -26 -27 27 -29 29 -31
leaf_value=0.00053856075071962546 -0.00046977004701537737 0.00047493739500886902 -0.00085446513388305893 0.00076512067520525303 -0.00049193214709785846 0.0006650881469249725 -0.00099419723544269794 -0.00021111537456983405 -0.00086480151673850529 0.0011069966642597655 0.00073202470061369234 0.00056746209931114451 0.00049232445968945895 -0.00083547631109302681 0.0005414972967302769 -0.0011576047346722495 1.6849569004514941e-06 -0.00073966816030654372 0.00068095380595574776 0.00058317330060526722 4.6235621236591799e-05 -0.0010317308866499594 0.00041793043899815527 0.00022590985050555899 -5.8676889723543306e-05 0.0018600409141508862 -0.0015714092825406365 0.00019092114845429582 -0.00026495595491724086 -0.0012597341795282607
leaf_weight=30 21 38 25 24 33 21 20 44 26 21 20 23 31 33 38 29 23 22 27 25 904 22 28 32 282 20 21 26 48 22
leaf_count=30 21 38 25 24 33 21 20 44 26 21 20 23 31 33 38 29 23 22 27 25 904 22 28 32 282 20 21 26 48 22
internal_value=2.06587e-12 5.03839e-06 -4.26169e-06 6.95471e-06 -2.77056e-06 6.012e-06 -1.60529e-06 -0.000255954 -9.37031e-05 0.000214736 1.49438e-05 6.4375e-06 -3.20241e-06 -1.26555e-05 4.40042e-06 -8.73322e-06 -0.000644842 1.32892e-05 2.44818e-05 1.22831e-05 2.28849e-06 -6.96346e-06 -0.000102955 -6.02977e-05 8.34822e-05 0.000854422 -0.000391487 -0.000585194 -0.000806941 -0.000577601
internal_weight=1979 1958 1920 1895 1871 1838 1817 111 91 65 1706 1686 1656 1625 1592 1554 52 1502 1480 1453 1428 1405 501 479 334 52 145 117 91 70
internal_count=1979 1958 1920 1895 1871 1838 1817 111 91 65 1706 1686 1656 1625 1592 1554 52 1502 1480 1453 1428 1405 501 479 334 52 145 117 91 70
is_linear=0
shrinkage=0.03


Tree=293
num_leaves=31
num_cat=0
split_feature=9 6 7 9 7 5 6 5 5 9 3 9 7 7 9 6 9 5 9 5 9 5 2 2 7 8 9 5 7 3
split_gain=0.00514213 0.017951 0.0213898 0.0192403 0.0172059 0.0346472 0.0216457 0.0138529 0.0276649 0.0261195 0.0247165 0.0953994 0.0270462 0.0411051 0.0591757 0.0696645 0.0411577 0.029826 0.0292846 0.0216031 0.0192617 0.016157 0.01549 0.015015 0.0128367 0.028833 0.0151151 0.0196568 0.0128212 0.0125755
threshold=0.021271728295027995 54.783239729917341 -0.32742917875205563 0.020354765032880674 0.44273882030920936 0.096674333285887162 58.258875149581179 0.0059211799615296332 0.010132399419801931 0.022631631694580576 0.027130760046709782 0.033928288260547522 0.31665787577651677 -0.21122020596717031 0.025751445073890943 40.81666666666667 0.033050594405784582 -0.037877077224413018 0.034704131770372675 0.074408905101410419 0.033504391836638517 -0.023113077878314178 -0.13706545420100399 -0.042736895509997035 -0.11866436946842428 1.063283924425467 0.017627386851773497 0.16546877641102567 0.13766357051512371 0.0073738393240467834
decision_type=2 2 2 2 2 2 2 2 2 2 2 2 2 2 2 2 2 2 2 2 2 2 2 2 2 2 2 2 2 2
left_child=1 2 -1 29 6 -6 -3 10 -9 19 12 -12 13 16 15 -15 -2 22 21 -10 -19 -14 -16 -18 25 -8 -26 -28 -21 -4
right_child=7 4 3 -5 5 -7 24 8 9 -11 11 -13 18 14 17 -17 23 20 -20 28 -22 -23 -24 -25 26 -27 27 -29 -30 -31
leaf_value=-0.0011698870243708368 -0.00064694146094236365 0.00088327828878391294 -0.00022649082168010699 -0.00105781517484138 -0.0014205623437010216 0.00020251664037992855 7.2936525707251231e-05 -0.00097715512037717021 0.0010628348991945935 -5.3882790901896922e-05 0.002114545248287658 -0.0002567018101595946 -0.0010862197690294122 0.002801656218711287 0.00032414931774837896 0.00032768703548104633 -3.5100355453323574e-05 0.0012782110880093219 0.00043413930476225655 -0.00016906817940374213 9.9625869770534332e-05 -0.00011401495907921344 -0.00072442824330209987 0.0011134540745323257 -4.6173780687403544e-05 -0.0011987999274528454 0.0011522130899388214 -3.6978750828314911e-05 0.00063159433391410857 0.000503457653233324
leaf_weight=24 69 32 88 20 20 29 68 27 34 984 26 37 40 20 21 21 20 26 29 45 24 25 32 21 67 21 29 22 30 28
leaf_count=24 69 32 88 20 20 29 68 27 34 984 26 37 40 20 21 21 20 26 29 45 24 25 32 21 67 21 29 22 30 28
internal_value=-3.46886e-13 -8.93961e-05 -0.000344175 -0.000198461 5.21477e-05 -0.000459965 0.000157141 2.6159e-05 -2.85069e-05 -5.07275e-06 0.000175127 0.000721908 7.61406e-05 0.000237032 0.000570587 0.0015345 -0.000199622 0.000186893 -0.000358608 0.000435561 0.00071249 -0.000712295 -0.000308954 0.000553184 4.48884e-05 -0.000227136 0.000250059 0.000639228 0.000151197 -5.02964e-05
internal_weight=1979 448 160 136 288 49 239 1531 1120 1093 411 63 348 254 144 41 110 103 94 109 50 65 53 41 207 89 118 51 75 116
internal_count=1979 448 160 136 288 49 239 1531 1120 1093 411 63 348 254 144 41 110 103 94 109 50 65 53 41 207 89 118 51 75 116
is_linear=0
shrinkage=0.03


Tree=294
num_leaves=31
num_cat=0
split_feature=8 6 0 0 6 4 4 5 8 3 6 4 9 5 4 8 8 6 6 9 9 5 4 3 9 6 8 0 6 3
split_gain=0.00496423 0.0134173 0.013386 0.0190408 0.0162303 0.0159022 0.0215421 0.0159217 0.0273329 0.0158922 0.0197096 0.0190585 0.0134266 0.028459 0.0305577 0.0249611 0.0444776 0.0224813 0.0216465 0.0298274 0.051866 0.0215254 0.0201917 0.0153603 0.0157146 0.0150589 0.0133787 0.0129807 0.0546372 0.0223179
threshold=0.81272988961931736 23.734910376783322 0.026782054742482412 0.021753047931859951 53.195181706819113 0.068593875906527005 0.03032492431953349 0.17134097220432123 0.66260886698370525 0.013810402079543762 58.407920792079217 0.042884788866760289 0.021271728295027995 0.073616360327036903 0.0049151868135508545 0.71725100969115474 0.74859878724330242 37.974878334968366 49.147699757869262 0.028759439491269873 0.034387850599823577 0.026667261079503349 -0.023641192891662773 0.0063701704027702153 0.046321695696809155 39.279926335174956 0.82606786326442816 -0.0034306225726727364 32.619484302513762 0.0021964837611153647
decision_type=2 2 2 2 2 2 2 2 2 2 2 2 2 2 2 2 2 2 2 2 2 2 2 2 2 2 2 2 2 2
left_child=1 -1 3 5 -4 6 12 8 -7 10 -8 -11 13 14 25 17 -17 21 19 22 -21 -14 -19 24 -22 -3 -2 29 -29 -28
right_child=26 2 4 -5 -6 7 9 -9 -10 11 -12 -13 15 -15 -16 16 -18 18 -20 20 23 -23 -24 -25 -26 -27 27 28 -30 -31
leaf_value=-0.00080409597339374669 0.00074161022144835441 4.5164894596066167e-05 0.00010396991652669385 0.0007101186116183684 -0.00072468328370282854 0.0015753181868931277 0.0006382320178672671 -4.8583693325866099e-05 4.295137626203624e-05 -0.001487456495448461 -0.00045636262661948994 -0.0002661712568742982 -0.0011323106226286497 -0.0013199853692203759 0.00080541749666444959 0.0016829617525471131 1.9581996334286837e-05 0.00010476325917989016 -0.00018024979224446041 -0.0013423595471831504 0.00017594929890368471 4.7731069817898734e-06 0.0012824104598870402 -0.00022422358839084271 0.0013232737979186431 -0.0010404330731430293 2.0322910994374456e-05 0.0015199975448194891 6.0300882404758063e-05 -0.00046183721114565347
leaf_weight=21 24 23 36 33 52 20 20 43 22 23 57 23 29 20 25 23 39 20 133 20 22 31 38 23 21 23 378 24 601 112
leaf_count=21 24 23 36 33 52 20 20 43 22 23 57 23 29 20 25 23 39 20 133 20 22 31 38 23 21 23 378 24 601 112
internal_value=7.30059e-13 -5.53282e-05 -3.61291e-05 5.95201e-06 -0.000385689 -2.73395e-05 -8.0661e-05 0.000357202 0.00077265 -0.000435622 -0.000172052 -0.000876814 8.44139e-06 -0.000320389 -3.88131e-05 8.34379e-05 0.000636642 -1.83386e-05 9.57001e-05 0.000350571 -4.00813e-06 -0.000544817 0.000876325 0.000401553 0.000736271 -0.000497634 4.0804e-05 2.57193e-05 0.000116353 -8.98851e-05
internal_weight=1979 840 819 731 88 698 613 85 42 123 77 46 490 91 71 399 62 337 277 144 86 60 58 66 43 46 1139 1115 625 490
internal_count=1979 840 819 731 88 698 613 85 42 123 77 46 490 91 71 399 62 337 277 144 86 60 58 66 43 46 1139 1115 625 490
is_linear=0
shrinkage=0.03


Tree=295
num_leaves=31
num_cat=0
split_feature=1 1 4 5 4 7 7 3 3 7 7 0 7 9 9 7 0 5 8 5 5 7 3 4 4 3 4 3 0 3
split_gain=0.0050254 0.0261548 0.0187539 0.041152 0.0112402 0.0170469 0.0337408 0.00948631 0.0126626 0.00767353 0.0196268 0.0154445 0.039336 0.0244794 0.0144068 0.02308 0.0144873 0.0174675 0.0552765 0.0252687 0.0386871 0.0497418 0.0196354 0.0410015 0.0258907 0.0245585 0.0375365 0.0243986 0.0248038 0.0169891
threshold=0.1682105263157895 0.18416121035755664 0.17296603073220465 0.48243215995500294 0.14250170761421979 0.31119655457430678 -0.12709947801521079 0.070535098361274598 0.062313114512523311 0.28285310056272966 0.26512865077145681 0.024163139201089815 0.84075092986573985 0.03145531123427376 0.052261383887176681 -0.18458865823020934 -0.034454494064443168 -0.099455256383074661 0.99827187851368393 -0.062165258003855965 -0.046822489201528088 -0.17193196660319646 0.016329330595970862 0.10532462375299502 0.0014911372717639761 0.018958649670556719 0.028452390335698356 0.0083190117533074055 0.02956083189773551 0.0069345181373483564
decision_type=2 2 2 2 2 2 2 2 2 2 2 2 2 2 2 2 2 2 2 2 2 2 2 2 2 2 2 2 2 2
left_child=4 -2 -3 -4 7 6 -6 8 9 10 14 -11 13 -13 16 -16 -1 18 -18 -19 21 -21 23 27 -24 -26 -27 28 29 -22
right_child=1 2 3 -5 5 -7 -8 -9 -10 11 -12 12 -14 -15 15 -17 17 19 -20 20 22 -23 24 -25 25 26 -28 -29 -30 -31
leaf_value=-0.00049315283903852102 0.0011460403352975845 -0.0008108658064156771 0.0010064082860480994 -0.00077532666223123665 1.4867686708881096e-05 0.00035654116538353265 -0.0014301772515934248 0.00057395697835510454 -0.0006876827402447816 -0.00019558680075456553 0.00093218113634396674 0.00031581418239511549 0.00099359664952652048 -0.00077058310534006776 -0.00030968065437627951 0.00096784986944736112 -0.00017302450486264811 -0.00059675141391926439 0.0017637001022896065 0.002010351974531659 4.2191272954150916e-05 -8.0143173025654888e-05 -0.00098368771468385053 0.0014246577458688989 -0.00083272147283423685 0.00091444627890762472 -0.00015296333287176484 0.00040821121521811515 -0.00091167582880838643 -0.00077492070966400206
leaf_weight=50 21 21 28 20 33 22 26 26 24 354 22 40 38 35 20 35 36 60 21 20 500 21 34 20 36 35 194 135 28 24
leaf_count=50 21 21 28 20 33 22 26 26 24 354 22 40 38 35 20 35 36 60 21 20 500 21 34 20 36 35 194 135 28 24
internal_value=2.95211e-13 0.000219017 -6.312e-05 0.000264019 -1.04349e-05 -0.000356174 -0.000621932 5.05448e-06 -3.246e-06 6.09784e-06 4.37947e-05 -9.81133e-05 0.000207246 -0.000191171 2.83932e-05 0.000503293 6.87792e-06 2.83569e-05 0.000540506 1.9861e-06 3.62977e-05 0.000939611 -5.17234e-07 8.56751e-05 -0.000204323 -0.000104329 1.01779e-05 4.66945e-05 -4.17199e-05 4.7663e-06
internal_weight=1979 90 69 48 1889 81 59 1808 1782 1758 1291 467 113 75 1269 55 1214 1164 57 1107 1047 41 1006 707 299 265 229 687 552 524
internal_count=1979 90 69 48 1889 81 59 1808 1782 1758 1291 467 113 75 1269 55 1214 1164 57 1107 1047 41 1006 707 299 265 229 687 552 524
is_linear=0
shrinkage=0.03


Tree=296
num_leaves=31
num_cat=0
split_feature=0 0 9 1 8 8 1 1 3 1 1 6 2 9 3 6 3 8 3 0 7 6 1 9 9 1 7 1 3 3
split_gain=0.00485883 0.00675277 0.00753245 0.00925796 0.0239242 0.0282268 0.0102782 0.00936191 0.0157297 0.0140321 0.0192392 0.00890748 0.0462566 0.0359135 0.0210311 0.0341836 0.0232615 0.0364424 0.0331482 0.0228912 0.0220241 0.0343031 0.0216841 0.0181175 0.0166717 0.0227981 0.0247306 0.0222392 0.0158792 0.0150104
threshold=-0.073618157063451747 -0.061663391629003687 0.059235197089609774 0.1682105263157895 1.0296501057679115 1.6459348176315156 0.14549211493666073 0.12860944483650907 0.067040190820062864 0.11713872916849356 0.10774156473195963 70.17513491497813 0.26005864042055776 0.044242982010957589 0.034900406864320839 46.608250137661905 0.028205980954671087 1.057271743843359 0.025293154499284268 0.03489039123902838 0.36892180898236754 22.494331065759635 0.04142674450194473 0.035842223953902193 0.052261383887176681 -0.076672920575359557 0.2459879413413544 -0.025101302033896097 0.01526145447214833 0.0061011781666923124
decision_type=2 2 2 2 2 2 2 2 2 2 2 2 2 2 2 2 2 2 2 2 2 2 2 2 2 2 2 2 2 2
left_child=-1 -2 3 6 -5 -6 7 8 9 10 11 12 14 23 16 -16 18 -18 20 -17 21 -3 28 -13 25 -23 -27 -28 29 -22
right_child=1 2 -4 4 5 -7 -8 -9 -10 -11 -12 13 -14 -15 15 19 17 -19 -20 -21 22 24 -24 -25 -26 26 27 -29 -30 -31
leaf_value=-0.0003666671554856293 0.00050613369559869168 0.0012671347910236364 -0.00051755743949906906 -0.00043770512583880469 0.0012297557806596161 -0.00012240009498782457 -0.00056782133739285078 0.00063121543265879146 -0.00064498997389284126 0.00072693928552325815 -0.00088496784044598989 0.00011963816344525018 -0.0013282887538662179 0.0010925519256290335 0.0015293927046004683 0.00062029017501377627 -4.2751769773488818e-05 -0.0014831251347670331 0.0010789675036096014 -0.00040310591512762408 -0.00019174324376945148 -0.00051303934825118632 -0.0012090768176234894 -0.00078329547308385371 0.00068473896317300387 -1.7736963904284181e-05 0.0014111446654424069 0.00024006864557223808 0.00052820177821558904 -0.0010275022012303286
leaf_weight=32 24 20 25 26 33 24 29 21 34 24 22 220 24 33 20 42 43 25 25 37 160 75 21 22 32 766 20 54 24 22
leaf_count=32 24 20 25 26 33 24 29 21 34 24 22 220 24 33 20 42 43 25 25 37 160 75 21 22 32 766 20 54 24 22
internal_value=-1.92359e-13 6.02637e-06 -2.15216e-07 6.59909e-06 0.000316434 0.000660427 -7.56966e-06 1.52737e-06 -5.96467e-06 6.58696e-06 -3.54102e-06 7.96723e-06 -2.24946e-05 0.000164153 1.16591e-07 0.000421466 -3.22949e-05 -0.000572301 -2.17151e-06 0.000140978 -2.48084e-05 3.76179e-05 -0.000290739 3.75533e-05 1.16513e-05 -1.18884e-05 3.28572e-05 0.000556576 -0.000197122 -0.000292769
internal_weight=1979 1947 1923 1898 83 57 1815 1786 1765 1731 1707 1685 1410 275 1386 99 1287 68 1219 79 1194 967 227 242 947 915 840 74 206 182
internal_count=1979 1947 1923 1898 83 57 1815 1786 1765 1731 1707 1685 1410 275 1386 99 1287 68 1219 79 1194 967 227 242 947 915 840 74 206 182
is_linear=0
shrinkage=0.03


Tree=297
num_leaves=31
num_cat=0
split_feature=4 4 6 7 6 5 5 6 5 6 5 4 7 6 0 0 1 4 4 3 3 4 0 6 5 5 6 5 7 9
split_gain=0.00488726 0.0119721 0.00871518 0.0085369 0.00655901 0.0275159 0.0232713 0.010727 0.016536 0.0114322 0.028955 0.0657407 0.0110461 0.00850721 0.00969027 0.0132962 0.0120173 0.0109466 0.016775 0.0254865 0.0133746 0.0218551 0.0359414 0.0180777 0.0274158 0.0259376 0.0226581 0.03086 0.0208973 0.0206359
threshold=-0.11077906633424033 -0.094069000464067007 23.734910376783322 0.032841771036533192 32.619484302513762 -0.025490749414272536 -0.059932782827528945 35.897435897435898 -0.01046108639705484 40.141369047619058 -0.012936649124033304 -0.033627086168460489 -0.19332212883269664 41.12321471798596 -0.066953371071121801 -0.042745947714907577 -0.037063454324509908 -0.040962874832235534 -0.025944157517288621 -0.014615228006234547 -0.037101145969886833 -0.016125575520690657 -0.0086129381774694407 54.595091414944363 0.12856679632121373 0.18499326652562645 56.464959189417421 0.063416478983690863 0.60547134575830297 0.021647122449957559
decision_type=2 2 2 2 2 2 2 2 2 2 2 2 2 2 2 2 2 2 2 2 2 2 2 2 2 2 2 2 2 2
left_child=3 -2 -3 -1 5 6 -4 8 -6 10 11 -9 -12 -11 -15 16 -16 -17 19 -19 -20 22 -22 24 28 -26 27 -25 29 -23
right_child=1 2 4 -5 7 -7 -8 9 -10 13 12 -13 -14 14 15 17 -18 18 20 -21 21 23 -24 26 25 -27 -28 -29 -30 -31
leaf_value=0.00017436416092095897 0.00067329610275919545 -0.00058139162112796753 7.5515909322901913e-05 -0.00063715329866681708 -0.00092798079143644179 -0.00037520391941892311 0.0014250471193910292 -0.00010566858096151717 0.00012269279646436469 -0.0005845084292409212 -0.00067802929869768293 0.0021636244764667934 0.00020699694487848319 0.0006367856396328924 -0.00086077122806361116 0.00061537445809405576 -3.3550057352320953e-06 0.00023350697985733858 -0.00051998397087672636 -0.0010513395329260014 0.0013790545009292794 -0.00039139928274380505 -8.5443106945604094e-06 -0.00011791243948297755 -0.0012925685048103331 -0.00010093384605434331 2.8919127881254684e-05 0.0011501915851392997 -0.00075344733551473305 0.00020859609989341919
leaf_weight=20 24 23 23 28 28 34 23 27 26 23 22 20 30 21 31 26 28 24 41 33 28 72 42 31 35 31 930 39 34 182
leaf_count=20 24 23 23 28 28 34 23 27 26 23 22 20 30 21 31 26 28 24 41 33 28 72 42 31 35 31 930 39 34 182
internal_value=-1.72384e-12 7.43294e-06 -9.4709e-07 -0.000299021 6.13902e-06 0.00027195 0.000750282 -5.64862e-06 -0.000422101 7.20191e-06 0.00032033 0.000859988 -0.000167437 -1.15744e-05 -3.48014e-06 -1.1847e-05 -0.000453862 4.99979e-06 -5.42711e-06 -0.000510352 1.42184e-05 2.95992e-05 0.000546495 2.87641e-06 -0.000181362 -0.000732861 6.8097e-05 0.000588603 -5.49773e-05 3.85187e-05
internal_weight=1979 1931 1907 48 1884 80 46 1804 54 1750 99 47 52 1651 1628 1607 59 1548 1522 57 1465 1424 70 1354 354 66 1000 70 288 254
internal_count=1979 1931 1907 48 1884 80 46 1804 54 1750 99 47 52 1651 1628 1607 59 1548 1522 57 1465 1424 70 1354 354 66 1000 70 288 254
is_linear=0
shrinkage=0.03


Tree=298
num_leaves=31
num_cat=0
split_feature=9 2 5 2 9 5 5 5 9 5 4 5 1 7 7 2 1 0 7 9 9 9 4 2 9 8 2 1 4 2
split_gain=0.00471958 0.0171838 0.0364173 0.0308782 0.0272983 0.044597 0.0189524 0.068768 0.0553439 0.0434009 0.0219026 0.0124638 0.0485486 0.101492 0.0491794 0.031562 0.0239899 0.0257793 0.0579462 0.080206 0.0467566 0.0216263 0.0334824 0.0334531 0.0208597 0.0310552 0.0253008 0.0259947 0.0236626 0.0335279
threshold=0.021271728295027995 -0.017908110361636417 -0.055994623415200388 -0.078760851021124997 0.019454082170045846 0.10465326365567497 0.043325891221522979 0.077497756255573771 0.017467676705258763 0.11320453985386238 0.03414523073674703 -0.0076511548679516475 0.019742759489116749 -0.31845096430127651 0.42206788682001622 -0.048464232073488815 -0.033397068196303441 -0.019808778905514298 -0.21122020596717031 0.030202882576064547 0.031669268583651412 0.023796734937602756 0.014418060748706664 0.048058577405857734 0.027855722416644111 0.74379915899521964 0.027250101999183988 -0.011039567760805944 0.010591661124248921 0.10297931691648
decision_type=2 2 2 2 2 2 2 2 2 2 2 2 2 2 2 2 2 2 2 2 2 2 2 2 2 2 2 2 2 2
left_child=1 2 3 -1 6 -6 -3 -8 10 -10 -9 12 16 -14 15 -15 17 -2 20 -20 -19 22 -13 -24 25 -23 -27 -28 -26 -30
right_child=11 4 -4 -5 5 -7 7 8 9 -11 -12 21 13 14 -16 -17 -18 18 19 -21 -22 24 23 -25 28 26 27 -29 29 -31
leaf_value=-0.00057403417197056112 -0.00024722215200129606 -0.00018847778356820806 -0.0010994444149712633 0.001007463558577001 -0.0013073857707272777 0.00014655176669949404 0.001611216336886789 -0.0012084022470284252 0.0018615250024013219 0.00020796605693176388 -0.00014335481474470152 0.00072015344389780823 0.0025058189417114076 -0.0012585322749218903 0.0014158013295382261 0.00035511742113158106 -0.00039535308875126722 -0.0013342470293864607 0.0026318093861586278 0.00017916792392497883 0.00071711630851496006 0.00012788955003578358 -0.00099062242622797699 0.00021036163860749775 -0.00025756816853238803 -0.0013188098456178392 0.00058572412154171607 -0.00063152527422644198 0.00051156913242044139 -3.3515655994983167e-05
leaf_weight=25 65 101 42 20 34 43 31 25 20 50 57 84 23 20 20 24 97 20 21 28 20 78 27 92 237 35 20 75 135 410
leaf_count=25 65 101 42 20 34 43 31 25 20 50 57 84 23 20 20 24 97 20 21 28 20 78 27 92 237 35 20 75 135 410
internal_value=1.71697e-12 -8.56443e-05 -0.000464118 0.000128854 5.56671e-06 -0.000495447 0.000141405 0.000323471 6.0839e-05 0.000680411 -0.000468064 2.50612e-05 0.000185874 0.000796575 0.000182316 -0.00037836 -2.58032e-05 0.000206965 0.000538675 0.0012303 -0.000308565 -2.05002e-05 0.000261573 -6.21305e-05 -7.83395e-05 -0.00034535 -0.000629294 -0.000375262 -7.31872e-06 0.000101505
internal_weight=1979 448 87 45 361 77 284 183 152 70 82 1531 338 87 64 44 251 154 89 49 40 1193 203 119 990 208 130 95 782 545
internal_count=1979 448 87 45 361 77 284 183 152 70 82 1531 338 87 64 44 251 154 89 49 40 1193 203 119 990 208 130 95 782 545
is_linear=0
shrinkage=0.03


Tree=299
num_leaves=31
num_cat=0
split_feature=9 9 9 1 5 9 1 5 4 8 9 9 1 4 9 8 2 5 2 0 1 5 2 9 5 5 5 9 2 8
split_gain=0.00479666 0.00806026 0.0130301 0.00954434 0.0235754 0.0421101 0.0121959 0.00902484 0.0324392 0.0112479 0.00991732 0.0101755 0.00879018 0.0175994 0.0106896 0.00896151 0.0353107 0.0423537 0.0133767 0.0110658 0.0095935 0.0222773 0.0372075 0.0109897 0.0231537 0.0462874 0.0220528 0.0142574 0.0127232 0.0385893
threshold=0.059663773258629163 0.05642859914360368 0.054924362959735663 0.1682105263157895 0.26149181631419688 0.045202141561819807 0.14549211493666073 0.31238069662908435 0.13685680025460237 0.99827187851368393 0.052261383887176681 0.050627955354674549 -0.10152449255941552 -0.094069000464067007 0.037624811469302584 1.8764155641489613 0.053692398318472841 0.1011204211053507 0.26387770776078251 0.063490378259408523 -0.064374472538740998 -0.032287513178276321 1.0000000180025095e-35 0.040876310896538905 0.15946415527303628 0.078545041502471893 0.19672055638544397 0.038578895811532989 -0.1074556475224334 0.72689775101397058
decision_type=2 2 2 2 2 2 2 2 2 2 2 2 2 2 2 2 2 2 2 2 2 2 2 2 2 2 2 2 2 2
left_child=1 2 3 6 -5 -6 7 8 10 -9 11 12 14 -14 -1 18 -17 -18 19 20 21 -15 -23 27 25 -25 -26 28 29 -22
right_child=-2 -3 -4 4 5 -7 -8 9 -10 -11 -12 -13 13 15 -16 16 17 -19 -20 -21 23 22 -24 24 26 -27 -28 -29 -30 -31
leaf_value=-0.00086741599456771558 -0.00045098752249032257 0.000456011915005677 -0.0006458119369511093 0.001220107619650662 -0.00078774325167095018 0.00090621656868606802 -0.00062863672110584693 4.9176386982092961e-05 0.00096196912993036672 -0.00072249459047966133 0.00056817629943705262 -0.00056846239599037975 0.00081772216581157411 0.0004549409757854174 -2.4905987507240337e-05 0.001029444431187585 -0.0012823350629769265 0.00049994652904570094 -0.00075238842642813151 -0.00067475709410659448 -0.00019214730066861109 -0.0016066556749865413 6.5220796292827967e-06 -0.00012811714867976579 -0.00095935730572091417 0.001460833759152923 0.00036568727145025215 -0.00069915271265647157 -1.0300373131783622e-05 0.0014299163124947385
leaf_weight=23 21 35 28 20 28 25 28 34 32 34 27 29 24 23 33 35 20 30 22 22 33 22 31 33 20 33 26 26 1160 22
leaf_count=23 21 35 28 20 28 25 28 34 32 34 27 29 24 23 33 35 20 30 22 22 33 22 31 33 20 33 26 26 1160 22
internal_value=-7.37449e-13 4.83694e-06 -3.37477e-06 6.11771e-06 0.000342476 1.12944e-05 -7.35878e-06 2.33786e-06 1.56935e-05 -0.000336659 -2.18186e-06 -1.14198e-05 -1.55764e-06 1.15177e-05 -0.000370937 -9.01338e-07 0.000298615 -0.000212966 -1.8185e-05 -7.05306e-06 3.2265e-06 -0.000324745 -0.000663099 2.16491e-05 0.000306253 0.000666358 -0.000210419 -4.03635e-06 1.08386e-05 0.000456678
internal_weight=1979 1958 1923 1895 73 53 1822 1794 1726 68 1694 1667 1638 1582 56 1558 85 50 1473 1451 1429 76 53 1353 112 66 46 1241 1215 55
internal_count=1979 1958 1923 1895 73 53 1822 1794 1726 68 1694 1667 1638 1582 56 1558 85 50 1473 1451 1429 76 53 1353 112 66 46 1241 1215 55
is_linear=0
shrinkage=0.03


end of trees

feature_importances:
volatility_20=1286
ma60_ratio=1122
return_20=1083
ma20_ratio=970
rsi=941
return_5=908
volume_ratio=783
ma5_ratio=672
return_1=637
volume_change=598

parameters:
[boosting: gbdt]
[objective: regression]
[metric: l2]
[tree_learner: serial]
[device_type: cpu]
[data_sample_strategy: bagging]
[data: ]
[valid: ]
[num_iterations: 300]
[learning_rate: 0.03]
[num_leaves: 31]
[num_threads: 4]
[seed: 42]
[deterministic: 0]
[force_col_wise: 0]
[force_row_wise: 0]
[histogram_pool_size: -1]
[max_depth: -1]
[min_data_in_leaf: 20]
[min_sum_hessian_in_leaf: 0.001]
[bagging_fraction: 0.8]
[pos_bagging_fraction: 1]
[neg_bagging_fraction: 1]
[bagging_freq: 0]
[bagging_seed: 400]
[bagging_by_query: 0]
[feature_fraction: 0.8]
[feature_fraction_bynode: 1]
[feature_fraction_seed: 30056]
[extra_trees: 0]
[extra_seed: 12879]
[early_stopping_round: 0]
[early_stopping_min_delta: 0]
[first_metric_only: 0]
[max_delta_step: 0]
[lambda_l1: 0]
[lambda_l2: 0]
[linear_lambda: 0]
[min_gain_to_split: 0]
[drop_rate: 0.1]
[max_drop: 50]
[skip_drop: 0.5]
[xgboost_dart_mode: 0]
[uniform_drop: 0]
[drop_seed: 17869]
[top_rate: 0.2]
[other_rate: 0.1]
[min_data_per_group: 100]
[max_cat_threshold: 32]
[cat_l2: 10]
[cat_smooth: 10]
[max_cat_to_onehot: 4]
[top_k: 20]
[monotone_constraints: ]
[monotone_constraints_method: basic]
[monotone_penalty: 0]
[feature_contri: ]
[forcedsplits_filename: ]
[refit_decay_rate: 0.9]
[cegb_tradeoff: 1]
[cegb_penalty_split: 0]
[cegb_penalty_feature_lazy: ]
[cegb_penalty_feature_coupled: ]
[path_smooth: 0]
[interaction_constraints: ]
[verbosity: -1]
[saved_feature_importance_type: 0]
[use_quantized_grad: 0]
[num_grad_quant_bins: 4]
[quant_train_renew_leaf: 0]
[stochastic_rounding: 1]
[linear_tree: 0]
[max_bin: 255]
[max_bin_by_feature: ]
[min_data_in_bin: 3]
[bin_construct_sample_cnt: 200000]
[data_random_seed: 175]
[is_enable_sparse: 1]
[enable_bundle: 1]
[use_missing: 1]
[zero_as_missing: 0]
[feature_pre_filter: 1]
[pre_partition: 0]
[two_round: 0]
[header: 0]
[label_column: ]
[weight_column: ]
[group_column: ]
[ignore_column: ]
[categorical_feature: ]
[forcedbins_filename: ]
[precise_float_parser: 0]
[parser_config_file: ]
[objective_seed: 16083]
[num_class: 1]
[is_unbalance: 0]
[scale_pos_weight: 1]
[sigmoid: 1]
[boost_from_average: 1]
[reg_sqrt: 0]
[alpha: 0.9]
[fair_c: 1]
[poisson_max_delta_step: 0.7]
[tweedie_variance_power: 1.5]
[lambdarank_truncation_level: 30]
[lambdarank_norm: 1]
[label_gain: ]
[lambdarank_position_bias_regularization: 0]
[eval_at: ]
[multi_error_top_k: 1]
[auc_mu_weights: ]
[num_machines: 1]
[local_listen_port: 12400]
[time_out: 120]
[machine_list_filename: ]
[machines: ]
[gpu_platform_id: -1]
[gpu_device_id: -1]
[gpu_device_id_list: ]
[gpu_use_dp: 0]
[num_gpu: 1]

end of parameters

pandas_categorical:[]
